QMW84588.1	iML1515.b1856	39.7	121	72	1	62	181	288	408	2.12e-19	84.3
QMW84588.1	iAF987.Gmet_3012	41.3	104	60	1	69	171	31	134	8.37e-18	77.0
QMW84602.1	iCN900.CD630_07170	44.9	49	27	0	13	61	8	56	2.19e-05	44.3
QMW84608.1	iYO844.BSU03860	34.6	185	117	3	1	182	4	187	1.16e-27	105
QMW84608.1	iYO844.BSU38110	32.1	184	123	1	2	183	5	188	3.34e-26	102
QMW84609.1	iCN900.CD630_12610	31.4	640	349	12	22	652	100	658	1.36e-84	285
QMW84610.1	iSynCJ816.SGL_RS03010	27.1	384	238	13	236	602	7	365	3.07e-33	134
QMW84610.1	iAF987.Gmet_2391	29.5	342	204	11	252	575	21	343	9.31e-32	130
QMW84612.1	iAF692.Mbar_A3140	25.0	360	228	13	1	321	7	363	6.95e-14	71.6
QMW84613.1	iYS854.USA300HOU_RS02640	39.3	112	67	1	8	118	5	116	5.42e-25	91.3
QMW84614.1	iLJ478.TM1185	48.1	160	75	2	6	165	15	166	3.27e-39	130
QMW84614.1	iPC815.YPO1441	47.9	142	61	2	6	141	11	145	9.66e-36	121
QMW84615.1	iEK1008.Rv3265c	25.6	219	148	3	16	220	12	229	5.52e-16	77.0
QMW84618.1	iAF987.Gmet_1469	28.3	561	323	11	54	549	54	600	5.96e-54	192
QMW84622.1	iAF692.Mbar_A1138	22.6	159	117	3	41	197	2	156	6.57e-08	53.9
QMW84622.1	iAF987.Gmet_2352	29.6	125	81	3	38	160	2	121	6.46e-07	50.8
QMW84623.1	STM_v1_0.STM4433	23.5	285	198	6	10	283	3	278	6.39e-15	74.7
QMW84629.1	iAF987.Gmet_2999	31.4	153	103	1	1	151	4	156	1.69e-16	77.0
QMW84629.1	iAF987.Gmet_1706	36.4	121	73	2	5	123	1	119	4.58e-16	75.5
QMW84630.1	iAF987.Gmet_0043	25.9	232	165	5	283	510	38	266	5.27e-16	80.5
QMW84631.1	iSynCJ816.SGL_RS10930	33.6	706	432	7	9	708	10	684	2.02e-123	383
QMW84631.1	iEK1008.Rv0684	32.2	712	446	6	7	708	11	695	1.86e-119	373
QMW84631.1	iSynCJ816.SGL_RS17200	31.8	718	444	7	10	715	9	692	1.52e-115	363
QMW84632.1	iHN637.CLJU_RS03910	33.0	376	239	7	3	373	13	380	2.10e-69	222
QMW84632.1	iAF987.Gmet_3535	37.2	382	225	7	3	373	6	383	3.35e-68	219
QMW84632.1	iYO844.BSU25500	32.5	378	248	6	1	373	1	376	8.66e-64	207
QMW84632.1	iEK1008.Rv2388c	31.9	376	243	3	3	373	7	374	7.79e-64	207
QMW84632.1	iCN900.CD630_24640	31.0	390	252	3	1	373	1	390	2.35e-63	207
QMW84632.1	iNF517.LLMG_RS07160	30.5	370	251	3	5	373	9	373	9.47e-63	205
QMW84635.1	iSDY_1059.SDY_1022	28.2	156	89	6	199	336	32	182	9.86e-05	45.8
QMW84635.1	iML1515.b0584	28.5	172	94	7	187	333	11	178	3.89e-04	43.9
QMW84637.1	iML1515.b3201	29.0	217	126	6	9	205	8	216	4.03e-21	87.8
QMW84637.1	iSbBS512_1146.SbBS512_E3569	29.0	217	126	6	9	205	8	216	4.03e-21	87.8
QMW84637.1	iSDY_1059.SDY_3382	29.0	217	126	6	9	205	8	216	4.03e-21	87.8
QMW84637.1	iSF_1195.SF3241	29.0	217	126	6	9	205	8	216	4.03e-21	87.8
QMW84637.1	iSSON_1240.SSON_3349	29.0	217	126	6	9	205	8	216	4.03e-21	87.8
QMW84637.1	iAF987.Gmet_1282	28.6	217	144	4	4	209	9	225	1.66e-20	86.3
QMW84637.1	iJN1463.PP_0953	28.5	239	146	7	5	225	4	235	4.11e-20	85.1
QMW84640.1	iML1515.b0874	36.5	167	103	3	30	196	133	296	9.83e-27	103
QMW84643.1	iCHOv1.100764540	24.9	201	134	6	5	192	6	202	1.72e-05	44.3
QMW84648.1	iPC815.YPO1390	33.9	419	236	9	10	397	11	419	1.81e-69	225
QMW84648.1	iSF_1195.SF0903	36.1	416	231	7	12	399	12	420	3.49e-69	224
QMW84648.1	iML1515.b0908	36.1	416	231	7	12	399	12	420	4.91e-69	224
QMW84648.1	iSbBS512_1146.SbBS512_E2420	36.1	416	231	7	12	399	12	420	4.91e-69	224
QMW84648.1	iSSON_1240.SSON_0909	36.1	416	231	7	12	399	12	420	4.91e-69	224
QMW84648.1	iSDY_1059.SDY_2353	35.8	416	232	7	12	399	12	420	2.50e-68	222
QMW84648.1	iYL1228.KPN_00936	34.8	419	232	8	12	399	12	420	5.80e-67	218
QMW84648.1	STM_v1_0.STM0978	34.6	416	237	7	12	399	12	420	3.44e-65	214
QMW84650.1	iEK1008.Rv1928c	26.9	193	131	5	2	186	12	202	2.47e-12	64.3
QMW84650.1	iNF517.LLMG_RS08950	28.4	190	128	4	2	186	6	192	2.98e-12	63.9
QMW84650.1	iSynCJ816.SGL_RS12965	23.4	244	174	5	2	234	6	247	3.52e-12	63.9
QMW84650.1	iSDY_1059.SDY_2057	28.4	190	126	4	2	186	6	190	4.13e-12	63.5
QMW84650.1	iML1515.b1093	28.4	190	126	4	2	186	6	190	1.99e-11	61.6
QMW84650.1	iAF987.Gmet_1694	26.7	191	129	6	4	187	8	194	2.01e-11	61.6
QMW84650.1	iSbBS512_1146.SbBS512_E2231	28.4	190	126	4	2	186	6	190	1.99e-11	61.6
QMW84650.1	iSF_1195.SF1097	28.4	190	126	4	2	186	6	190	1.99e-11	61.6
QMW84650.1	iSSON_1240.SSON_1113	28.4	190	126	4	2	186	6	190	1.99e-11	61.6
QMW84650.1	iSDY_1059.SDY_1586	26.1	180	128	3	4	180	3	180	9.81e-11	59.7
QMW84650.1	iSF_1195.SF1556	25.6	180	129	3	4	180	3	180	2.49e-10	58.5
QMW84650.1	iML1515.b1539	26.1	180	128	3	4	180	3	180	3.39e-10	58.2
QMW84650.1	iSSON_1240.SSON_1589	26.1	180	128	3	4	180	3	180	3.39e-10	58.2
QMW84652.1	iLJ478.TM0306	24.6	232	148	8	38	251	66	288	1.18e-11	66.2
QMW84664.1	iAF692.Mbar_A0996	46.9	260	138	0	2	261	3	262	5.62e-77	234
QMW84687.1	iIT341.HP0824	46.1	102	54	1	3	104	5	105	3.34e-33	110
QMW84687.1	iPC815.YPO3868	52.9	87	41	0	7	93	11	97	2.04e-32	108
QMW84687.1	iML1515.b3781	46.7	92	48	1	3	93	6	97	1.21e-31	107
QMW84687.1	STM_v1_0.STM3915	46.7	92	48	1	3	93	6	97	1.21e-31	107
QMW84687.1	iSbBS512_1146.SbBS512_E4140	46.7	92	48	1	3	93	6	97	1.21e-31	107
QMW84687.1	iSDY_1059.SDY_3968	46.7	92	48	1	3	93	24	115	2.02e-31	107
QMW84687.1	iSF_1195.SF3854	46.7	92	48	1	3	93	24	115	2.02e-31	107
QMW84687.1	iSSON_1240.SSON_3952	46.7	92	48	1	3	93	24	115	2.02e-31	107
QMW84687.1	iYL1228.KPN_04282	46.7	92	48	1	3	93	6	97	4.90e-31	105
QMW84687.1	iYS854.USA300HOU_RS05725	50.6	87	42	1	3	89	4	89	6.97e-30	102
QMW84687.1	iJN1463.PP_5215	41.1	90	52	1	5	93	9	98	1.62e-29	101
QMW84689.1	iAF987.Gmet_1263	40.4	188	109	3	41	227	32	217	5.78e-38	131
QMW84689.1	iEK1008.Rv0437c	43.6	172	93	3	60	228	61	231	2.78e-35	124
QMW84690.1	iYO844.BSU02270	36.2	174	94	4	7	180	2	158	5.14e-21	86.3
QMW84690.1	iAF987.Gmet_1264	32.8	204	124	4	9	210	19	211	2.61e-20	86.3
QMW84690.1	iIT341.HP1071	29.0	238	145	6	10	235	10	235	1.80e-19	83.6
QMW84690.1	iHN637.CLJU_RS01425	33.9	177	99	5	6	179	3	164	6.41e-20	83.2
QMW84692.1	iCN900.CD630_00150	43.0	149	80	2	4	147	1	149	6.07e-37	123
QMW84692.1	iYO844.BSU00180	47.0	151	74	2	2	147	1	150	9.26e-36	120
QMW84692.1	iAF987.Gmet_3524	45.6	147	75	1	5	146	11	157	6.98e-35	119
QMW84692.1	iNF517.LLMG_RS09230	45.5	145	74	1	8	147	10	154	3.30e-32	111
QMW84698.1	iML1515.b1985	24.4	340	235	9	11	335	40	372	6.30e-07	51.2
QMW84699.1	iAF987.Gmet_1252	59.3	231	94	0	4	234	6	236	3.24e-94	275
QMW84707.1	iPC815.YPO0365	33.4	314	190	6	2	307	40	342	3.89e-54	179
QMW84707.1	iYL1228.KPN_04558	33.0	306	186	5	2	299	41	335	3.85e-51	172
QMW84707.1	STM_v1_0.STM4349	32.1	312	196	5	2	307	49	350	6.12e-51	171
QMW84707.1	iML1515.b4161	32.4	312	195	5	2	307	41	342	2.76e-50	169
QMW84707.1	iSbBS512_1146.SbBS512_E4693	32.1	312	196	5	2	307	41	342	3.89e-50	169
QMW84707.1	iSSON_1240.SSON_4346	32.1	312	196	5	2	307	28	329	2.82e-50	169
QMW84707.1	iSF_1195.SF4320	32.1	312	196	5	2	307	52	353	1.00e-49	168
QMW84707.1	iSDY_1059.SDY_4431	31.7	312	197	5	2	307	28	329	7.83e-50	168
QMW84707.1	iJN1463.PP_4903	31.8	308	195	4	3	306	47	343	1.38e-48	165
QMW84708.1	iJN1463.PP_3425	26.7	333	207	11	54	355	41	367	2.84e-18	85.1
QMW84708.1	iSF_1195.SF0408	23.4	359	228	9	40	359	28	378	1.16e-17	83.2
QMW84708.1	iSDY_1059.SDY_0456	23.7	359	227	9	40	359	28	378	2.12e-17	82.4
QMW84708.1	iML1515.b0463	23.4	359	228	9	40	359	28	378	5.19e-17	81.3
QMW84708.1	iSSON_1240.SSON_0450	23.1	359	229	9	40	359	28	378	1.27e-16	80.1
QMW84708.1	iJN1463.PP_1386	23.4	334	220	6	52	358	37	361	5.25e-16	78.2
QMW84708.1	STM_v1_0.STM3390	23.9	309	192	8	83	354	70	372	1.29e-15	77.0
QMW84709.1	iJN1463.PP_3426	31.8	1040	660	13	1	997	1	1034	3.12e-154	484
QMW84709.1	iSSON_1240.SSON_2550	31.3	1035	657	19	4	997	2	1023	3.00e-144	457
QMW84709.1	iML1515.b2470	31.2	1035	658	19	4	997	2	1023	8.19e-144	456
QMW84709.1	iSF_1195.SF2512	31.2	1035	658	19	4	997	2	1023	1.60e-143	455
QMW84709.1	iSDY_1059.SDY_2654	31.3	1035	657	19	4	997	2	1023	6.37e-142	451
QMW84713.1	iML1515.b4122	77.4	544	122	1	1	543	1	544	3.02e-319	870
QMW84713.1	STM_v1_0.STM4300	77.0	548	122	1	1	544	1	548	7.45e-318	867
QMW84713.1	iSbBS512_1146.SbBS512_E1798	76.1	548	127	1	1	544	1	548	4.10e-315	860
QMW84713.1	iSSON_1240.SSON_1548	76.1	548	127	1	1	544	1	548	4.10e-315	860
QMW84713.1	iML1515.b1612	76.1	548	127	1	1	544	1	548	5.82e-315	860
QMW84713.1	iSDY_1059.SDY_1828	75.9	548	128	1	1	544	1	548	3.36e-314	858
QMW84713.1	iSF_1195.SF1635	75.9	548	128	1	1	544	1	548	3.36e-314	858
QMW84713.1	STM_v1_0.STM1468	76.4	539	127	0	1	539	1	539	5.21e-312	853
QMW84713.1	iPC815.YPO3335	76.6	539	126	0	1	539	1	539	2.52e-311	850
QMW84713.1	iYL1228.KPN_01516	74.1	545	140	1	1	544	1	545	3.54e-309	845
QMW84715.1	iML1515.b4173	44.1	331	162	6	12	338	9	320	2.42e-72	233
QMW84715.1	iJN1463.PP_4893	42.0	336	174	5	12	344	10	327	1.59e-67	220
QMW84727.1	iPC815.YPO2295	30.9	233	147	6	1	230	1	222	1.49e-29	109
QMW84729.1	iHN637.CLJU_RS15715	23.6	140	86	3	1	123	1	136	1.67e-06	47.0
QMW84729.1	iHN637.CLJU_RS15700	29.1	127	80	4	1	125	1	119	1.54e-05	44.3
QMW84729.1	iAF987.Gmet_0485	30.2	129	81	4	1	125	1	124	4.81e-05	43.5
QMW84729.1	iJN1463.PP_3999	24.0	129	92	2	2	125	216	343	4.20e-05	43.5
QMW84731.1	iYS854.USA300HOU_RS11440	44.6	195	101	2	11	198	3	197	5.71e-54	170
QMW84731.1	iYO844.BSU37060	50.6	180	82	2	13	185	5	184	1.16e-52	167
QMW84732.1	iSynCJ816.SGL_RS13900	29.5	183	110	6	158	339	187	351	4.24e-12	66.6
QMW84766.1	iAF692.Mbar_A2943	25.7	249	128	11	26	263	391	593	4.66e-05	45.4
QMW84797.1	iYS854.USA300HOU_RS09920	25.6	207	112	8	39	219	69	259	4.06e-11	61.2
QMW84797.1	iJN1463.PP_4900	29.8	208	110	8	31	214	62	257	1.74e-10	59.3
QMW84814.1	iML1515.b0584	37.7	130	71	4	130	257	51	172	3.82e-07	53.9
QMW84814.1	iSDY_1059.SDY_0512	36.9	130	72	4	130	257	51	172	1.14e-06	52.4
QMW84814.1	iSF_1195.SF0496	36.9	130	72	4	130	257	51	172	1.14e-06	52.4
QMW84814.1	iSSON_1240.SSON_0534	36.9	130	72	4	130	257	51	172	1.14e-06	52.4
QMW84814.1	iSbBS512_1146.SbBS512_E0485	36.2	130	73	4	130	257	51	172	3.38e-06	50.8
QMW84814.1	STM_v1_0.STM0585	37.0	135	56	7	135	258	61	177	5.85e-06	50.1
QMW84814.1	iYL1228.KPN_00602	39.8	123	63	5	135	255	62	175	7.65e-06	49.7
QMW84817.1	iYS854.USA300HOU_RS13930	21.1	375	242	12	19	372	21	362	1.17e-05	47.0
QMW84821.1	iCN900.CD630_33570	65.6	192	66	0	1	192	1	192	6.11e-87	253
QMW84828.1	iML1515.b1985	28.6	220	140	6	49	257	70	283	2.73e-11	65.1
QMW84831.1	iHN637.CLJU_RS20765	33.8	201	128	3	5	203	6	203	3.83e-27	104
QMW84831.1	iSynCJ816.SGL_RS12965	35.3	190	120	3	8	195	8	196	5.23e-25	99.0
QMW84831.1	iYL1228.KPN_01091	31.6	190	123	2	7	195	7	190	2.89e-24	96.7
QMW84831.1	iSDY_1059.SDY_2057	32.1	190	122	2	7	195	7	190	2.89e-24	96.7
QMW84831.1	iML1515.b1093	32.1	190	122	2	7	195	7	190	5.63e-24	95.9
QMW84831.1	iSbBS512_1146.SbBS512_E2231	32.1	190	122	2	7	195	7	190	5.63e-24	95.9
QMW84831.1	iSF_1195.SF1097	32.1	190	122	2	7	195	7	190	5.63e-24	95.9
QMW84831.1	iSSON_1240.SSON_1113	32.1	190	122	2	7	195	7	190	5.63e-24	95.9
QMW84831.1	STM_v1_0.STM1195	32.1	190	122	2	7	195	7	190	7.86e-24	95.5
QMW84833.1	iCN900.CD630_01920	41.8	483	258	5	13	473	14	495	3.31e-123	368
QMW84835.1	iYL1228.KPN_00440	49.3	75	38	0	93	167	108	182	8.42e-15	69.3
QMW84835.1	iYO844.BSU40850	56.6	53	23	0	115	167	131	183	1.08e-12	63.5
QMW84838.1	iNF517.LLMG_RS00495	63.5	425	151	4	5	428	5	426	1.68e-188	530
QMW84838.1	iHN637.CLJU_RS03265	62.4	426	158	2	2	427	3	426	3.31e-186	524
QMW84840.1	iML1515.b2924	36.2	246	157	0	55	300	31	276	2.38e-50	167
QMW84842.1	iAF987.Gmet_0043	23.8	365	226	7	892	1250	90	408	1.91e-17	87.4
QMW84847.1	iYL1228.KPN_00755	22.0	205	135	1	2	181	21	225	6.20e-18	78.2
QMW84847.1	iPC815.YPO1128	25.5	208	128	7	2	183	21	227	1.24e-17	77.4
QMW84847.1	iSbBS512_1146.SbBS512_E0673	21.5	205	136	1	2	181	16	220	5.84e-16	72.8
QMW84847.1	iML1515.b0751	21.5	205	136	1	2	181	21	225	8.72e-16	72.4
QMW84847.1	iSF_1195.SF0553	21.5	205	136	1	2	181	21	225	8.72e-16	72.4
QMW84847.1	iSSON_1240.SSON_0703	21.5	205	136	1	2	181	21	225	8.72e-16	72.4
QMW84847.1	STM_v1_0.STM0757	22.2	207	132	4	2	181	21	225	2.33e-15	71.2
QMW84848.1	iCN900.CD630_25740	30.3	175	113	4	12	177	5	179	1.76e-15	71.6
QMW84853.1	iSDY_1059.SDY_0004	44.4	432	234	4	1	432	1	426	3.28e-117	348
QMW84853.1	iSbBS512_1146.SbBS512_E0004	44.4	432	234	4	1	432	1	426	4.65e-117	348
QMW84853.1	iML1515.b0004	44.4	432	234	4	1	432	1	426	6.57e-117	348
QMW84853.1	STM_v1_0.STM0004	45.7	435	224	6	1	432	1	426	6.57e-117	348
QMW84853.1	iSSON_1240.SSON_0004	44.4	432	234	4	1	432	1	426	1.32e-116	347
QMW84853.1	iSF_1195.SF0004	45.8	408	215	4	1	408	1	402	2.11e-115	344
QMW84853.1	iYL1228.KPN_00004	47.2	409	204	6	1	406	1	400	3.97e-115	343
QMW84853.1	iPC815.YPO0461	43.4	433	239	4	1	433	1	427	8.74e-115	342
QMW84854.1	iAF987.Gmet_1428	50.5	388	178	6	1	383	1	379	4.84e-116	343
QMW84855.1	iPC815.YPO0459	36.9	815	500	11	1	806	1	810	1.38e-163	494
QMW84855.1	iSF_1195.SF0002	35.7	816	510	10	1	806	1	811	5.49e-156	475
QMW84855.1	iML1515.b0002	35.5	816	511	10	1	806	1	811	1.09e-155	474
QMW84855.1	STM_v1_0.STM0002	35.7	816	510	10	1	806	1	811	1.09e-155	474
QMW84855.1	iSSON_1240.SSON_0002	35.7	816	510	10	1	806	1	811	1.09e-155	474
QMW84855.1	iSbBS512_1146.SbBS512_E0002	35.7	816	510	10	1	806	1	811	1.53e-155	474
QMW84855.1	iSDY_1059.SDY_0002	35.4	816	512	10	1	806	1	811	2.16e-155	473
QMW84855.1	iYL1228.KPN_00002	35.6	817	509	11	1	806	1	811	1.31e-153	469
QMW84857.1	iPC815.YPO2161	46.1	343	168	5	7	344	5	335	9.10e-93	280
QMW84857.1	iYL1228.KPN_01203	44.6	343	173	5	7	344	5	335	8.88e-88	267
QMW84857.1	iSbBS512_1146.SbBS512_E2022	44.3	343	174	5	7	344	5	335	6.90e-87	265
QMW84857.1	iSDY_1059.SDY_1506	44.0	343	175	5	7	344	5	335	9.76e-87	264
QMW84857.1	iML1515.b1767	44.0	343	175	5	7	344	5	335	2.76e-86	263
QMW84857.1	iSSON_1240.SSON_1388	44.0	343	175	5	7	344	5	335	2.76e-86	263
QMW84857.1	STM_v1_0.STM1294	44.0	343	175	5	7	344	5	335	3.91e-86	263
QMW84857.1	iSF_1195.SF1456	43.7	343	176	5	7	344	5	335	7.82e-86	262
QMW84860.1	iML1515.b0116	55.6	36	16	0	78	113	2	37	6.94e-04	42.0
QMW84860.1	iYL1228.KPN_00120	55.6	36	16	0	78	113	2	37	6.94e-04	42.0
QMW84860.1	STM_v1_0.STM0154	55.6	36	16	0	78	113	2	37	6.94e-04	42.0
QMW84860.1	iSbBS512_1146.SbBS512_E0109	55.6	36	16	0	78	113	2	37	6.94e-04	42.0
QMW84860.1	iSDY_1059.SDY_0146	55.6	36	16	0	78	113	2	37	6.94e-04	42.0
QMW84860.1	iSF_1195.SF0113	55.6	36	16	0	78	113	2	37	6.94e-04	42.0
QMW84860.1	iSSON_1240.SSON_0124	55.6	36	16	0	78	113	2	37	6.94e-04	42.0
QMW84860.1	iPC815.YPO3417	55.6	36	16	0	78	113	3	38	9.17e-04	41.6
QMW84865.1	iHN637.CLJU_RS11970	59.7	305	123	0	1	305	1	305	4.77e-139	394
QMW84865.1	iLJ478.TM0881	56.9	304	130	1	1	304	1	303	4.94e-129	369
QMW84866.1	iAF987.Gmet_1033	58.8	34	13	1	1	33	1	34	2.05e-08	44.7
QMW84867.1	iCN718.ABAYE_RS05270	51.3	390	185	3	4	392	5	390	5.81e-128	374
QMW84867.1	iYO844.BSU22370	47.7	394	199	5	4	395	3	391	2.46e-117	346
QMW84868.1	iAF987.Gmet_1626	58.0	393	165	0	8	400	5	397	2.06e-162	461
QMW84868.1	iHN637.CLJU_RS10830	55.6	396	174	2	5	400	4	397	2.37e-149	428
QMW84868.1	iEK1008.Rv1415	55.1	403	174	4	5	400	3	405	1.43e-146	422
QMW84868.1	iYO844.BSU23260	53.9	395	180	2	9	402	5	398	9.32e-146	419
QMW84869.1	iAF987.Gmet_1249	18.0	427	252	6	28	452	26	356	1.42e-09	60.1
QMW84871.1	iYO844.BSU06360	48.2	508	186	7	4	435	7	513	1.30e-156	452
QMW84871.1	iYS854.USA300HOU_RS02070	46.4	509	197	5	2	435	6	513	2.11e-155	449
QMW84871.1	iNF517.LLMG_RS05125	44.1	508	207	3	4	435	7	513	2.92e-150	436
QMW84871.1	iHN637.CLJU_RS18300	42.7	511	216	3	1	435	1	510	2.48e-140	410
QMW84872.1	iAF987.Gmet_0043	28.2	227	154	4	258	477	41	265	1.07e-17	85.5
QMW84873.1	iSynCJ816.SGL_RS08885	42.4	323	180	4	21	343	20	336	7.53e-80	249
QMW84875.1	iEK1008.Rv1031	40.5	185	110	0	2	186	3	187	2.97e-38	129
QMW84875.1	iCN900.CD630_15930	37.2	199	109	2	1	183	1	199	1.59e-36	125
QMW84875.1	iAF987.Gmet_2435	38.8	188	98	4	7	186	7	185	7.54e-36	123
QMW84876.1	iCN900.CD630_15920	61.1	660	252	3	18	673	17	675	1.89e-272	763
QMW84876.1	iHN637.CLJU_RS19475	60.6	665	255	3	12	673	17	677	4.08e-272	762
QMW84876.1	iEK1008.Rv1030	60.3	677	258	5	8	673	27	703	7.24e-256	722
QMW84876.1	iSSON_1240.SSON_0648	57.9	673	277	3	5	672	4	675	1.62e-255	720
QMW84876.1	iML1515.b0697	58.2	673	275	3	5	672	4	675	3.25e-255	719
QMW84876.1	iSynCJ816.SGL_RS08870	59.7	657	259	5	18	671	32	685	4.94e-254	716
QMW84876.1	iYL1228.KPN_00716	58.4	676	275	3	5	675	4	678	5.30e-254	716
QMW84876.1	STM_v1_0.STM0705	57.5	676	281	3	5	675	4	678	2.46e-252	712
QMW84876.1	iPC815.YPO2691	58.3	679	271	4	5	672	4	681	2.46e-251	709
QMW84877.1	iCN900.CD630_15910	49.1	562	276	4	8	568	10	562	2.44e-176	509
QMW84881.1	iCHOv1.100765901	29.8	319	201	10	6	311	490	798	3.56e-35	137
QMW84881.1	iAT_PLT_636.3101	31.8	283	169	9	6	275	490	761	9.67e-34	133
QMW84881.1	iCHOv1.100772205	34.0	288	161	11	7	275	478	755	3.50e-32	128
QMW84881.1	iMM1415.212032	29.5	315	199	10	6	307	443	747	6.22e-32	127
QMW84881.1	iMM1415.216019	33.7	288	163	11	5	275	476	752	8.58e-32	127
QMW84881.1	iMM1415.15277	33.7	288	162	11	7	275	478	755	2.11e-31	126
QMW84881.1	iCHOv1.100765703	33.6	289	164	11	5	275	444	722	2.78e-31	125
QMW84881.1	iMM904.YFR053C	31.9	301	179	9	4	286	32	324	8.65e-32	125
QMW84881.1	iMM1415.15275	32.8	290	164	11	6	275	533	811	9.65e-31	124
QMW84882.1	iLJ478.TM1624	25.6	700	414	28	63	698	22	678	4.22e-34	140
QMW84883.1	iAF987.Gmet_1919	33.1	136	87	1	4	135	5	140	1.42e-15	77.4
QMW84883.1	iAF987.Gmet_1914	32.4	102	69	0	1	102	1	102	3.36e-13	70.9
QMW84884.1	iNF517.LLMG_RS08890	45.8	550	290	5	2	550	4	546	2.55e-163	485
QMW84889.1	iML1515.b2430	29.8	426	220	14	579	978	30	402	6.20e-39	150
QMW84890.1	iCHOv1.100759374	32.3	291	175	6	26	295	10	299	2.53e-42	152
QMW84890.1	iMM1415.23959	31.5	295	180	6	22	295	6	299	1.57e-39	145
QMW84890.1	iAT_PLT_636.4907	31.7	271	163	5	46	295	28	297	2.93e-39	144
QMW84891.1	iLJ478.TM1878	29.7	195	116	6	69	252	305	489	3.73e-15	74.7
QMW84891.1	iCN900.CD630_25370	27.4	223	133	7	65	271	298	507	2.45e-14	72.4
QMW84892.1	iSF_1195.SF0957	31.9	138	69	6	213	346	189	305	2.54e-07	51.6
QMW84892.1	iPC815.YPO1435	29.9	137	80	6	210	344	186	308	6.08e-07	50.4
QMW84892.1	iML1515.b0957	35.2	88	54	3	261	346	217	303	5.87e-06	47.4
QMW84892.1	iSbBS512_1146.SbBS512_E2359	35.2	88	54	3	261	346	217	303	5.87e-06	47.4
QMW84892.1	iSDY_1059.SDY_0930	35.2	88	54	3	261	346	221	307	5.93e-06	47.4
QMW84892.1	iSSON_1240.SSON_0961	35.2	88	54	3	261	346	217	303	5.87e-06	47.4
QMW84905.1	iEK1008.Rv3302c	40.5	74	36	2	188	261	33	98	2.51e-05	47.0
QMW84905.1	iJN1463.PP_2151	53.8	39	18	0	190	228	5	43	1.55e-04	44.3
QMW84906.1	iMM1415.15212	30.7	407	258	11	92	493	122	509	4.13e-50	182
QMW84906.1	iCHOv1.100756951	29.6	388	249	11	96	478	121	489	9.79e-47	172
QMW84906.1	iCHOv1.100750552	26.5	422	281	10	92	504	110	511	8.14e-45	167
QMW84906.1	iCHOv1.100756663	29.9	388	248	11	96	478	121	489	8.01e-45	167
QMW84931.1	iSF_1195.SF0957	31.6	136	72	7	215	348	189	305	1.03e-04	43.5
QMW84931.1	iPC815.YPO1435	24.5	286	159	13	70	346	71	308	1.83e-04	42.7
QMW84931.1	iML1515.b0957	33.0	88	56	3	263	348	217	303	7.45e-04	40.8
QMW84931.1	iSbBS512_1146.SbBS512_E2359	33.0	88	56	3	263	348	217	303	7.45e-04	40.8
QMW84931.1	iSDY_1059.SDY_0930	33.0	88	56	3	263	348	221	307	7.50e-04	40.8
QMW84931.1	iSSON_1240.SSON_0961	33.0	88	56	3	263	348	217	303	7.45e-04	40.8
QMW84939.1	iNF517.LLMG_RS11535	32.9	322	211	4	5	322	1	321	1.46e-51	172
QMW84939.1	iHN637.CLJU_RS10220	33.3	321	197	7	5	318	1	311	7.24e-51	171
QMW84939.1	iLJ478.TM1469	33.0	321	202	8	5	320	1	313	1.48e-49	167
QMW84939.1	iAF987.Gmet_1639	33.3	321	205	7	1	318	1	315	1.13e-46	160
QMW84939.1	iYO844.BSU24850	33.0	318	202	7	5	318	1	311	8.08e-46	157
QMW84940.1	iJN1463.PP_4210	45.2	219	118	1	1	217	5	223	2.18e-53	181
QMW84940.1	iCN900.CD630_19470	46.3	218	115	2	2	217	10	227	8.98e-57	180
QMW84940.1	iYS854.USA300HOU_RS09925	44.8	221	111	6	1	217	3	216	2.53e-51	166
QMW84940.1	iYO844.BSU30420	44.0	200	111	1	19	217	24	223	2.93e-50	163
QMW84941.1	iJN1463.PP_4210	25.5	439	260	17	1	419	263	654	3.13e-17	83.6
QMW84942.1	iJN1463.PP_4210	25.9	405	264	9	18	413	277	654	2.94e-34	134
QMW84943.1	iJN1463.PP_0044	22.8	290	204	7	65	354	122	391	4.11e-13	69.7
QMW84943.1	iAF987.Gmet_3508	25.6	313	201	12	51	352	102	393	1.81e-11	64.7
QMW84945.1	iCN900.CD630_21660	43.9	321	175	2	23	341	1	318	4.68e-90	272
QMW84947.1	iAF987.Gmet_3403	43.7	151	83	1	429	579	53	201	6.60e-34	131
QMW84956.1	iAM_Pc455.PCYB_113900	28.7	300	204	9	8	302	3	297	1.68e-22	95.5
QMW84956.1	iAF692.Mbar_A1748	28.4	261	172	10	8	263	3	253	1.97e-21	92.4
QMW84956.1	iSynCJ816.SGL_RS14885	30.8	263	163	10	8	263	15	265	5.82e-20	88.6
QMW84956.1	iAM_Pv461.PVX_114050	26.9	301	208	10	8	302	3	297	6.94e-20	88.2
QMW84958.1	iCN900.CD630_03130	48.5	592	294	7	57	646	210	792	1.60e-178	526
QMW84958.1	iSynCJ816.SGL_RS16100	50.1	587	280	5	66	649	145	721	7.41e-178	522
QMW84958.1	iYO844.BSU33490	44.9	642	338	6	13	650	70	699	5.21e-176	517
QMW84963.1	iLB1027_lipid.PHATRDRAFT_44955	37.5	666	349	13	2	605	74	734	1.36e-124	385
QMW84963.1	iAM_Pb448.PBANKA_050700	35.5	699	356	9	6	609	117	815	3.75e-118	370
QMW84963.1	iAM_Pf480.PF3D7_1022800	34.3	705	362	9	6	609	116	820	3.98e-114	359
QMW84964.1	iLJ478.TM0446	52.5	162	77	0	3	164	2	163	1.33e-48	154
QMW84964.1	iMM904.YOR128C	62.9	132	49	0	3	134	403	534	3.78e-44	152
QMW84964.1	iYO844.BSU06420	51.6	161	76	1	1	159	1	161	4.36e-45	145
QMW84964.1	iSynCJ816.SGL_RS16805	50.9	163	80	0	2	164	5	167	6.63e-45	145
QMW84964.1	iAF987.Gmet_2903	54.7	148	65	1	3	148	4	151	8.74e-44	142
QMW84965.1	iYS854.USA300HOU_RS04375	48.4	124	64	0	1	124	1	124	2.92e-46	145
QMW84965.1	iML1515.b2904	53.2	124	57	1	2	124	3	126	6.11e-44	139
QMW84965.1	iSbBS512_1146.SbBS512_E3325	53.2	124	57	1	2	124	3	126	6.11e-44	139
QMW84965.1	iSF_1195.SF2890	53.2	124	57	1	2	124	3	126	6.11e-44	139
QMW84965.1	iSSON_1240.SSON_3057	53.2	124	57	1	2	124	3	126	6.11e-44	139
QMW84965.1	STM_v1_0.STM3054	53.2	124	57	1	2	124	3	126	1.23e-43	139
QMW84965.1	iSDY_1059.SDY_3177	52.4	124	58	1	2	124	3	126	2.48e-43	138
QMW84965.1	iYL1228.KPN_03340	52.4	124	58	1	2	124	3	126	7.08e-43	137
QMW84965.1	iEK1008.Rv1826	52.0	127	54	3	2	121	3	129	2.72e-41	133
QMW84965.1	iPC815.YPO0906	51.6	124	59	1	2	124	3	126	2.27e-41	133
QMW84968.1	iYS854.USA300HOU_RS08170	24.1	286	141	9	162	440	124	340	1.28e-11	65.5
QMW84973.1	iHN637.CLJU_RS01390	46.7	538	277	3	21	555	39	569	1.19e-159	467
QMW84973.1	iCN900.CD630_05570	47.3	516	266	3	39	553	41	551	3.22e-158	462
QMW84973.1	iLJ478.TM0751	46.2	546	281	6	18	557	17	555	1.04e-156	459
QMW84974.1	iCN900.CD630_17290	30.9	566	347	13	9	562	5	538	6.77e-71	236
QMW84974.1	iCN900.CD630_32860	30.6	553	352	11	9	554	5	532	2.35e-64	219
QMW84974.1	iAF987.Gmet_1829	28.7	550	369	9	9	554	7	537	9.16e-63	215
QMW84983.1	iAF987.Gmet_3171	70.0	50	15	0	1	50	1	50	7.00e-26	88.6
QMW84984.1	iAF987.Gmet_0043	24.2	252	172	5	146	383	20	266	8.76e-11	63.2
QMW84984.1	iAF987.Gmet_1991	24.0	200	149	2	163	360	192	390	5.19e-09	57.8
QMW84985.1	iCN900.CD630_16370	35.1	910	535	19	13	892	28	911	6.35e-155	478
QMW84985.1	iCN900.CD630_28330	33.8	915	549	18	12	893	21	911	8.60e-148	459
QMW84985.1	iAT_PLT_636.493	33.9	985	516	25	23	887	77	1046	9.39e-141	448
QMW84985.1	iCHOv1.100764868	33.7	970	518	25	27	887	81	1034	3.82e-138	441
QMW84985.1	iCHOv1.100753233	34.2	1015	511	27	13	893	88	1079	7.84e-134	431
QMW84985.1	iMM1415.320707	34.2	1007	522	26	13	893	70	1061	9.35e-134	431
QMW84986.1	iCHOv1.100757328	36.2	58	37	0	134	191	143	200	4.99e-04	40.0
QMW84987.1	iAF987.Gmet_1388	39.9	301	167	5	4	301	7	296	1.55e-59	193
QMW84987.1	iSynCJ816.SGL_RS07670	36.9	317	185	7	1	313	1	306	2.94e-57	187
QMW84987.1	iYL1228.KPN_00020	36.9	295	175	4	12	305	14	298	1.18e-52	175
QMW84989.1	iCN900.CD630_16150	32.4	111	71	1	108	214	525	635	6.01e-12	65.1
QMW84992.1	iJN1463.PP_1528	36.4	129	81	1	1	128	1	129	1.12e-21	84.0
QMW84992.1	iML1515.b1679	35.4	130	82	2	7	134	7	136	9.34e-21	81.6
QMW84992.1	iSbBS512_1146.SbBS512_E1880	34.6	130	83	2	7	134	7	136	2.63e-20	80.5
QMW84992.1	iSDY_1059.SDY_1910	34.6	130	83	2	7	134	7	136	7.40e-20	79.3
QMW84992.1	iSSON_1240.SSON_1477	34.6	130	83	2	7	134	7	136	7.40e-20	79.3
QMW84992.1	iSF_1195.SF1708	35.4	130	82	2	7	134	7	136	1.04e-19	79.0
QMW84994.1	iSynCJ816.SGL_RS10890	35.9	290	179	6	2	289	7	291	2.82e-40	142
QMW84994.1	iJN1463.PP_4799	34.7	245	148	3	52	289	57	296	8.92e-36	130
QMW84995.1	iLJ478.TM0024	31.9	251	147	14	32	263	212	457	2.75e-25	104
QMW84996.1	iCN900.CD630_24250	36.1	280	171	3	23	299	20	294	1.84e-52	174
QMW84996.1	iCN900.CD630_01120	33.9	286	181	3	21	302	17	298	1.33e-49	166
QMW84996.1	iYO844.BSU24090	34.3	280	182	2	18	297	13	290	2.57e-49	166
QMW84996.1	iLJ478.TM1130	34.3	283	177	3	21	299	15	292	2.25e-49	166
QMW84997.1	iCN900.CD630_01130	51.8	353	167	3	2	352	6	357	1.37e-127	369
QMW84997.1	iYO844.BSU24070	49.4	354	176	3	2	353	9	361	4.46e-122	355
QMW84997.1	iLJ478.TM1756	48.1	349	175	5	2	346	3	349	1.07e-115	340
QMW85007.1	iHN637.CLJU_RS10465	42.0	81	45	2	625	705	474	552	7.27e-08	55.5
QMW85015.1	iSynCJ816.SGL_RS04385	49.8	414	207	1	30	443	36	448	1.17e-150	437
QMW85015.1	iNF517.LLMG_RS05970	46.0	435	230	3	15	447	17	448	2.75e-138	405
QMW85016.1	iSF_1195.SF0430	46.9	303	160	1	10	312	7	308	2.99e-91	274
QMW85016.1	iSSON_1240.SSON_0474	46.9	303	160	1	10	312	7	308	8.48e-91	273
QMW85016.1	iML1515.b0485	46.9	303	160	1	10	312	7	308	1.70e-90	272
QMW85016.1	iSbBS512_1146.SbBS512_E0420	46.5	303	161	1	10	312	7	308	2.41e-90	271
QMW85018.1	iNF517.LLMG_RS05965	29.5	461	316	5	6	462	2	457	5.32e-67	225
QMW85018.1	iML1515.b1492	29.7	441	295	6	30	463	33	465	7.35e-61	209
QMW85018.1	iSbBS512_1146.SbBS512_E1755	29.7	441	295	6	30	463	33	465	7.35e-61	209
QMW85018.1	iSF_1195.SF1735	29.7	441	295	6	30	463	33	465	7.35e-61	209
QMW85018.1	iSSON_1240.SSON_1632	29.7	441	295	6	30	463	33	465	7.35e-61	209
QMW85018.1	iSDY_1059.SDY_1614	29.3	441	297	6	30	463	33	465	2.78e-59	205
QMW85019.1	iAF987.Gmet_0043	27.3	264	175	7	159	407	5	266	6.71e-17	82.4
QMW85061.1	iAF987.Gmet_1914	30.1	113	79	0	1	113	1	113	8.97e-11	63.2
QMW85064.1	iAM_Pc455.PCYB_141260	30.9	94	55	4	217	308	5	90	4.41e-05	44.3
QMW85065.1	iLJ478.TM0055	42.6	617	331	8	88	694	63	666	4.89e-174	513
QMW85071.1	iAF987.Gmet_0043	20.5	410	285	9	809	1209	21	398	2.68e-12	70.9
QMW85104.1	iLJ478.TM1264	24.8	262	171	4	46	302	31	271	2.03e-19	85.9
QMW85104.1	iAF692.Mbar_A1778	25.0	284	194	4	18	301	35	299	1.05e-18	84.3
QMW85108.1	STM_v1_0.STM3159	31.8	85	58	0	174	258	133	217	5.16e-06	46.2
QMW85108.1	iYL1228.KPN_03426	31.8	85	58	0	174	258	128	212	6.71e-06	45.8
QMW85108.1	iPC815.YPO0682	30.6	85	59	0	174	258	242	326	9.84e-06	45.8
QMW85108.1	iML1515.b3006	31.8	85	58	0	174	258	133	217	9.33e-06	45.4
QMW85108.1	iSbBS512_1146.SbBS512_E3434	31.8	85	58	0	174	258	133	217	9.33e-06	45.4
QMW85108.1	iSDY_1059.SDY_3067	31.8	85	58	0	174	258	133	217	9.33e-06	45.4
QMW85108.1	iSF_1195.SF3051	31.8	85	58	0	174	258	133	217	9.33e-06	45.4
QMW85108.1	iSSON_1240.SSON_3149	31.8	85	58	0	174	258	133	217	9.33e-06	45.4
QMW85108.1	iJN1463.PP_5306	33.8	77	51	0	167	243	206	282	2.20e-05	44.7
QMW85118.1	iYL1228.KPN_02741	59.5	316	128	0	17	332	1	316	5.73e-127	365
QMW85118.1	iSF_1195.SF3047	55.1	323	141	2	12	330	8	330	1.50e-121	353
QMW85118.1	iSSON_1240.SSON_3145	55.1	323	141	2	12	330	8	330	1.50e-121	353
QMW85118.1	iML1515.b3001	54.8	323	142	2	12	330	8	330	4.28e-121	352
QMW85118.1	iSbBS512_1146.SbBS512_E3430	54.5	323	143	2	12	330	8	330	1.40e-119	348
QMW85119.1	iPC815.YPO1654	23.4	368	246	11	83	434	131	478	1.03e-11	68.9
QMW85120.1	iJN1463.PP_1280	36.5	502	273	15	23	495	1	485	2.41e-88	278
QMW85124.1	iAF987.Gmet_3509	28.0	1026	688	19	19	1017	21	1022	6.30e-116	382
QMW85125.1	iAF987.Gmet_1548	27.2	173	125	1	152	324	235	406	2.71e-18	85.1
QMW85125.1	iAF987.Gmet_3508	24.1	303	196	6	54	324	103	403	4.59e-17	81.3
QMW85125.1	iYL1228.KPN_04737	22.1	298	212	7	37	324	101	388	1.49e-16	79.7
QMW85125.1	iML1515.b0574	25.2	298	203	8	37	324	94	381	3.44e-16	78.6
QMW85125.1	iJN1463.PP_5386	28.3	191	133	3	138	325	196	385	1.45e-15	77.0
QMW85126.1	iAF987.Gmet_1549	20.5	414	301	9	41	448	32	423	2.87e-10	61.6
QMW85126.1	iJN1463.PP_0045	21.7	414	282	10	39	447	39	415	8.84e-10	60.1
QMW85127.1	iHN637.CLJU_RS10535	46.3	482	255	4	8	487	6	485	4.80e-138	407
QMW85127.1	iYO844.BSU39350	43.5	492	275	3	8	497	4	494	1.09e-125	375
QMW85128.1	iCN900.CD630_07190	35.8	187	120	0	2	188	3	189	1.27e-35	124
QMW85129.1	iYO844.BSU39370	43.4	412	226	4	3	413	6	411	9.48e-108	323
QMW85129.1	iHN637.CLJU_RS10540	43.9	412	217	5	12	417	9	412	7.58e-106	318
QMW85130.1	iLJ478.TM0843	56.1	296	129	1	5	300	2	296	1.64e-116	337
QMW85131.1	iHN637.CLJU_RS10545	75.3	661	163	0	1	661	11	671	0.0	1047
QMW85144.1	iSynCJ816.SGL_RS16015	41.8	244	141	1	9	251	29	272	9.24e-64	200
QMW85144.1	iSynCJ816.SGL_RS14930	42.4	255	140	3	4	256	31	280	4.42e-63	199
QMW85144.1	iSynCJ816.SGL_RS14865	43.4	251	136	2	2	251	5	250	1.97e-63	199
QMW85167.1	iEK1008.Rv0684	58.3	701	280	8	4	700	8	700	2.82e-278	780
QMW85167.1	iSynCJ816.SGL_RS10930	52.1	703	324	8	1	702	1	691	4.29e-250	707
QMW85179.1	iSynCJ816.SGL_RS10925	69.3	398	117	2	1	393	1	398	8.46e-202	561
QMW85184.1	iAM_Pb448.PBANKA_131810	31.9	634	370	15	4	580	125	753	1.58e-87	287
QMW85184.1	iAM_Pf480.PF3D7_1454400	32.0	653	362	15	8	593	135	772	3.31e-85	281
QMW85184.1	iAM_Pc455.PCYB_126090	30.5	649	374	13	1	580	1	641	1.19e-85	280
QMW85184.1	iAM_Pv461.PVX_117760	30.7	645	370	13	5	580	157	793	2.61e-83	277
QMW85185.1	STM_v1_0.STM0228	34.1	91	44	4	13	102	37	112	5.50e-04	38.9
QMW85188.1	iPC815.YPO0055	26.7	416	282	11	9	405	5	416	2.03e-35	134
QMW85188.1	iAF987.Gmet_2348	26.1	376	260	10	45	405	52	424	3.82e-32	125
QMW85188.1	iSF_1195.SF3672	24.7	417	291	10	8	405	4	416	1.18e-31	124
QMW85188.1	STM_v1_0.STM3724	25.1	418	288	11	8	405	4	416	5.77e-31	122
QMW85188.1	iSDY_1059.SDY_4063	24.9	418	289	11	8	405	4	416	5.77e-31	122
QMW85188.1	iML1515.b3633	24.5	417	292	10	8	405	4	416	1.09e-30	121
QMW85188.1	iSSON_1240.SSON_3774	24.5	417	292	10	8	405	4	416	1.09e-30	121
QMW85189.1	iCN900.CD630_00510	39.2	510	264	10	6	496	3	485	5.25e-115	348
QMW85189.1	iHN637.CLJU_RS06575	40.0	507	265	10	5	504	3	477	2.80e-114	345
QMW85189.1	iYO844.BSU00920	36.4	500	289	9	5	497	4	481	7.65e-109	332
QMW85189.1	iYS854.USA300HOU_RS02780	36.9	501	287	9	5	498	4	482	6.14e-105	322
QMW85191.1	iMM1415.11431	34.9	149	95	2	2	149	7	154	4.50e-24	91.3
QMW85191.1	iCHOv1.100773599	36.1	147	92	2	4	149	9	154	3.55e-23	89.0
QMW85196.1	iJN1463.PP_5338	56.5	460	199	1	10	468	12	471	1.09e-175	501
QMW85196.1	iIT341.HP0649	54.7	459	208	0	10	468	2	460	4.12e-173	494
QMW85196.1	iPC815.YPO0348	54.4	465	211	1	5	468	1	465	2.19e-170	488
QMW85196.1	iML1515.b4139	53.8	465	214	1	5	468	1	465	4.39e-170	487
QMW85196.1	iSbBS512_1146.SbBS512_E4668	53.8	465	214	1	5	468	1	465	4.39e-170	487
QMW85196.1	iSDY_1059.SDY_4444	53.8	465	214	1	5	468	16	480	7.32e-170	487
QMW85196.1	iSF_1195.SF4293	53.8	465	214	1	5	468	16	480	7.32e-170	487
QMW85196.1	iSSON_1240.SSON_4322	53.8	465	214	1	5	468	16	480	7.32e-170	487
QMW85196.1	STM_v1_0.STM4326	53.1	465	217	1	5	468	1	465	2.51e-169	485
QMW85196.1	iCN718.ABAYE_RS09850	54.4	461	209	1	9	468	8	468	1.01e-164	473
QMW85196.1	iYL1228.KPN_04529	52.6	460	217	1	10	468	6	465	2.02e-163	470
QMW85197.1	STM_v1_0.STM3599	49.3	428	217	0	4	431	5	432	1.14e-134	394
QMW85198.1	STM_v1_0.STM3106	66.0	329	110	1	24	352	22	348	3.51e-142	406
QMW85198.1	iSDY_1059.SDY_3115	64.4	329	115	1	24	352	22	348	2.33e-140	401
QMW85198.1	iSbBS512_1146.SbBS512_E3389	64.4	329	115	1	24	352	22	348	3.30e-140	401
QMW85198.1	iSF_1195.SF2954	64.4	329	115	1	24	352	22	348	3.30e-140	401
QMW85198.1	iSSON_1240.SSON_3239	64.4	329	115	1	24	352	22	348	3.30e-140	401
QMW85198.1	iML1515.b2957	64.1	329	116	1	24	352	22	348	1.89e-139	399
QMW85201.1	STM_v1_0.STM2050	40.0	175	104	1	6	180	3	176	1.46e-35	126
QMW85201.1	iCN718.ABAYE_RS03570	39.7	189	100	4	4	185	6	187	1.53e-35	122
QMW85201.1	iCHOv1.100751940	38.9	185	107	3	6	185	52	235	1.20e-32	116
QMW85209.1	iYS854.USA300HOU_RS06130	37.5	277	165	7	1	274	1	272	3.58e-42	165
QMW85211.1	iYS854.USA300HOU_RS06130	32.1	280	175	6	4	277	10	280	1.67e-35	139
QMW85212.1	iEK1008.Rv0018c	37.6	237	138	3	13	249	11	237	8.71e-37	142
QMW85212.1	iYS854.USA300HOU_RS06125	37.0	235	136	5	16	244	8	236	2.05e-35	132
QMW85214.1	iSynCJ816.SGL_RS08610	34.3	70	46	0	6	75	31	100	2.26e-06	49.3
QMW85221.1	iCN900.CD630_27790	34.9	361	227	6	4	360	1	357	2.63e-75	236
QMW85221.1	iAF987.Gmet_1104	38.6	352	206	7	7	352	2	349	2.63e-75	236
QMW85221.1	iHN637.CLJU_RS02725	38.8	345	190	9	9	348	4	332	7.80e-74	235
QMW85221.1	iHN637.CLJU_RS02610	38.7	346	189	10	9	348	4	332	4.46e-70	226
QMW85221.1	iML1515.b2049	36.4	360	209	10	1	348	1	352	1.95e-65	214
QMW85221.1	iSSON_1240.SSON_2102	36.4	360	209	10	1	348	1	352	1.95e-65	214
QMW85221.1	iSbBS512_1146.SbBS512_E1183	36.4	360	209	10	1	348	1	352	5.39e-65	213
QMW85222.1	iAF987.Gmet_2692	55.7	542	236	2	7	547	8	546	5.71e-220	619
QMW85222.1	iYO844.BSU18250	50.0	540	269	1	2	540	3	542	1.22e-203	578
QMW85227.1	iSynCJ816.SGL_RS17200	25.1	486	251	13	5	389	9	482	1.19e-28	120
QMW85227.1	iSynCJ816.SGL_RS10930	24.5	502	239	13	1	389	7	481	8.81e-28	118
QMW85227.1	iEK1008.Rv0684	23.7	502	248	13	1	389	10	489	4.93e-26	112
QMW85228.1	iAF987.Gmet_2731	34.1	167	107	3	8	174	9	172	1.90e-25	95.9
QMW85229.1	iAF987.Gmet_2731	36.0	114	71	2	11	123	10	122	4.94e-17	74.3
QMW85229.1	iAF987.Gmet_2732	37.7	130	79	2	7	135	12	140	3.23e-16	72.4
QMW85229.1	iYO844.BSU36130	32.0	169	110	4	8	171	6	174	1.53e-15	70.5
QMW85230.1	iPC815.YPO0138	70.1	532	156	3	5	535	10	539	1.24e-274	757
QMW85230.1	iSF_1195.SF3422	69.7	532	158	3	5	535	11	540	3.00e-273	753
QMW85230.1	iML1515.b3403	69.7	532	158	3	5	535	11	540	4.26e-273	753
QMW85230.1	iSbBS512_1146.SbBS512_E3782	69.7	532	158	3	5	535	11	540	4.26e-273	753
QMW85230.1	iSSON_1240.SSON_3534	69.7	532	158	3	5	535	11	540	4.26e-273	753
QMW85230.1	iSDY_1059.SDY_3673	69.7	532	158	3	5	535	11	540	2.46e-272	751
QMW85230.1	STM_v1_0.STM3500	69.2	532	160	4	5	535	10	538	7.57e-271	747
QMW85230.1	iYL1228.KPN_03773	68.9	531	162	3	5	534	11	539	4.44e-268	740
QMW85231.1	iNF517.LLMG_RS10940	35.4	189	112	6	32	216	29	211	4.89e-27	102
QMW85231.1	iJN1463.PP_0746	34.8	187	116	5	32	217	28	209	7.57e-26	99.4
QMW85231.1	iCN900.CD630_34790	35.1	188	112	7	32	216	29	209	7.58e-25	96.7
QMW85231.1	iHN637.CLJU_RS01135	35.1	188	112	7	32	216	29	209	2.23e-23	92.8
QMW85231.1	iYS854.USA300HOU_RS11405	33.5	188	115	7	32	216	29	209	2.23e-23	92.8
QMW85234.1	iML1515.b3241	22.2	324	184	7	20	338	5	265	6.60e-10	59.3
QMW85236.1	iAF987.Gmet_1294	66.7	462	148	3	17	476	19	476	9.75e-215	600
QMW85236.1	iCHOv1.100750969	63.1	466	132	4	13	476	5	432	1.10e-200	563
QMW85236.1	iAT_PLT_636.191	63.1	466	132	4	13	476	5	432	1.27e-199	560
QMW85236.1	iLB1027_lipid.PHATRDRAFT_18319	60.8	482	171	6	11	476	2	481	1.68e-197	556
QMW85236.1	iEK1008.Rv3248c	59.6	488	180	7	4	476	10	495	3.90e-197	556
QMW85238.1	iLB1027_lipid.PHATRDRAFT_51242	28.5	333	207	11	4	311	8	334	7.07e-24	99.8
QMW85241.1	iPC815.YPO0008	43.2	296	168	0	24	319	5	300	1.38e-72	226
QMW85241.1	iYL1228.KPN_04157	43.2	296	168	0	24	319	7	302	7.44e-70	219
QMW85241.1	iJN1463.PP_2458	41.2	296	173	1	24	318	4	299	1.86e-68	215
QMW85241.1	STM_v1_0.STM3885	42.0	295	171	0	25	319	7	301	2.57e-67	213
QMW85241.1	iSF_1195.SF3835	42.4	295	170	0	25	319	12	306	4.71e-66	209
QMW85241.1	iML1515.b3752	42.4	295	170	0	25	319	7	301	5.75e-66	209
QMW85241.1	iSbBS512_1146.SbBS512_E4167	42.4	295	170	0	25	319	7	301	5.75e-66	209
QMW85241.1	iSSON_1240.SSON_3922	42.4	295	170	0	25	319	7	301	5.75e-66	209
QMW85241.1	iCN900.CD630_02990	40.0	295	168	2	25	319	4	289	6.21e-65	206
QMW85241.1	iSDY_1059.SDY_3995	42.2	294	170	0	25	318	7	300	1.81e-64	205
QMW85242.1	iPC815.YPO0008	41.3	303	177	1	2	303	5	307	1.14e-65	208
QMW85242.1	STM_v1_0.STM3885	40.3	298	177	1	4	300	8	305	2.08e-63	202
QMW85242.1	iML1515.b3752	40.6	298	176	1	4	300	8	305	5.86e-63	201
QMW85242.1	iSF_1195.SF3835	40.6	298	176	1	4	300	13	310	6.76e-63	201
QMW85242.1	iSSON_1240.SSON_3922	40.6	298	176	1	4	300	8	305	5.86e-63	201
QMW85242.1	iSbBS512_1146.SbBS512_E4167	40.6	298	176	1	4	300	8	305	8.27e-63	201
QMW85242.1	iYL1228.KPN_04157	39.9	303	181	1	2	303	7	309	1.20e-62	200
QMW85242.1	iYS854.USA300HOU_RS01400	40.9	298	173	3	2	296	4	301	2.01e-62	199
QMW85242.1	iSDY_1059.SDY_3995	39.9	298	178	1	4	300	8	305	8.13e-60	193
QMW85242.1	iJN1463.PP_2458	40.4	297	175	2	2	296	4	300	2.64e-59	191
QMW85242.1	iLJ478.TM0960	42.5	299	160	8	5	300	7	296	4.84e-59	191
QMW85246.1	iYL1228.KPN_01912	23.5	221	126	10	27	232	2	194	4.62e-05	44.3
QMW85249.1	iJN1463.PP_2440	48.2	517	262	4	7	519	1	515	7.45e-163	472
QMW85249.1	iML1515.b0606	46.6	521	266	6	7	519	1	517	8.12e-152	444
QMW85249.1	STM_v1_0.STM0609	46.1	521	269	6	7	519	1	517	5.97e-149	436
QMW85250.1	iJN1463.PP_2439	67.2	186	61	0	3	188	2	187	3.03e-96	276
QMW85250.1	STM_v1_0.STM0608	61.1	185	72	0	4	188	3	187	6.81e-86	250
QMW85250.1	iML1515.b0605	60.0	185	74	0	4	188	3	187	1.95e-85	249
QMW85251.1	iCN900.CD630_22390	31.9	480	307	7	4	473	7	476	2.55e-60	205
QMW85252.1	iCN718.ABAYE_RS00850	28.7	296	204	2	9	304	8	296	3.71e-37	134
QMW85252.1	iML1515.b0268	28.7	296	204	4	10	302	8	299	4.37e-36	131
QMW85252.1	iCN900.CD630_30000	28.5	295	204	5	13	304	6	296	2.93e-35	129
QMW85252.1	iAF987.Gmet_0211	30.4	273	182	3	11	283	4	268	1.88e-34	126
QMW85252.1	iCN900.CD630_36270	29.4	238	167	1	11	248	5	241	4.85e-33	123
QMW85261.1	iCHOv1.100760661	22.8	267	149	10	123	333	106	371	4.12e-10	60.5
QMW85262.1	iAF987.Gmet_0069	27.4	124	88	1	1054	1175	2	125	3.16e-11	65.9
QMW85262.1	iAF987.Gmet_2999	25.0	120	90	0	1056	1175	9	128	1.04e-09	61.6
QMW85264.1	iNF517.LLMG_RS11600	31.5	571	354	13	30	597	28	564	3.11e-74	247
QMW85270.1	iEK1008.Rv2455c	51.2	601	284	7	8	606	24	617	4.28e-199	573
QMW85271.1	iEK1008.Rv2454c	47.3	338	171	5	2	335	38	372	4.54e-107	317
QMW85274.1	iCHOv1.100762102	34.1	173	108	2	44	211	90	261	1.90e-25	99.4
QMW85274.1	iMM1415.69156	33.9	174	107	3	44	211	90	261	7.25e-25	97.8
QMW85275.1	iYO844.BSU29180	42.3	478	264	7	3	470	1	476	1.33e-112	344
QMW85275.1	iCN900.CD630_33940	43.3	480	254	9	3	470	5	478	1.69e-110	338
QMW85275.1	iYS854.USA300HOU_RS09005	41.1	482	264	8	3	470	1	476	2.31e-110	338
QMW85275.1	iHN637.CLJU_RS01595	40.4	478	273	6	3	470	1	476	5.42e-105	324
QMW85275.1	iYL1228.KPN_02133	40.0	465	268	5	3	459	1	462	5.59e-106	323
QMW85275.1	STM_v1_0.STM1378	39.7	466	268	5	3	459	1	462	7.90e-106	323
QMW85275.1	iSF_1195.SF1705	39.4	464	272	4	3	459	1	462	2.22e-105	322
QMW85275.1	iPC815.YPO2393	40.6	471	257	7	3	459	1	462	4.43e-105	321
QMW85275.1	iML1515.b1676	39.2	464	273	4	3	459	1	462	8.83e-105	320
QMW85275.1	iSbBS512_1146.SbBS512_E1877	39.2	464	273	4	3	459	1	462	8.83e-105	320
QMW85275.1	iSSON_1240.SSON_1480	39.2	464	273	4	3	459	1	462	8.83e-105	320
QMW85275.1	iSDY_1059.SDY_1905	39.2	464	273	4	3	459	1	462	2.49e-104	319
QMW85276.1	iSynCJ816.SGL_RS06095	54.3	138	61	1	2	137	6	143	2.36e-47	149
QMW85276.1	iAF987.Gmet_0981	50.0	138	67	1	1	136	1	138	1.97e-43	139
QMW85276.1	iIT341.HP1038	48.3	143	67	3	1	137	1	142	1.52e-41	135
QMW85279.1	iSynCJ816.SGL_RS02940	25.0	180	110	3	197	351	17	196	9.49e-07	51.2
QMW85279.1	iAF692.Mbar_A1776	25.8	182	109	4	194	351	11	190	5.01e-06	48.9
QMW85281.1	iCN718.ABAYE_RS14110	36.2	351	200	5	8	335	28	377	1.20e-69	221
QMW85281.1	iLJ478.TM0282	37.8	360	191	11	1	335	1	352	3.26e-66	212
QMW85281.1	iYL1228.KPN_00770	35.3	337	203	6	12	335	10	344	7.60e-62	200
QMW85281.1	STM_v1_0.STM0773	35.7	336	202	5	12	335	10	343	1.04e-61	200
QMW85283.1	iYL1228.KPN_04203	27.8	633	411	12	92	703	82	689	1.67e-71	246
QMW85283.1	iPC815.YPO1581	26.5	671	426	16	20	678	39	654	2.66e-66	232
QMW85286.1	iLJ478.TM0076	37.3	782	414	14	30	759	4	761	1.99e-159	481
QMW85287.1	iLJ478.TM1624	25.6	626	376	24	71	642	22	611	1.18e-36	148
QMW85292.1	iAF987.Gmet_0069	33.3	114	73	1	1080	1190	5	118	4.25e-12	68.6
QMW85295.1	iJN1463.PP_1802	31.7	369	235	9	9	370	11	369	3.96e-45	159
QMW85296.1	iML1515.b2032	36.2	340	198	8	5	334	3	333	6.10e-60	197
QMW85297.1	iYS854.USA300HOU_RS05150	32.5	200	124	3	176	373	302	492	1.32e-23	101
QMW85297.1	iYO844.BSU35730	26.8	183	134	0	197	379	344	526	9.95e-22	96.7
QMW85299.1	iSbBS512_1146.SbBS512_E4050	28.2	213	144	3	8	219	8	212	2.55e-21	92.4
QMW85299.1	iSSON_1240.SSON_3782	28.2	213	144	3	8	219	8	212	2.55e-21	92.4
QMW85299.1	iYO844.BSU35680	25.4	311	201	10	5	296	7	305	2.02e-19	89.0
QMW85299.1	iYS854.USA300HOU_RS01340	29.0	207	136	4	9	212	5	203	3.91e-19	87.8
QMW85301.1	iCHOv1.100767124	25.4	256	155	11	4	245	124	357	3.15e-07	50.8
QMW85301.1	iMM1415.14537	24.8	258	154	11	4	245	128	361	7.53e-06	46.6
QMW85302.1	iCHOv1.100767124	24.5	102	71	2	9	104	124	225	7.44e-04	40.4
QMW85302.1	iMM1415.14537	24.5	102	71	2	9	104	128	229	9.93e-04	40.0
QMW85303.1	iIT341.HP0159	24.5	261	141	9	6	211	5	264	1.19e-12	67.4
QMW85303.1	iIT341.HP1416	24.7	299	152	9	6	250	11	290	2.11e-12	66.6
QMW85303.1	STM_v1_0.STM3717	28.2	177	112	7	83	251	102	271	6.02e-12	65.1
QMW85303.1	iIT341.HP0208	27.4	208	104	7	78	255	63	253	8.69e-12	64.7
QMW85304.1	iEK1008.Rv2957	27.6	181	112	7	4	176	26	195	5.17e-16	75.5
QMW85305.1	iHN637.CLJU_RS19350	37.2	94	57	2	85	177	80	172	5.10e-12	61.2
QMW85305.1	iJN1463.PP_3136	42.0	88	50	1	88	175	76	162	1.33e-10	57.0
QMW85305.1	iIT341.HP1210	37.9	95	57	2	85	178	76	169	3.38e-10	55.8
QMW85306.1	iSbBS512_1146.SbBS512_E4050	29.5	200	135	3	6	201	7	204	2.11e-24	100
QMW85306.1	iSSON_1240.SSON_3782	29.5	200	135	3	6	201	7	204	2.11e-24	100
QMW85307.1	iYO844.BSU40850	35.4	127	71	2	80	195	57	183	1.79e-15	70.9
QMW85307.1	iYL1228.KPN_00440	40.0	110	61	2	91	195	73	182	3.74e-15	70.1
QMW85307.1	iNF517.LLMG_RS08595	32.9	158	93	5	44	194	7	158	2.22e-14	67.4
QMW85307.1	iYS854.USA300HOU_RS07115	61.8	55	21	0	141	195	165	219	8.11e-14	67.4
QMW85307.1	iYS854.USA300HOU_RS13870	44.6	65	36	0	131	195	119	183	3.26e-13	65.1
QMW85309.1	iCHOv1.100763471	31.3	316	193	9	26	334	52	350	6.68e-33	125
QMW85309.1	iMM1415.67883	31.3	316	193	9	26	334	91	389	1.22e-32	125
QMW85309.1	iSynCJ816.SGL_RS09825	30.5	315	195	10	26	333	3	300	1.76e-32	122
QMW85310.1	iYS854.USA300HOU_RS01305	32.9	234	151	6	1	230	1	232	2.46e-34	122
QMW85310.1	iHN637.CLJU_RS20335	31.7	227	143	4	2	224	4	222	8.59e-33	118
QMW85310.1	iCN900.CD630_00470	35.4	237	142	6	1	235	1	228	4.30e-31	114
QMW85310.1	iAF987.Gmet_0060	32.3	220	144	4	4	222	5	220	5.78e-30	111
QMW85311.1	iYO844.BSU35550	36.3	113	64	5	5	116	6	111	4.01e-11	62.0
QMW85312.1	iHN637.CLJU_RS04225	38.4	190	111	3	4	188	2	190	1.18e-33	118
QMW85312.1	iLJ478.TM1248	37.7	191	96	5	6	188	13	188	2.32e-30	110
QMW85314.1	iAF987.Gmet_0886	31.7	353	224	5	31	368	29	379	1.52e-45	160
QMW85314.1	iSF_1195.SF2332	31.3	368	233	7	16	369	3	364	1.64e-41	149
QMW85314.1	iSSON_1240.SSON_2314	31.3	368	233	7	16	369	25	386	2.57e-41	149
QMW85314.1	iML1515.b2253	31.0	368	234	7	16	369	14	375	5.59e-41	147
QMW85314.1	STM_v1_0.STM2297	32.0	353	221	6	31	369	34	381	6.31e-41	147
QMW85314.1	iYL1228.KPN_03847	30.2	361	233	6	23	369	9	364	8.66e-41	147
QMW85316.1	iSbBS512_1146.SbBS512_E1190	62.8	317	115	2	2	317	4	318	8.42e-142	403
QMW85317.1	iYS854.USA300HOU_RS04040	29.9	311	192	7	5	315	17	301	2.54e-31	120
QMW85317.1	iYO844.BSU35530	29.4	310	190	7	4	310	22	305	3.98e-31	120
QMW85317.1	iAF987.Gmet_1505	30.4	299	170	7	4	295	16	283	2.25e-27	112
QMW85322.1	iJN1463.PP_2193	21.1	388	273	14	152	520	175	548	2.05e-04	45.1
QMW85325.1	iAF987.Gmet_0069	32.1	106	69	1	1081	1183	4	109	1.31e-12	70.1
QMW85325.1	iAF987.Gmet_0043	22.5	315	206	9	893	1199	114	398	4.89e-10	63.5
QMW85336.1	iCHOv1.100772646	21.1	346	199	11	437	751	555	857	8.01e-10	62.4
QMW85342.1	iMM1415.15931	33.7	419	217	10	6	381	21	421	5.58e-67	224
QMW85350.1	iLJ478.TM1062	24.6	415	242	14	60	449	15	383	6.47e-14	74.3
QMW85350.1	iML1515.b1617	23.6	399	249	15	106	472	67	441	3.69e-13	72.0
QMW85350.1	iML1515.b0344	26.5	407	242	17	108	487	124	500	2.63e-12	69.7
QMW85350.1	iSDY_1059.SDY_0378	26.0	407	246	16	107	487	68	445	2.57e-12	69.7
QMW85350.1	iSSON_1240.SSON_0299	25.9	405	247	17	108	487	124	500	1.80e-11	67.0
QMW85351.1	iAF987.Gmet_0069	34.0	147	84	3	1091	1232	2	140	8.59e-16	79.7
QMW85352.1	iAM_Pc455.PCYB_132130	27.5	760	449	20	6	686	40	776	2.06e-62	224
QMW85352.1	iAM_Pv461.PVX_084660	27.0	752	463	19	6	686	39	775	5.24e-62	223
QMW85352.1	iCN900.CD630_21960	26.1	716	474	22	1	682	1	695	3.35e-61	217
QMW85359.1	iAF692.Mbar_A0543	37.3	721	396	15	2	679	3	710	9.61e-147	443
QMW85360.1	iYO844.BSU35600	23.8	365	254	4	6	357	3	356	2.23e-23	102
QMW85362.1	iEK1008.Rv3032	28.4	296	200	5	109	394	107	400	2.39e-21	94.7
QMW85362.1	iAM_Pf480.PF3D7_1032400	24.4	287	214	3	109	393	115	400	2.65e-20	92.0
QMW85364.1	iYS854.USA300HOU_RS07460	23.8	235	153	6	179	407	165	379	3.64e-12	67.0
QMW85366.1	iJN1463.PP_1386	29.8	363	235	7	11	367	10	358	1.10e-31	122
QMW85366.1	iPC815.YPO3132	28.9	360	244	6	14	367	22	375	2.50e-31	122
QMW85366.1	iML1515.b0463	29.6	348	239	5	25	367	28	374	6.43e-30	118
QMW85366.1	iSDY_1059.SDY_0456	29.6	348	239	5	25	367	28	374	8.87e-30	117
QMW85366.1	iSF_1195.SF0408	29.6	348	239	5	25	367	28	374	8.87e-30	117
QMW85366.1	STM_v1_0.STM3390	31.1	309	208	4	63	367	66	373	1.03e-29	117
QMW85366.1	iSSON_1240.SSON_0450	29.3	348	240	5	25	367	28	374	1.68e-29	117
QMW85366.1	iML1515.b3265	30.5	311	207	5	63	367	66	373	3.49e-28	113
QMW85366.1	iSbBS512_1146.SbBS512_E3648	30.5	311	207	5	63	367	66	373	3.49e-28	113
QMW85366.1	iYL1228.KPN_03672	30.6	307	208	3	63	367	65	368	1.59e-27	111
QMW85367.1	iJN1463.PP_3426	36.5	1054	653	8	3	1043	4	1054	2.90e-212	637
QMW85367.1	iML1515.b0462	36.8	1034	633	10	4	1025	3	1028	1.07e-205	619
QMW85367.1	iML1515.b2470	36.5	1030	641	9	3	1025	2	1025	2.97e-205	618
QMW85367.1	iSSON_1240.SSON_2550	36.5	1030	641	9	3	1025	2	1025	4.19e-205	617
QMW85367.1	iSDY_1059.SDY_2654	36.4	1030	642	9	3	1025	2	1025	8.30e-205	617
QMW85367.1	STM_v1_0.STM3391	36.3	1031	644	9	3	1025	2	1027	1.65e-204	616
QMW85367.1	iSF_1195.SF2512	36.4	1030	642	9	3	1025	2	1025	3.26e-204	615
QMW85367.1	iYL1228.KPN_03673	36.3	1031	643	9	3	1025	2	1026	4.89e-203	612
QMW85367.1	iJN1463.PP_1385	35.0	1028	657	9	3	1024	2	1024	1.05e-194	591
QMW85367.1	iML1515.b3266	35.5	1031	652	9	3	1025	2	1027	1.45e-193	587
QMW85368.1	iML1515.b0572	28.7	449	311	6	11	452	11	457	8.36e-45	162
QMW85368.1	iSSON_1240.SSON_0523	28.5	453	307	7	11	452	11	457	1.67e-43	158
QMW85368.1	iYL1228.KPN_04739	29.1	468	306	10	1	452	37	494	4.32e-43	158
QMW85368.1	iSF_1195.SF0473	28.1	455	306	7	11	452	11	457	4.45e-43	157
QMW85368.1	iJN1463.PP_1384	28.1	470	315	8	1	452	1	465	3.26e-41	152
QMW85370.1	STM_v1_0.STM3920	61.1	373	141	2	3	375	2	370	1.15e-165	468
QMW85370.1	iPC815.YPO3864	61.1	373	141	2	3	375	2	370	6.63e-165	466
QMW85370.1	iML1515.b3786	61.1	373	141	2	3	375	2	370	3.11e-163	461
QMW85370.1	iSDY_1059.SDY_3962	61.1	373	141	2	3	375	16	384	5.08e-163	461
QMW85370.1	iSF_1195.SF3860	61.1	373	141	2	3	375	16	384	5.08e-163	461
QMW85370.1	iSSON_1240.SSON_3958	61.1	373	141	2	3	375	16	384	5.08e-163	461
QMW85370.1	iSbBS512_1146.SbBS512_E4135	60.9	373	142	2	3	375	2	370	2.54e-162	459
QMW85370.1	iJN1463.PP_1811	60.8	372	141	3	3	374	4	370	2.11e-157	447
QMW85370.1	iAF987.Gmet_1489	61.1	370	139	2	7	374	3	369	1.50e-155	442
QMW85370.1	iYL1228.KPN_04286	61.8	359	133	2	17	375	1	355	5.89e-155	440
QMW85371.1	iPC815.YPO3863	53.0	417	178	4	2	400	4	420	1.28e-142	412
QMW85371.1	iML1515.b3787	55.0	391	160	3	7	381	9	399	1.82e-142	411
QMW85371.1	iSF_1195.SF3861	55.0	391	160	3	7	381	9	399	1.82e-142	411
QMW85371.1	iSDY_1059.SDY_3961	55.0	391	160	3	7	381	9	399	2.58e-142	411
QMW85371.1	iSSON_1240.SSON_3959	54.7	391	161	3	7	381	9	399	7.34e-142	410
QMW85371.1	iSbBS512_1146.SbBS512_E4134	54.7	391	161	3	7	381	9	399	1.04e-141	409
QMW85371.1	iYL1228.KPN_04287	53.1	399	171	4	2	384	4	402	4.20e-141	408
QMW85371.1	STM_v1_0.STM3921	52.9	412	176	5	7	400	9	420	5.54e-139	402
QMW85372.1	iAF692.Mbar_A1731	25.4	185	123	5	239	416	191	367	1.21e-10	62.4
QMW85372.1	iYO844.BSU35590	25.2	222	148	7	170	387	151	358	9.23e-09	56.6
QMW85373.1	iEK1008.Rv2957	34.6	208	121	6	8	208	23	222	8.47e-28	107
QMW85379.1	iPC815.YPO0334	32.4	336	212	7	1	327	1	330	4.04e-48	164
QMW85379.1	STM_v1_0.STM4050	29.2	336	225	4	1	327	1	332	1.28e-45	158
QMW85379.1	iYL1228.KPN_04216	30.1	336	222	6	1	327	1	332	1.03e-43	153
QMW85379.1	iSbBS512_1146.SbBS512_E4385	29.2	336	225	5	1	327	1	332	1.03e-43	153
QMW85379.1	iSSON_1240.SSON_4077	28.3	336	228	4	1	327	1	332	1.03e-43	153
QMW85379.1	iSDY_1059.SDY_3839	29.8	336	223	6	1	327	1	332	2.02e-43	152
QMW85379.1	iML1515.b3907	28.3	336	228	4	1	327	1	332	2.83e-43	152
QMW85381.1	iHN637.CLJU_RS12800	26.2	728	472	20	37	710	62	778	5.40e-54	198
QMW85381.1	iML1515.b3951	26.5	618	411	13	124	710	155	760	3.27e-50	187
QMW85381.1	iSDY_1059.SDY_3786	26.7	618	410	13	124	710	155	760	4.43e-50	187
QMW85381.1	iSbBS512_1146.SbBS512_E4437	26.5	618	411	13	124	710	155	760	8.14e-50	186
QMW85381.1	iSF_1195.SF4028	26.4	618	412	13	124	710	155	760	1.10e-49	186
QMW85382.1	iHN637.CLJU_RS05810	39.8	289	171	2	2	289	11	297	5.15e-67	211
QMW85382.1	iHN637.CLJU_RS12795	38.3	264	160	2	1	262	1	263	5.30e-62	198
QMW85382.1	iHN637.CLJU_RS19615	34.1	296	190	2	2	292	12	307	1.21e-60	195
QMW85395.1	iLJ478.TM1062	26.7	570	329	22	56	585	30	550	3.70e-35	140
QMW85396.1	iMM1415.71665	27.4	419	277	11	51	459	34	435	1.76e-41	153
QMW85396.1	iCHOv1.100752441	25.8	446	286	13	29	455	22	441	1.45e-40	151
QMW85397.1	iAF987.Gmet_0043	24.2	413	257	8	812	1214	32	398	1.32e-20	97.4
QMW85398.1	iAM_Pf480.PF3D7_1343000	29.0	145	86	5	11	150	27	159	1.39e-08	53.9
QMW85398.1	iMM904.YBR034C	23.6	178	119	5	35	196	47	223	4.64e-08	52.8
QMW85398.1	iSynCJ816.SGL_RS15350	29.2	106	72	2	49	153	74	177	1.29e-07	51.2
QMW85401.1	STM_v1_0.STM1221	49.2	189	88	3	4	188	43	227	1.33e-51	168
QMW85402.1	iAF987.Gmet_2161	41.3	201	107	5	2	193	392	590	1.43e-39	141
QMW85403.1	iAF987.Gmet_2161	34.2	266	146	8	32	286	343	590	5.50e-31	121
QMW85434.1	iSbBS512_1146.SbBS512_E1751	30.2	179	111	5	98	276	2	166	1.64e-20	86.7
QMW85434.1	iML1515.b1488	30.3	178	110	5	99	276	3	166	2.28e-20	86.3
QMW85434.1	iSSON_1240.SSON_1636	30.3	178	110	5	99	276	3	166	2.28e-20	86.3
QMW85435.1	iYL1228.KPN_02568	28.9	914	423	25	3	850	2	754	1.16e-96	319
QMW85435.1	iSSON_1240.SSON_2189	28.8	911	428	26	3	850	2	754	3.14e-95	315
QMW85435.1	iSF_1195.SF2217	28.8	911	428	26	3	850	2	754	1.63e-94	313
QMW85435.1	iML1515.b2132	28.6	911	429	26	3	850	2	754	2.27e-94	313
QMW85435.1	iSbBS512_1146.SbBS512_E0841	28.6	911	429	26	3	850	2	754	2.27e-94	313
QMW85435.1	iSDY_1059.SDY_2156	29.5	850	415	25	27	850	63	754	4.39e-94	312
QMW85435.1	iLJ478.TM0076	29.7	890	422	29	23	851	2	748	5.83e-93	309
QMW85435.1	iJN1463.PP_1403	29.6	800	378	24	80	850	109	752	1.57e-90	302
QMW85441.1	iPC815.YPO3910	32.1	140	90	4	138	273	54	192	1.73e-09	61.2
QMW85443.1	iML1515.b4159	24.1	174	130	1	411	584	908	1079	9.33e-13	71.2
QMW85444.1	iJN1463.PP_0928	39.4	320	163	6	10	320	5	302	1.02e-55	184
QMW85444.1	iPC815.YPO3576	38.2	330	182	8	3	326	5	318	4.80e-50	169
QMW85447.1	iCHOv1.100763274	26.4	216	144	6	34	238	28	239	1.41e-12	67.4
QMW85450.1	iMM1415.14466	22.3	336	208	13	154	458	171	484	1.49e-10	63.2
QMW85450.1	iCHOv1.100756635	22.9	340	211	12	167	476	184	502	1.98e-10	62.8
QMW85453.1	iCN900.CD630_06820	24.1	503	315	19	3	492	2	450	1.98e-13	72.8
QMW85453.1	iMM1415.109342	21.3	507	335	14	2	490	50	510	1.94e-11	66.6
QMW85453.1	iCHOv1.100759273	22.5	570	357	21	3	521	5	540	3.75e-11	65.9
QMW85453.1	iAF692.Mbar_A1264	22.5	485	324	16	4	482	4	442	3.49e-11	65.9
QMW85458.1	iJN1463.PP_5123	40.0	145	86	1	1	144	1	145	1.51e-35	120
QMW85458.1	iAF987.Gmet_1759	37.9	145	89	1	2	145	4	148	9.11e-35	118
QMW85458.1	iYS854.USA300HOU_RS05615	38.8	147	89	1	4	149	6	152	1.18e-34	118
QMW85458.1	iHN637.CLJU_RS06240	36.8	152	95	1	1	151	1	152	1.21e-32	113
QMW85458.1	iYO844.BSU15020	37.2	148	92	1	4	150	5	152	1.58e-32	112
QMW85458.1	iLJ478.TM0741	34.0	144	94	1	3	145	2	145	6.33e-32	111
QMW85458.1	iSynCJ816.SGL_RS15225	36.3	146	92	1	4	148	3	148	8.48e-32	110
QMW85458.1	iSDY_1059.SDY_4064	35.1	148	95	1	2	148	3	150	1.20e-31	110
QMW85458.1	iNF517.LLMG_RS12260	35.8	148	91	2	5	148	7	154	2.06e-31	110
QMW85458.1	iEK1008.Rv2965c	34.9	146	95	0	1	146	1	146	3.59e-31	109
QMW85458.1	iCN718.ABAYE_RS14785	33.3	147	97	1	3	148	5	151	7.59e-31	108
QMW85473.1	iAF987.Gmet_0043	23.7	380	257	9	850	1224	44	395	7.77e-21	98.2
QMW85475.1	iJN1463.PP_0077	27.7	498	280	18	27	497	3	447	4.97e-40	151
QMW85477.1	iAF987.Gmet_2397	30.3	221	136	7	1	217	1	207	1.31e-17	78.2
QMW85478.1	iAF987.Gmet_2396	61.4	656	231	6	4	658	3	637	2.69e-287	798
QMW85479.1	iAF987.Gmet_2395	61.5	244	94	0	2	245	4	247	2.88e-111	320
QMW85481.1	iCHOv1.100753973	31.0	448	238	18	5	437	9	400	2.11e-40	152
QMW85489.1	iMM1415.11605	38.8	361	179	9	119	458	34	373	6.23e-75	242
QMW85489.1	iCHOv1.100752709	40.2	316	155	7	141	446	14	305	3.39e-69	225
QMW85493.1	iIT341.HP0824	36.4	99	52	5	49	147	5	92	1.96e-10	57.4
QMW85493.1	iMM904.YGR209C	38.6	83	44	3	67	149	19	94	5.74e-09	53.1
QMW85494.1	iYS854.USA300HOU_RS06875	25.0	112	81	3	5	114	2	112	1.94e-07	47.0
QMW85498.1	iIT341.HP0859	26.1	357	183	15	2	326	11	318	4.19e-15	74.7
QMW85498.1	iYO844.BSU30870	28.6	343	186	14	4	326	3	306	6.83e-15	73.9
QMW85498.1	iLJ478.TM0509	23.7	350	199	12	3	330	2	305	2.93e-14	72.0
QMW85498.1	iMM1415.76355	23.5	358	198	16	4	330	20	332	7.39e-14	71.2
QMW85503.1	iAF987.Gmet_1558	66.6	308	101	1	1	308	1	306	2.57e-142	403
QMW85503.1	iAF692.Mbar_A2422	63.4	309	110	2	1	308	1	307	1.08e-131	376
QMW85503.1	iEK1008.Rv2334	62.4	306	113	1	4	309	3	306	1.26e-128	369
QMW85505.1	iMM904.YIL162W	37.9	314	159	12	116	397	27	336	2.66e-54	191
QMW85507.1	iEK1008.Rv0220	24.6	228	145	7	68	271	166	390	5.59e-14	70.9
QMW85507.1	iEK1008.Rv1426c	27.4	208	126	7	86	272	205	408	3.81e-12	65.5
QMW85508.1	iML1515.b3656	23.4	569	354	13	91	634	160	671	2.51e-39	155
QMW85509.1	iYL1228.KPN_00852	30.9	614	376	18	143	730	138	729	6.03e-80	273
QMW85509.1	iMM1415.14387	29.6	635	364	17	152	726	255	866	4.24e-75	263
QMW85509.1	iCHOv1.100755105	29.5	614	350	16	173	726	272	862	4.02e-72	254
QMW85509.1	iCHOv1.100770033	30.8	575	340	17	152	685	223	780	2.64e-72	254
QMW85509.1	iCHOv1.100752162	30.7	648	390	23	152	759	276	904	3.80e-70	249
QMW85514.1	iLJ478.TM1062	23.1	450	278	14	48	472	3	409	1.40e-15	80.1
QMW85516.1	iJN1463.PP_0077	25.8	466	278	15	26	471	3	420	2.40e-24	105
QMW85517.1	iHN637.CLJU_RS00605	30.3	152	78	3	289	440	50	173	1.25e-12	70.5
QMW85517.1	iYO844.BSU28510	27.5	178	93	6	290	461	52	199	6.41e-12	68.2
QMW85517.1	iYO844.BSU28720	23.9	184	108	3	261	444	26	177	1.39e-10	63.9
QMW85518.1	iAF987.Gmet_0043	20.9	446	307	9	801	1240	19	424	2.03e-12	71.2
QMW85521.1	iCHOv1.100755391	26.3	467	263	15	27	431	24	471	3.14e-33	130
QMW85521.1	iMM1415.27029	25.3	471	263	14	27	431	24	471	1.09e-32	129
QMW85524.1	iCHOv1.100753973	27.1	454	219	15	16	454	17	373	2.05e-31	127
QMW85524.1	iMM1415.11881	27.8	432	221	13	20	450	36	377	3.39e-30	124
QMW85524.1	iMM1415.50917	27.5	404	187	12	16	402	14	328	3.60e-29	119
QMW85525.1	iMM1415.11881	25.8	550	252	14	30	517	44	499	1.70e-41	156
QMW85527.1	iMM1415.11883	30.0	504	273	12	11	487	6	456	2.57e-51	182
QMW85527.1	iCHOv1.100754567	29.1	505	278	12	10	487	6	457	4.29e-49	176
QMW85531.1	iSF_1195.SF1566	28.8	264	186	2	19	280	29	292	3.60e-31	121
QMW85531.1	iML1515.b1528	28.4	264	187	2	19	280	29	292	8.53e-31	120
QMW85531.1	iSbBS512_1146.SbBS512_E1677	28.4	264	187	2	19	280	29	292	8.53e-31	120
QMW85531.1	iSSON_1240.SSON_1600	28.4	264	187	2	19	280	29	292	8.53e-31	120
QMW85531.1	STM_v1_0.STM1522	26.7	277	201	2	6	280	16	292	1.62e-30	120
QMW85531.1	iJN1463.PP_2428	27.3	300	209	3	4	294	29	328	1.80e-29	117
QMW85531.1	iYL1228.KPN_01628	26.4	277	202	2	6	280	16	292	2.04e-28	114
QMW85531.1	iJN1463.PP_2647	30.1	259	179	2	4	260	25	283	2.10e-27	111
QMW85532.1	iLJ478.TM1062	25.0	424	263	13	113	515	55	444	7.23e-21	97.8
QMW85532.1	iLJ478.TM1193	23.6	368	239	12	99	453	108	446	3.02e-18	90.5
QMW85534.1	iAF987.Gmet_2444	29.1	103	53	3	4	104	23	107	1.39e-04	43.5
QMW85534.1	iSynCJ816.SGL_RS05125	30.4	92	45	2	4	93	20	94	1.36e-04	43.5
QMW85534.1	iAF692.Mbar_A1452	36.6	41	26	0	3	43	6	46	2.44e-04	42.7
QMW85534.1	iML1515.b4173	40.7	59	35	0	7	65	202	260	3.61e-04	42.0
QMW85534.1	iYL1228.KPN_03779	36.7	49	31	0	3	51	4	52	5.84e-04	41.6
QMW85536.1	STM_v1_0.STM3002	27.1	292	168	8	13	277	12	285	1.26e-25	102
QMW85540.1	STM_v1_0.STM1517	27.7	300	186	10	1	286	2	284	1.00e-15	75.5
QMW85540.1	iML1515.b1533	24.6	293	204	5	1	286	1	283	1.36e-15	75.1
QMW85540.1	iYL1228.KPN_01622	28.1	288	185	8	10	286	7	283	1.85e-15	74.7
QMW85543.1	iNF517.LLMG_RS08750	42.8	947	420	14	1	944	1	828	9.68e-258	741
QMW85543.1	iYS854.USA300HOU_RS09335	42.1	946	401	8	1	943	1	802	1.67e-257	740
QMW85545.1	iCN900.CD630_33080	44.9	196	101	6	4	193	252	446	1.28e-41	145
QMW85545.1	iYS854.USA300HOU_RS05760	40.8	191	110	3	3	192	2	190	2.23e-40	135
QMW85546.1	iAF987.Gmet_2727	36.3	113	67	2	153	265	291	398	1.22e-12	67.0
QMW85548.1	iYL1228.KPN_04203	29.7	546	353	10	175	702	159	691	1.89e-67	235
QMW85548.1	iPC815.YPO1581	28.8	562	364	13	175	716	160	705	3.48e-66	231
QMW85550.1	iAF987.Gmet_0069	32.2	115	75	1	1002	1113	4	118	8.95e-14	73.6
QMW85550.1	iAF987.Gmet_2999	32.3	124	83	1	1003	1125	10	133	4.49e-12	68.9
QMW85550.1	iAF987.Gmet_1914	27.5	167	117	3	1003	1168	4	167	9.78e-12	68.6
QMW85561.1	iCN718.ABAYE_RS01520	22.7	163	114	4	41	194	6	165	7.72e-05	42.4
QMW85571.1	iYO844.BSU02130	45.6	114	51	3	30	134	29	140	4.12e-19	85.1
QMW85573.1	iSynCJ816.SGL_RS17340	57.4	305	129	1	3	307	15	318	4.89e-127	365
QMW85577.1	iYL1228.KPN_00852	26.9	316	195	12	435	726	426	729	4.98e-23	105
QMW85577.1	iCHOv1.100755105	30.9	188	120	4	462	648	588	766	7.43e-20	95.9
QMW85580.1	iAF987.Gmet_2999	26.7	180	126	2	1056	1229	7	186	6.23e-14	74.7
QMW85580.1	iAF987.Gmet_0069	28.3	120	84	1	1058	1175	4	123	4.15e-12	68.6
QMW85585.1	iJN1463.PP_0077	27.7	477	277	14	32	494	5	427	1.68e-35	138
QMW85585.1	iMM1415.75612	27.6	434	221	16	26	432	35	402	7.66e-34	134
QMW85586.1	iMM1415.15211	26.6	447	272	10	101	540	114	511	4.40e-42	160
QMW85586.1	iCHOv1.100750552	26.5	446	274	11	101	540	114	511	1.48e-41	159
QMW85586.1	iMM1415.15212	23.9	457	282	11	101	547	126	526	1.26e-38	150
QMW85587.1	iLJ478.TM1193	39.9	988	533	24	32	995	7	957	4.71e-229	680
QMW85589.1	iYO844.BSU34660	37.9	530	310	7	15	542	8	520	3.84e-109	336
QMW85592.1	iAF987.Gmet_1954	53.1	514	234	6	6	518	6	513	1.90e-181	520
QMW85592.1	iCN718.ABAYE_RS05185	48.6	518	260	3	2	519	9	520	1.82e-162	472
QMW85594.1	iYS854.USA300HOU_RS05470	37.0	457	269	5	1	446	8	456	3.29e-93	289
QMW85594.1	iCN900.CD630_07230	36.9	452	271	7	4	447	2	447	9.30e-91	282
QMW85594.1	iHN637.CLJU_RS18515	36.9	452	272	6	4	447	2	448	1.80e-90	281
QMW85594.1	iLB1027_lipid.PHATRDRAFT_26432	37.4	460	269	9	2	446	34	489	5.50e-90	281
QMW85594.1	iAF987.Gmet_2764	36.1	463	275	6	3	446	6	466	1.27e-88	277
QMW85594.1	iAT_PLT_636.1738	37.9	457	266	12	5	446	44	497	6.04e-88	276
QMW85594.1	iYO844.BSU14610	35.8	453	281	6	1	446	8	457	2.92e-88	276
QMW85594.1	iCHOv1.100689437	37.6	457	267	12	5	446	44	497	9.35e-87	273
QMW85594.1	iCN718.ABAYE_RS09970	32.5	453	299	2	2	447	5	457	9.17e-86	270
QMW85594.1	iCN900.CD630_00390	38.4	448	265	8	3	447	124	563	4.37e-84	268
QMW85594.1	iJN1463.PP_5366	37.5	456	271	11	2	446	3	455	2.50e-85	268
QMW85594.1	iSDY_1059.SDY_0146	33.7	448	288	6	1	441	5	450	6.17e-85	268
QMW85594.1	iML1515.b0116	33.7	448	288	6	1	441	5	450	8.69e-85	267
QMW85594.1	iSbBS512_1146.SbBS512_E0109	33.7	448	288	6	1	441	5	450	8.69e-85	267
QMW85594.1	iSF_1195.SF0113	33.7	448	288	6	1	441	5	450	8.69e-85	267
QMW85594.1	iSSON_1240.SSON_0124	33.7	448	288	6	1	441	5	450	8.69e-85	267
QMW85594.1	iJN1463.PP_4187	35.5	459	281	5	2	446	4	461	1.37e-84	267
QMW85594.1	STM_v1_0.STM0154	33.5	448	289	6	1	441	5	450	1.22e-84	267
QMW85594.1	iMM1415.13382	35.8	461	278	12	1	446	40	497	1.73e-83	265
QMW85594.1	iYO844.BSU24060	36.3	463	274	8	2	446	4	463	2.93e-82	261
QMW85594.1	iYL1228.KPN_00120	33.0	448	291	6	1	441	5	450	4.12e-82	260
QMW85595.1	iPC815.YPO3506	26.8	436	294	13	21	441	21	446	3.26e-31	125
QMW85600.1	iML1515.b2920	49.9	487	243	1	3	489	5	490	1.68e-171	492
QMW85600.1	iSSON_1240.SSON_3071	49.9	487	243	1	3	489	5	490	2.39e-171	491
QMW85600.1	iCN900.CD630_23430	49.4	488	238	4	6	490	24	505	1.98e-152	444
QMW85613.1	iLB1027_lipid.PHATRDRAFT_9984	27.0	148	93	6	105	237	61	208	2.92e-05	44.3
QMW85613.1	iCN718.ABAYE_RS19010	29.5	78	47	1	104	173	53	130	3.82e-04	40.8
QMW85613.1	iJN1463.PP_1765	32.5	77	45	2	104	173	50	126	4.98e-04	40.4
QMW85616.1	iYL1228.KPN_03461	33.7	276	152	7	2	259	6	268	1.13e-42	146
QMW85616.1	iSbBS512_1146.SbBS512_E3488	34.2	272	156	6	2	259	6	268	1.13e-42	146
QMW85616.1	iSF_1195.SF3098	34.2	272	156	6	2	259	6	268	1.13e-42	146
QMW85616.1	iML1515.b3057	34.2	272	156	6	2	259	6	268	2.24e-42	145
QMW85616.1	iSSON_1240.SSON_3194	33.8	272	157	6	2	259	6	268	1.74e-41	143
QMW85616.1	STM_v1_0.STM3205	33.5	272	158	7	2	259	7	269	3.53e-41	142
QMW85616.1	iCN718.ABAYE_RS04130	29.7	266	176	4	4	264	7	266	2.02e-39	137
QMW85616.1	iEK1008.Rv2136c	31.4	271	171	5	1	261	1	266	4.41e-39	137
QMW85616.1	iHN637.CLJU_RS07805	34.5	261	157	8	1	256	1	252	6.31e-39	136
QMW85617.1	iEK1008.Rv2793c	45.5	209	108	2	8	216	8	210	8.10e-52	169
QMW85618.1	iYS854.USA300HOU_RS08725	43.1	350	190	4	1	350	1	341	2.67e-97	291
QMW85620.1	iAF987.Gmet_0495	42.4	158	83	3	2	158	3	153	2.00e-30	107
QMW85620.1	iHN637.CLJU_RS03130	39.5	157	86	3	5	160	123	271	1.22e-27	103
QMW85623.1	iHN637.CLJU_RS01260	50.7	434	159	10	1	425	1	388	5.34e-140	405
QMW85623.1	iLJ478.TM1658	51.2	441	158	8	1	430	1	395	7.01e-139	402
QMW85623.1	iYS854.USA300HOU_RS09495	50.7	434	159	8	4	427	7	395	1.06e-138	402
QMW85623.1	iIT341.HP0197	51.9	426	158	8	3	428	5	383	1.74e-134	391
QMW85623.1	iJN1463.PP_4967	50.8	427	174	8	4	430	6	396	5.79e-133	387
QMW85623.1	iAF987.Gmet_1290	49.5	430	169	8	3	430	6	389	5.24e-132	385
QMW85623.1	STM_v1_0.STM3090	50.5	428	164	7	3	430	4	383	2.53e-131	383
QMW85623.1	iYO844.BSU30550	51.4	397	156	6	4	389	7	377	6.12e-131	382
QMW85623.1	iNF517.LLMG_RS10795	49.7	439	164	8	3	429	5	398	3.38e-130	380
QMW85623.1	iYL1228.KPN_03375	49.5	428	168	7	3	430	4	383	4.10e-130	380
QMW85623.1	iSbBS512_1146.SbBS512_E3374	49.5	428	168	6	3	430	4	383	5.81e-130	379
QMW85623.1	iCN718.ABAYE_RS10800	50.1	427	169	9	4	430	6	388	1.33e-129	379
QMW85623.1	iML1515.b2942	49.5	428	168	6	3	430	4	383	1.17e-129	379
QMW85623.1	iSDY_1059.SDY_3130	49.5	428	168	6	3	430	4	383	1.17e-129	379
QMW85623.1	iSF_1195.SF2933	49.5	428	168	6	3	430	4	383	1.17e-129	379
QMW85623.1	iSSON_1240.SSON_3096	49.5	428	168	6	3	430	4	383	1.17e-129	379
QMW85623.1	iPC815.YPO0931	49.1	428	170	6	3	430	4	383	3.31e-129	377
QMW85623.1	iCN900.CD630_01300	46.8	434	174	10	3	425	4	391	1.17e-127	374
QMW85623.1	iSynCJ816.SGL_RS03470	48.6	444	175	10	3	429	5	412	2.51e-127	374
QMW85623.1	iMM1415.11720	52.9	391	154	8	3	389	19	383	1.69e-124	366
QMW85623.1	iCHOv1.100758089	53.2	391	153	9	3	389	19	383	2.40e-124	365
QMW85633.1	iYS854.USA300HOU_RS09175	47.1	427	208	7	4	427	6	417	4.78e-130	381
QMW85633.1	iNF517.LLMG_RS02055	44.2	432	221	7	1	427	1	417	2.54e-124	366
QMW85633.1	STM_v1_0.STM1449	46.4	431	218	7	2	430	5	424	1.20e-123	365
QMW85633.1	iYL1228.KPN_01975	45.9	431	220	7	2	430	9	428	1.25e-121	360
QMW85633.1	iSbBS512_1146.SbBS512_E1829	45.7	431	221	7	2	430	5	424	4.42e-121	358
QMW85633.1	iSSON_1240.SSON_1519	45.7	431	221	7	2	430	5	424	4.42e-121	358
QMW85633.1	iSDY_1059.SDY_1860	45.5	431	222	7	2	430	5	424	3.55e-120	356
QMW85633.1	iPC815.YPO2369	45.0	429	221	6	2	427	5	421	2.61e-117	348
QMW85634.1	iML1515.b2843	46.6	277	146	1	6	280	2	278	2.63e-94	279
QMW85634.1	iYO844.BSU22130	46.2	275	147	1	6	280	2	275	8.91e-87	259
QMW85635.1	STM_v1_0.STM4483	48.0	256	127	1	7	262	5	254	1.05e-79	240
QMW85635.1	iML1515.b4266	47.7	256	128	1	7	262	5	254	1.71e-78	237
QMW85635.1	iPC815.YPO2539	47.7	256	128	1	7	262	5	254	2.42e-78	237
QMW85635.1	iSSON_1240.SSON_4451	47.3	256	129	1	7	262	5	254	4.86e-78	236
QMW85647.1	iJN1463.PP_4900	32.2	339	184	5	10	341	15	314	9.48e-52	174
QMW85648.1	iAF692.Mbar_A0408	28.5	221	122	8	16	201	4	223	9.07e-15	70.1
QMW85650.1	iSynCJ816.SGL_RS04625	38.0	258	150	2	12	269	20	267	1.85e-66	208
QMW85650.1	iAF692.Mbar_A0995	41.0	261	141	4	11	269	1	250	1.33e-63	199
QMW85651.1	iAF692.Mbar_A0993	33.2	316	193	6	1	299	1	315	8.27e-56	183
QMW85653.1	iNF517.LLMG_RS09290	26.9	171	101	7	9	159	6	172	3.43e-05	42.0
QMW85655.1	iYL1228.KPN_04387	47.8	427	212	6	1	422	1	421	1.21e-131	385
QMW85655.1	iSSON_1240.SSON_4178	47.1	427	215	6	1	422	1	421	3.38e-128	376
QMW85655.1	iSF_1195.SF4077	46.8	427	216	6	1	422	1	421	4.79e-128	376
QMW85655.1	iML1515.b4005	46.8	427	216	6	1	422	1	421	1.36e-127	375
QMW85655.1	iSbBS512_1146.SbBS512_E4496	46.8	427	216	6	1	422	1	421	1.36e-127	375
QMW85655.1	iSDY_1059.SDY_3721	47.1	427	215	6	1	422	1	421	1.36e-127	375
QMW85655.1	iJN1463.PP_4823	46.7	426	216	6	1	422	1	419	2.91e-127	374
QMW85655.1	STM_v1_0.STM4175	46.1	427	219	6	1	422	1	421	3.86e-127	374
QMW85655.1	iPC815.YPO3729	45.4	427	222	6	1	422	1	421	3.74e-127	374
QMW85655.1	iCN900.CD630_02240	44.5	422	226	4	1	421	1	415	9.78e-122	359
QMW85655.1	iCN718.ABAYE_RS07250	45.4	427	220	8	1	422	1	419	3.00e-118	351
QMW85658.1	iJN1463.PP_0228	46.8	263	138	1	33	295	39	299	7.54e-81	246
QMW85658.1	iCN718.ABAYE_RS11390	45.6	272	144	3	28	296	25	295	8.34e-74	228
QMW85660.1	iAF987.Gmet_0069	31.9	113	74	2	7	116	2	114	2.02e-10	59.7
QMW85663.1	iJN1463.PP_0687	36.0	322	194	5	8	322	4	320	5.65e-54	179
QMW85663.1	iAF987.Gmet_2455	34.3	312	204	1	14	324	11	322	1.34e-51	172
QMW85663.1	iPC815.YPO3513	36.0	308	188	4	11	312	7	311	4.17e-50	169
QMW85665.1	iCHOv1.100750675	42.0	255	124	5	54	293	53	298	1.01e-56	185
QMW85669.1	iML1515.b0469	51.9	156	75	0	6	161	9	164	3.04e-49	157
QMW85669.1	iSbBS512_1146.SbBS512_E0401	51.9	156	75	0	6	161	9	164	3.04e-49	157
QMW85669.1	iSDY_1059.SDY_0450	51.9	156	75	0	6	161	9	164	3.04e-49	157
QMW85669.1	iSF_1195.SF0414	51.9	156	75	0	6	161	9	164	3.04e-49	157
QMW85669.1	iSSON_1240.SSON_0456	51.9	156	75	0	6	161	9	164	3.04e-49	157
QMW85669.1	iPC815.YPO3123	50.0	152	76	0	11	162	18	169	3.43e-49	157
QMW85669.1	iCN900.CD630_27450	55.3	150	67	0	12	161	7	156	8.26e-49	155
QMW85669.1	STM_v1_0.STM0483	51.3	156	76	0	6	161	9	164	1.40e-47	152
QMW85669.1	iYL1228.KPN_00451	51.3	156	76	0	6	161	9	164	5.66e-47	151
QMW85669.1	iAF987.Gmet_1422	47.0	164	86	1	12	175	8	170	7.34e-45	145
QMW85669.1	iSynCJ816.SGL_RS09235	50.3	157	76	1	12	166	7	163	1.07e-44	145
QMW85692.1	iML1515.b1617	22.2	582	384	20	41	571	15	578	8.11e-28	117
QMW85692.1	iLJ478.TM1193	22.6	625	370	25	27	591	37	607	7.12e-26	112
QMW85693.1	iLJ478.TM1193	38.2	1035	559	23	29	1042	7	981	4.88e-222	674
QMW85699.1	iLJ478.TM0025	31.3	824	407	27	32	816	3	706	2.65e-106	342
QMW85701.1	iAF987.Gmet_0043	23.0	427	263	8	809	1215	15	395	2.70e-18	90.1
QMW85704.1	iCN900.CD630_18060	26.1	306	199	5	1	287	1	298	4.54e-22	94.0
QMW85705.1	iJN1463.PP_0957	42.9	196	104	3	1	194	7	196	2.64e-43	147
QMW85705.1	iCN718.ABAYE_RS12520	40.9	186	104	2	9	194	17	196	2.30e-41	142
QMW85705.1	iSF_1195.SF3237	46.3	164	86	1	31	194	40	201	1.35e-40	140
QMW85705.1	iPC815.YPO3577	41.9	191	103	3	6	194	17	201	3.76e-40	139
QMW85705.1	iML1515.b3197	45.7	164	87	1	31	194	40	201	5.29e-40	138
QMW85705.1	iSbBS512_1146.SbBS512_E3573	45.7	164	87	1	31	194	40	201	5.29e-40	138
QMW85705.1	iSDY_1059.SDY_3378	45.7	164	87	1	31	194	40	201	5.29e-40	138
QMW85705.1	iSSON_1240.SSON_3345	45.7	164	87	1	31	194	40	201	5.29e-40	138
QMW85705.1	STM_v1_0.STM3315	45.1	164	88	1	31	194	40	201	2.07e-39	137
QMW85705.1	iAF987.Gmet_1278	39.9	193	112	2	2	194	3	191	2.49e-39	136
QMW85705.1	iYL1228.KPN_03607	42.9	161	90	1	34	194	49	207	1.38e-37	132
QMW85707.1	iAM_Pv461.PVX_087035	30.7	264	176	2	8	264	30	293	1.08e-36	139
QMW85707.1	iAM_Pc455.PCYB_074100	34.8	201	131	0	8	208	12	212	1.29e-35	135
QMW85707.1	iMM1415.22273	28.6	346	217	5	8	327	53	394	4.36e-35	134
QMW85707.1	iAM_Pb448.PBANKA_083440	35.8	201	129	0	8	208	41	241	1.54e-34	133
QMW85707.1	iAT_PLT_636.7384	28.6	346	217	6	8	327	53	394	7.65e-34	131
QMW85707.1	iAM_Pf480.PF3D7_0933600	28.5	319	208	4	8	306	47	365	1.10e-33	130
QMW85707.1	iCHOv1.100766805	28.2	341	215	6	13	327	1	337	2.42e-33	129
QMW85711.1	iCHOv1.100756635	26.7	454	279	13	70	494	86	514	7.45e-45	164
QMW85711.1	iMM1415.14466	26.2	454	281	13	70	494	86	514	6.73e-43	159
QMW85713.1	iLJ478.TM0025	33.6	757	413	21	38	756	2	706	4.26e-113	358
QMW85719.1	iLJ478.TM1520	30.7	238	121	7	1	235	1	197	2.13e-25	99.4
QMW85719.1	iCN718.ABAYE_RS00740	29.2	216	137	4	40	248	65	271	9.73e-24	96.3
QMW85719.1	iAF692.Mbar_A1151	33.2	223	133	4	27	248	53	260	4.25e-23	94.4
QMW85719.1	iJN1463.PP_4725	32.2	205	125	5	47	248	70	263	1.71e-22	92.8
QMW85719.1	iYS854.USA300HOU_RS07110	30.0	247	138	6	1	234	1	225	7.56e-22	90.5
QMW85721.1	iAM_Pf480.PF3D7_0303600	24.6	122	83	2	748	869	46	158	6.48e-05	44.3
QMW85728.1	iMM1415.11883	30.5	475	257	13	35	490	20	440	1.43e-54	191
QMW85728.1	iAT_PLT_636.412	30.5	508	284	17	32	488	31	520	8.88e-53	187
QMW85728.1	iCHOv1.100754567	30.4	493	272	15	35	509	21	460	4.80e-52	184
QMW85729.1	iAF987.Gmet_0043	21.6	417	278	7	801	1209	20	395	3.94e-16	83.2
QMW85729.1	iAF987.Gmet_1914	30.4	161	109	2	1094	1253	3	161	5.17e-14	75.9
QMW85731.1	iYL1228.KPN_00194	37.1	256	159	2	2	256	8	262	2.27e-21	89.7
QMW85731.1	iSynCJ816.SGL_RS14465	31.9	182	123	1	49	230	82	262	1.40e-20	88.2
QMW85731.1	iAF987.Gmet_2353	34.2	257	167	2	1	256	1	256	2.04e-20	87.0
QMW85731.1	iSbBS512_1146.SbBS512_E0174	33.5	209	137	2	49	256	55	262	1.60e-19	84.7
QMW85731.1	iML1515.b0181	33.5	209	137	2	49	256	55	262	2.21e-19	84.3
QMW85731.1	iSDY_1059.SDY_0197	33.5	209	137	2	49	256	55	262	2.21e-19	84.3
QMW85731.1	iSF_1195.SF0171	33.5	209	137	2	49	256	55	262	2.21e-19	84.3
QMW85731.1	iSSON_1240.SSON_0193	33.5	209	137	2	49	256	55	262	2.21e-19	84.3
QMW85731.1	STM_v1_0.STM0228	31.1	209	142	2	49	256	55	262	8.11e-19	82.8
QMW85732.1	iSSON_1240.SSON_0523	27.6	460	310	7	10	458	10	457	2.32e-39	147
QMW85732.1	iML1515.b0572	27.0	456	318	5	10	458	10	457	5.81e-39	146
QMW85732.1	iSF_1195.SF0473	27.2	460	312	7	10	458	10	457	4.19e-38	144
QMW85732.1	iJN1463.PP_1384	26.0	473	327	7	1	458	1	465	2.28e-34	134
QMW85733.1	iJN1463.PP_3426	37.8	1053	629	8	6	1048	7	1043	6.62e-211	634
QMW85733.1	iYL1228.KPN_03673	37.2	1047	621	13	6	1041	5	1026	1.29e-203	614
QMW85733.1	iJN1463.PP_1385	37.3	1043	623	10	6	1040	5	1024	2.98e-202	611
QMW85733.1	STM_v1_0.STM3391	36.8	1047	627	11	6	1041	5	1027	1.14e-201	609
QMW85733.1	iML1515.b0462	36.1	1045	638	10	6	1041	5	1028	2.09e-194	590
QMW85733.1	iML1515.b3266	36.2	1047	637	14	6	1043	5	1029	2.29e-192	585
QMW85733.1	iML1515.b2470	34.7	1048	645	9	6	1041	5	1025	3.76e-187	571
QMW85733.1	iSDY_1059.SDY_2654	34.7	1046	648	9	6	1041	5	1025	7.43e-187	570
QMW85734.1	iJN1463.PP_1386	26.6	354	240	6	14	362	19	357	1.45e-37	139
QMW85734.1	STM_v1_0.STM3390	25.5	369	265	6	7	368	13	378	2.01e-35	133
QMW85734.1	iYL1228.KPN_03672	26.6	354	244	6	14	359	19	364	6.65e-35	132
QMW85734.1	iML1515.b0463	27.4	354	249	6	15	362	22	373	6.37e-34	129
QMW85734.1	iPC815.YPO3132	28.9	346	238	6	27	366	37	380	8.53e-34	129
QMW85734.1	iSSON_1240.SSON_0450	27.1	354	250	6	15	362	22	373	1.68e-33	128
QMW85734.1	iSF_1195.SF0408	27.4	354	249	6	15	362	22	373	2.33e-33	128
QMW85734.1	iML1515.b3265	24.0	366	270	4	7	366	13	376	2.64e-33	127
QMW85734.1	iSbBS512_1146.SbBS512_E3648	24.0	366	270	4	7	366	13	376	2.64e-33	127
QMW85735.1	iLJ478.TM1193	39.0	1019	566	22	26	1029	7	984	4.18e-237	701
QMW85737.1	iML1515.b1396	35.3	119	77	0	7	125	13	131	2.16e-17	72.8
QMW85744.1	iSbBS512_1146.SbBS512_E0448	41.1	491	251	10	5	490	2	459	9.58e-119	356
QMW85744.1	iYL1228.KPN_00482	41.2	490	252	9	5	490	2	459	2.71e-118	355
QMW85744.1	iSSON_1240.SSON_0492	40.9	491	252	10	5	490	2	459	2.71e-118	355
QMW85744.1	STM_v1_0.STM0537	40.9	492	251	11	5	490	2	459	5.41e-118	354
QMW85744.1	iSDY_1059.SDY_0278	41.1	491	251	10	5	490	2	459	1.08e-117	353
QMW85744.1	iSF_1195.SF0457	40.9	491	252	10	5	490	2	459	2.16e-117	352
QMW85744.1	iAF987.Gmet_0057	38.8	505	268	10	5	491	3	484	5.12e-116	350
QMW85744.1	iCN900.CD630_00520	39.5	494	260	10	5	490	1	463	3.12e-112	339
QMW85744.1	iPC815.YPO3073	41.3	492	249	13	5	490	2	459	3.10e-111	337
QMW85744.1	iJN1463.PP_2905	39.8	493	255	13	5	491	2	458	9.49e-107	325
QMW85744.1	iCN718.ABAYE_RS12525	39.3	494	261	12	7	490	6	470	1.99e-106	325
QMW85744.1	iYS854.USA300HOU_RS02790	37.3	491	275	10	5	490	2	464	3.58e-105	321
QMW85745.1	iML1515.b3697	29.7	266	186	1	1	265	1	266	3.10e-35	127
QMW85746.1	iAM_Pc455.PCYB_113330	39.6	144	84	2	879	1019	1215	1358	1.54e-20	98.2
QMW85747.1	iCHOv1.100762274	27.1	144	82	4	2	133	1	133	9.95e-04	39.7
QMW85749.1	iAF987.Gmet_1640	45.5	358	172	5	2	336	4	361	1.91e-98	295
QMW85749.1	iSynCJ816.SGL_RS03255	46.2	357	167	8	2	336	6	359	3.42e-93	281
QMW85749.1	iEK1008.Rv3010c	44.0	341	165	6	1	322	1	334	1.63e-89	271
QMW85751.1	iYO844.BSU11340	54.2	419	183	4	1	418	1	411	3.94e-150	431
QMW85751.1	iJN1463.PP_1916	51.7	420	195	3	1	419	1	413	4.07e-145	419
QMW85751.1	iAF987.Gmet_1603	52.0	417	190	3	3	417	1	409	6.65e-143	413
QMW85751.1	iCN900.CD630_11840	50.8	415	198	2	4	418	3	411	2.87e-142	411
QMW85751.1	iYS854.USA300HOU_RS04880	49.9	419	195	5	4	418	5	412	2.85e-140	406
QMW85751.1	iSynCJ816.SGL_RS05665	49.6	419	203	3	1	418	4	415	3.50e-139	404
QMW85751.1	STM_v1_0.STM1197	51.1	419	196	4	1	417	1	412	6.35e-139	403
QMW85751.1	iHN637.CLJU_RS20760	50.0	418	200	4	4	420	3	412	7.05e-138	400
QMW85751.1	iYL1228.KPN_01093	50.4	419	199	4	1	417	1	412	4.77e-136	395
QMW85751.1	iSSON_1240.SSON_1115	50.6	419	198	4	1	417	1	412	6.76e-136	395
QMW85751.1	iPC815.YPO1601	49.0	418	206	3	1	417	1	412	6.76e-136	395
QMW85751.1	iML1515.b1095	50.4	419	199	4	1	417	1	412	2.72e-135	394
QMW85751.1	iSF_1195.SF1099	50.4	419	199	4	1	417	1	412	2.72e-135	394
QMW85751.1	iSbBS512_1146.SbBS512_E2229	49.9	421	198	4	1	417	1	412	3.86e-135	393
QMW85751.1	iSDY_1059.SDY_2055	50.1	419	200	4	1	417	1	412	2.20e-134	391
QMW85752.1	iML1515.b1094	61.8	76	29	0	1	76	1	76	1.50e-24	87.0
QMW85752.1	iYL1228.KPN_01092	61.8	76	29	0	1	76	1	76	1.50e-24	87.0
QMW85752.1	STM_v1_0.STM1196	61.8	76	29	0	1	76	1	76	1.50e-24	87.0
QMW85752.1	iSbBS512_1146.SbBS512_E2230	61.8	76	29	0	1	76	1	76	1.50e-24	87.0
QMW85752.1	iSDY_1059.SDY_2056	61.8	76	29	0	1	76	1	76	1.50e-24	87.0
QMW85752.1	iSF_1195.SF1098	61.8	76	29	0	1	76	1	76	1.50e-24	87.0
QMW85752.1	iSSON_1240.SSON_1114	61.8	76	29	0	1	76	1	76	1.50e-24	87.0
QMW85752.1	iYS854.USA300HOU_RS06195	65.7	67	23	0	7	73	6	72	1.46e-24	87.0
QMW85752.1	iJN1463.PP_1915	59.2	76	31	0	1	76	1	76	4.29e-24	85.9
QMW85752.1	iPC815.YPO1600	63.0	73	27	0	1	73	1	73	6.09e-24	85.5
QMW85752.1	iHN637.CLJU_RS06285	53.3	75	35	0	4	78	2	76	2.30e-21	79.0
QMW85753.1	iCN900.CD630_02220	40.2	189	99	5	21	206	3	180	7.74e-37	127
QMW85753.1	iAF692.Mbar_A1295	42.0	176	95	3	19	188	8	182	1.32e-36	126
QMW85753.1	iYS854.USA300HOU_RS05340	38.9	185	102	5	22	200	4	183	6.77e-36	124
QMW85754.1	iSF_1195.SF2396	38.6	339	195	3	1	337	1	328	8.31e-79	245
QMW85754.1	iSDY_1059.SDY_2519	38.6	339	195	3	1	337	1	328	2.34e-78	244
QMW85754.1	iSbBS512_1146.SbBS512_E2698	38.3	339	196	3	1	337	1	328	4.67e-78	243
QMW85754.1	iSSON_1240.SSON_2378	38.3	339	196	3	1	337	1	328	4.67e-78	243
QMW85754.1	iML1515.b2320	38.1	339	197	3	1	337	1	328	7.38e-77	240
QMW85754.1	STM_v1_0.STM2370	38.1	339	197	3	1	337	1	328	9.21e-75	235
QMW85754.1	iPC815.YPO2763	36.5	337	203	3	1	336	1	327	2.09e-72	229
QMW85754.1	iYL1228.KPN_02710	38.3	332	190	4	9	337	1	320	3.62e-72	228
QMW85756.1	iAF987.Gmet_2345	25.7	338	226	12	12	339	24	346	4.83e-13	68.9
QMW85759.1	iEK1008.Rv2957	30.0	90	61	1	91	180	26	113	3.44e-04	42.7
QMW85760.1	iSbBS512_1146.SbBS512_E4050	40.0	115	69	0	8	122	6	120	2.71e-21	92.4
QMW85760.1	iSSON_1240.SSON_3782	40.0	115	69	0	8	122	6	120	2.71e-21	92.4
QMW85760.1	iYO844.BSU35550	37.8	127	77	2	8	132	6	132	3.93e-20	87.8
QMW85762.1	iYO844.BSU35690	28.1	224	130	9	6	211	1	211	1.46e-16	79.7
QMW85762.1	iYO844.BSU35680	28.6	210	141	5	4	208	7	212	7.46e-16	78.2
QMW85762.1	iYO844.BSU35550	31.5	124	84	1	6	128	7	130	1.68e-15	74.7
QMW85762.1	iSbBS512_1146.SbBS512_E4050	33.6	119	78	1	1	118	1	119	9.51e-15	73.6
QMW85762.1	iSSON_1240.SSON_3782	33.6	119	78	1	1	118	1	119	9.51e-15	73.6
QMW85763.1	iYO844.BSU35550	28.7	195	128	4	4	197	5	189	1.36e-20	89.0
QMW85763.1	iSbBS512_1146.SbBS512_E4050	34.1	126	82	1	1	125	1	126	2.41e-18	84.0
QMW85763.1	iSSON_1240.SSON_3782	34.1	126	82	1	1	125	1	126	2.41e-18	84.0
QMW85764.1	iYO844.BSU35550	34.8	112	67	4	8	119	6	111	6.15e-10	58.5
QMW85766.1	iYO844.BSU31400	39.3	382	230	2	4	385	5	384	3.21e-91	279
QMW85766.1	iAF692.Mbar_A3463	37.3	383	238	2	4	386	11	391	8.93e-90	275
QMW85766.1	iSynCJ816.SGL_RS13785	37.8	386	235	4	3	386	6	388	8.90e-89	273
QMW85766.1	iHN637.CLJU_RS06550	36.3	397	236	5	4	386	3	396	3.58e-87	269
QMW85766.1	iHN637.CLJU_RS14495	38.6	363	217	3	21	381	23	381	1.99e-82	256
QMW85766.1	iYO844.BSU22370	35.2	389	243	5	3	385	6	391	3.96e-82	256
QMW85767.1	iAF987.Gmet_2351	32.2	329	211	6	43	368	42	361	6.49e-47	163
QMW85767.1	iAF987.Gmet_0886	30.5	344	223	4	40	368	37	379	1.18e-43	155
QMW85768.1	iCHOv1.100760161	21.1	308	199	10	34	320	98	382	2.23e-07	51.6
QMW85769.1	iAF987.Gmet_0885	28.8	312	218	3	1	310	1	310	5.70e-50	167
QMW85769.1	STM_v1_0.STM2298	32.7	312	197	6	1	305	7	312	8.02e-47	160
QMW85769.1	iML1515.b2254	32.7	312	197	6	1	305	7	312	1.51e-45	156
QMW85769.1	iSSON_1240.SSON_2315	32.7	312	197	6	1	305	7	312	1.51e-45	156
QMW85769.1	iYL1228.KPN_03846	32.5	308	195	6	1	301	7	308	3.37e-45	155
QMW85769.1	iSF_1195.SF2333	32.4	312	198	6	1	305	7	312	2.98e-45	155
QMW85769.1	iPC815.YPO2421	31.7	319	203	7	1	311	7	318	3.37e-45	155
QMW85775.1	iAF987.Gmet_2349	41.4	486	280	3	125	609	88	569	2.08e-122	373
QMW85776.1	iJN1463.PP_4286	30.4	125	78	3	14	129	62	186	3.25e-08	53.1
QMW85782.1	iLJ478.TM0348	41.1	146	76	4	2	146	1	137	3.98e-24	97.4
QMW85783.1	iSynCJ816.SGL_RS17330	46.5	652	319	7	2	630	43	687	3.05e-200	578
QMW85783.1	iSynCJ816.SGL_RS01915	42.1	642	350	7	4	629	23	658	4.20e-183	533
QMW85783.1	iAF987.Gmet_0904	46.1	634	336	4	1	629	1	633	8.76e-182	528
QMW85783.1	iPC815.YPO0929	45.7	632	316	12	13	630	39	657	1.91e-181	528
QMW85783.1	iML1515.b2938	45.5	629	321	11	13	630	39	656	5.94e-180	525
QMW85783.1	iSbBS512_1146.SbBS512_E3371	45.3	629	322	11	13	630	39	656	3.36e-179	523
QMW85783.1	iSDY_1059.SDY_3134	45.3	629	322	11	13	630	39	656	3.36e-179	523
QMW85783.1	iSSON_1240.SSON_3092	45.3	629	322	11	13	630	39	656	3.36e-179	523
QMW85783.1	STM_v1_0.STM3086	45.3	629	322	11	13	630	39	656	6.73e-179	522
QMW85783.1	iSF_1195.SF2931	45.2	633	317	12	13	630	43	660	1.86e-178	521
QMW85784.1	iCN900.CD630_20320	36.5	241	145	3	4	241	23	258	3.77e-45	152
QMW85784.1	iAF692.Mbar_A1181	36.3	251	145	4	3	241	44	291	7.14e-44	150
QMW85784.1	iLJ478.TM1784	37.8	241	139	5	4	241	22	254	1.26e-41	143
QMW85784.1	iCN718.ABAYE_RS14570	36.4	250	141	5	4	241	28	271	4.39e-40	140
QMW85784.1	iJN1463.PP_5289	34.9	249	137	4	4	236	28	267	1.67e-39	138
QMW85793.1	iML1515.b3590	31.2	250	156	10	543	784	2	243	8.97e-16	81.6
QMW85795.1	iML1515.b1683	62.4	481	161	4	18	484	21	495	1.08e-220	616
QMW85795.1	iSSON_1240.SSON_1473	62.4	481	161	4	18	484	34	508	1.72e-220	616
QMW85795.1	iSF_1195.SF1713	62.2	481	162	4	18	484	21	495	1.78e-219	613
QMW85796.1	iSSON_1240.SSON_1474	62.3	244	92	0	1	244	1	244	1.73e-104	302
QMW85796.1	iML1515.b1682	62.3	244	92	0	1	244	1	244	4.94e-104	301
QMW85796.1	iSF_1195.SF1712	61.9	244	93	0	1	244	1	244	4.94e-104	301
QMW85796.1	iSDY_1059.SDY_1913	61.9	244	93	0	1	244	1	244	9.95e-104	300
QMW85796.1	iYS854.USA300HOU_RS04515	55.6	248	108	2	2	249	5	250	3.47e-98	286
QMW85797.1	iSSON_1240.SSON_1475	38.3	167	103	0	269	435	254	420	1.26e-32	127
QMW85797.1	iML1515.b1681	38.3	167	103	0	269	435	254	420	1.73e-32	127
QMW85797.1	iSF_1195.SF1711	38.3	167	103	0	269	435	254	420	1.73e-32	127
QMW85797.1	iSDY_1059.SDY_1912	37.1	167	105	0	269	435	254	420	2.70e-30	121
QMW85798.1	iML1515.b1680	51.6	401	192	2	3	402	5	404	1.27e-142	411
QMW85798.1	iSSON_1240.SSON_1476	51.4	401	193	2	3	402	5	404	5.11e-142	410
QMW85798.1	iSbBS512_1146.SbBS512_E1881	51.6	401	192	2	3	402	5	404	1.45e-141	409
QMW85798.1	iCN718.ABAYE_RS11400	48.4	401	207	0	1	401	248	648	5.03e-138	408
QMW85798.1	iSynCJ816.SGL_RS15265	47.4	401	208	1	6	403	13	413	1.99e-132	386
QMW85798.1	iYS854.USA300HOU_RS04525	47.6	403	210	1	2	403	10	412	1.41e-131	384
QMW85798.1	iLB1027_lipid.PHATRDRAFT_19482	47.4	405	206	5	5	403	74	477	8.53e-129	379
QMW85800.1	iLB1027_lipid.PHATRDRAFT_15815	48.9	707	284	13	33	727	1	642	1.36e-177	522
QMW85800.1	iAF692.Mbar_A0186	44.1	735	346	9	1	734	1	671	1.16e-174	515
QMW85800.1	iAF987.Gmet_3239	41.9	737	360	11	1	727	1	679	7.80e-164	488
QMW85803.1	iCN900.CD630_21220	33.8	308	200	4	1	305	2	308	2.43e-55	181
QMW85803.1	iYS854.USA300HOU_RS12865	36.5	266	161	4	22	283	26	287	1.66e-49	166
QMW85807.1	iAF692.Mbar_A2310	42.5	40	23	0	697	736	2	41	8.53e-04	38.9
QMW85808.1	iHN637.CLJU_RS19260	49.4	506	250	4	3	503	4	508	3.11e-170	489
QMW85808.1	iCN900.CD630_31710	51.0	510	240	7	1	503	2	508	6.03e-170	489
QMW85808.1	iAF692.Mbar_A1223	49.6	508	248	5	3	503	9	515	4.36e-169	487
QMW85808.1	iAF987.Gmet_3203	48.6	510	254	6	1	503	1	509	3.41e-167	482
QMW85808.1	iYO844.BSU33910	48.4	512	254	6	1	504	1	510	1.84e-161	467
QMW85808.1	iJN1463.PP_5056	48.0	506	255	8	3	503	6	508	9.67e-159	460
QMW85808.1	iAF692.Mbar_A2222	46.1	518	261	5	3	503	6	522	2.48e-157	457
QMW85808.1	iML1515.b3612	46.3	512	261	7	1	502	3	510	3.19e-155	451
QMW85808.1	STM_v1_0.STM3704	45.4	509	270	6	1	502	3	510	1.81e-154	449
QMW85808.1	iSDY_1059.SDY_4045	46.3	512	261	7	1	502	3	510	1.81e-154	449
QMW85808.1	iSbBS512_1146.SbBS512_E4040	46.1	512	262	7	1	502	3	510	2.57e-154	449
QMW85808.1	iSSON_1240.SSON_3793	46.1	512	262	7	1	502	3	510	2.57e-154	449
QMW85808.1	iSF_1195.SF3651	46.1	512	262	7	1	502	3	510	3.64e-154	449
QMW85808.1	iYS854.USA300HOU_RS04200	45.3	506	273	4	1	504	1	504	3.83e-154	448
QMW85808.1	iYL1228.KPN_03956	46.2	504	262	7	6	502	2	503	1.07e-151	442
QMW85835.1	iYL1228.KPN_00095	31.0	465	286	9	3	444	16	468	1.48e-69	229
QMW85835.1	iHN637.CLJU_RS20600	33.3	451	280	10	7	446	9	449	2.47e-69	227
QMW85835.1	iPC815.YPO0556	30.7	466	286	9	3	444	16	468	3.09e-68	225
QMW85835.1	iML1515.b0091	29.5	465	293	9	3	444	16	468	4.87e-66	219
QMW85835.1	iSF_1195.SF0088	29.5	465	293	9	3	444	16	468	1.34e-65	218
QMW85835.1	iSSON_1240.SSON_0099	29.5	465	293	9	3	444	16	468	1.34e-65	218
QMW85835.1	STM_v1_0.STM0129	29.6	479	293	10	3	452	16	479	1.87e-65	218
QMW85835.1	iSbBS512_1146.SbBS512_E0084	29.5	465	293	9	3	444	16	468	1.87e-65	218
QMW85835.1	iSDY_1059.SDY_0121	29.2	465	294	9	3	444	16	468	3.67e-65	217
QMW85835.1	iJN1463.PP_1338	29.9	468	294	9	6	453	16	469	4.17e-65	217
QMW85835.1	iCN718.ABAYE_RS01280	29.4	463	292	10	3	444	19	467	1.69e-63	213
QMW85835.1	iAF987.Gmet_0413	31.1	456	282	10	6	444	5	445	8.19e-62	207
QMW85836.1	iCN900.CD630_26510	36.2	367	227	4	5	367	2	365	2.20e-78	246
QMW85836.1	iYO844.BSU15220	35.0	354	226	3	5	357	1	351	1.81e-74	234
QMW85836.1	iNF517.LLMG_RS04660	35.2	355	220	4	5	358	1	346	2.97e-71	226
QMW85837.1	iJN1463.PP_1336	28.7	373	232	9	20	383	29	376	1.98e-31	124
QMW85837.1	iML1515.b0089	27.5	397	253	12	6	395	40	408	4.87e-29	117
QMW85838.1	iCN900.CD630_26530	35.7	451	276	10	2	444	6	450	2.66e-79	252
QMW85838.1	iYO844.BSU15200	36.9	452	265	10	2	444	10	450	1.49e-74	240
QMW85838.1	iAF987.Gmet_0410	34.6	456	270	10	2	444	6	446	7.03e-72	233
QMW85839.1	iAF987.Gmet_0409	37.2	422	201	9	1	422	1	358	2.30e-68	220
QMW85839.1	iJN1463.PP_1334	34.0	423	215	8	1	422	1	360	2.44e-68	220
QMW85839.1	iML1515.b0087	34.5	423	213	9	1	422	1	360	2.08e-66	215
QMW85839.1	iSbBS512_1146.SbBS512_E0080	34.5	423	213	9	1	422	1	360	2.08e-66	215
QMW85839.1	iSF_1195.SF0084	34.5	423	213	9	1	422	1	360	2.08e-66	215
QMW85839.1	iSSON_1240.SSON_0095	34.5	423	213	9	1	422	1	360	2.08e-66	215
QMW85839.1	iSDY_1059.SDY_0117	34.5	423	213	9	1	422	1	360	5.79e-66	214
QMW85839.1	STM_v1_0.STM0125	34.0	423	215	9	1	422	1	360	8.14e-66	214
QMW85839.1	iPC815.YPO0552	34.3	423	214	9	1	422	1	360	1.15e-65	213
QMW85839.1	iYL1228.KPN_00091	33.8	423	216	9	1	422	1	360	6.32e-65	211
QMW85840.1	iCN900.CD630_26640	41.9	489	270	6	1	482	1	482	3.42e-119	357
QMW85840.1	iHN637.CLJU_RS05190	40.5	489	274	7	1	482	1	479	4.12e-114	344
QMW85840.1	iAF987.Gmet_0407	38.6	505	283	6	1	481	1	502	2.22e-112	341
QMW85841.1	iAF987.Gmet_0406	27.4	532	331	18	171	690	148	636	1.77e-41	160
QMW85847.1	iSynCJ816.SGL_RS14375	38.6	456	254	9	2	447	1	440	3.11e-90	280
QMW85847.1	iCN718.ABAYE_RS05060	37.7	459	254	11	2	447	4	443	2.20e-85	268
QMW85847.1	iJN1463.PP_2102	37.1	464	255	12	2	449	1	443	4.02e-85	267
QMW85848.1	iAF987.Gmet_1593	58.7	143	59	0	1	143	6	148	4.10e-53	164
QMW85851.1	iAF987.Gmet_1854	26.1	161	109	6	274	432	240	392	1.36e-09	59.3
QMW85852.1	iAF987.Gmet_0043	24.4	287	187	6	935	1214	152	415	1.29e-16	84.7
QMW85858.1	STM_v1_0.STM4425	28.3	191	124	6	41	227	3	184	3.74e-13	70.1
QMW85858.1	iAF692.Mbar_A1138	27.0	152	104	4	41	192	2	146	7.70e-12	65.9
QMW85860.1	iAF692.Mbar_A1138	34.0	147	95	2	45	191	3	147	1.63e-18	85.5
QMW85860.1	STM_v1_0.STM4433	29.8	151	104	1	42	190	2	152	2.01e-16	79.7
QMW85860.1	STM_v1_0.STM4425	29.2	144	99	3	45	185	4	147	1.55e-15	77.0
QMW85881.1	iCHOv1.100753973	30.1	359	208	12	25	355	31	374	5.68e-41	152
QMW85881.1	iCHOv1.100754567	27.6	445	272	10	23	441	19	439	3.63e-40	150
QMW85881.1	iMM1415.11883	28.0	460	279	12	10	441	3	438	5.82e-40	149
QMW85881.1	iMM1415.50917	27.9	391	221	12	14	379	17	371	2.51e-37	141
QMW85881.1	iMM1415.11881	27.3	480	276	17	13	433	34	499	5.97e-36	139
QMW85882.1	iMM1415.11881	25.9	464	205	13	31	479	46	385	8.03e-34	134
QMW85883.1	iMM1415.11881	36.0	347	192	6	24	353	44	377	1.06e-64	217
QMW85893.1	iLJ478.TM1193	25.5	467	274	17	45	472	37	468	2.31e-24	108
QMW85909.1	iLJ478.TM0282	46.1	336	168	6	46	374	25	354	1.84e-94	286
QMW85909.1	iCN718.ABAYE_RS14110	41.0	351	192	6	39	376	33	381	8.28e-88	270
QMW85911.1	iLJ478.TM0282	45.1	337	172	6	46	375	25	355	5.22e-94	285
QMW85911.1	iCN718.ABAYE_RS14110	40.7	356	196	6	34	376	28	381	1.65e-87	269
QMW85927.1	iCN900.CD630_03030	27.3	326	195	12	62	350	97	417	1.89e-23	100
QMW85927.1	iNF517.LLMG_RS02810	27.6	369	223	14	11	345	3	361	2.81e-20	90.5
QMW85928.1	iSynCJ816.SGL_RS04190	28.9	629	389	15	15	599	22	636	8.72e-73	245
QMW85928.1	iCHOv1.100754767	28.6	625	391	19	15	601	109	716	5.78e-69	236
QMW85928.1	iEK1008.Rv2187	28.6	573	385	11	33	599	43	597	4.50e-67	229
QMW85929.1	iAF987.Gmet_2530	30.0	464	308	7	96	547	29	487	2.53e-62	220
QMW85945.1	iYL1228.KPN_02568	45.6	750	389	5	25	770	30	764	1.01e-232	669
QMW85945.1	iSSON_1240.SSON_2189	46.1	750	385	5	25	770	30	764	4.63e-231	664
QMW85945.1	iSDY_1059.SDY_2156	46.0	750	386	5	25	770	30	764	1.31e-230	663
QMW85945.1	iML1515.b2132	46.0	750	386	5	25	770	30	764	3.73e-230	662
QMW85945.1	iSF_1195.SF2217	45.9	750	387	5	25	770	30	764	1.50e-229	660
QMW85945.1	iSbBS512_1146.SbBS512_E0841	45.9	750	387	5	25	770	30	764	3.00e-229	660
QMW85945.1	iJN1463.PP_1403	46.2	775	387	10	9	770	5	762	1.17e-225	650
QMW85953.1	iAF987.Gmet_2683	25.1	283	177	12	9	273	6	271	5.92e-12	64.7
QMW85953.1	iYO844.BSU06170	25.3	293	168	11	1	258	1	277	8.76e-12	64.3
QMW85953.1	iNF517.LLMG_RS04050	32.4	111	70	2	166	276	172	277	3.61e-11	62.4
QMW85953.1	iSDY_1059.SDY_3995	32.8	116	72	2	166	276	176	290	1.64e-10	60.5
QMW85953.1	iML1515.b3752	32.8	116	72	2	166	276	176	290	2.96e-10	59.7
QMW85953.1	iSbBS512_1146.SbBS512_E4167	32.8	116	72	2	166	276	176	290	2.96e-10	59.7
QMW85953.1	iSF_1195.SF3835	32.8	116	72	2	166	276	181	295	3.04e-10	59.7
QMW85953.1	iSSON_1240.SSON_3922	32.8	116	72	2	166	276	176	290	2.96e-10	59.7
QMW85953.1	iYL1228.KPN_04157	31.9	116	73	2	166	276	177	291	4.01e-10	59.3
QMW85957.1	STM_v1_0.STM4425	23.5	378	209	15	42	401	3	318	4.64e-12	66.6
QMW85957.1	STM_v1_0.STM4433	30.1	156	102	5	40	193	2	152	1.52e-11	65.1
QMW85959.1	iYL1228.KPN_04675	34.4	151	94	4	53	199	30	179	1.01e-17	84.0
QMW85959.1	STM_v1_0.STM4425	28.4	197	121	6	53	246	4	183	1.14e-16	80.5
QMW85959.1	iAF692.Mbar_A1138	31.0	145	98	2	53	197	3	145	1.30e-15	77.0
QMW85962.1	iCN900.CD630_10110	31.8	192	123	3	72	260	56	242	7.07e-32	117
QMW85962.1	iYO844.BSU35020	32.4	222	139	4	41	256	22	238	1.18e-31	116
QMW85962.1	iNF517.LLMG_RS04735	31.3	192	126	2	61	252	41	226	2.95e-30	112
QMW85962.1	iYS854.USA300HOU_RS02985	29.3	229	147	5	40	258	18	241	1.77e-28	108
QMW85963.1	iCN900.CD630_10100	35.7	389	231	8	6	393	4	374	1.79e-68	220
QMW85963.1	iYS854.USA300HOU_RS03790	36.5	400	234	9	1	391	1	389	7.74e-68	219
QMW85964.1	iIT341.HP1174	29.2	435	264	10	9	433	2	402	3.83e-50	174
QMW85964.1	iSF_1195.SF2815	30.5	429	280	8	4	428	15	429	2.13e-46	165
QMW85964.1	iML1515.b2801	30.5	429	280	8	4	428	15	429	1.11e-45	163
QMW85964.1	iSSON_1240.SSON_2958	30.5	429	280	8	4	428	15	429	2.15e-45	162
QMW85965.1	iMM1415.27419	33.0	709	455	13	29	724	31	732	1.56e-138	424
QMW85965.1	iCHOv1.100757611	32.8	704	451	13	35	724	38	733	9.84e-133	409
QMW85967.1	iMM1415.17939	32.7	346	186	9	269	587	16	341	6.55e-44	162
QMW85967.1	iMM1415.11605	34.3	312	162	9	271	558	34	326	4.95e-43	160
QMW85967.1	iCHOv1.100751670	32.0	344	191	11	269	587	16	341	7.51e-42	156
QMW85972.1	iCHOv1.100750552	29.8	419	247	16	94	494	110	499	3.26e-48	174
QMW85972.1	iMM1415.15212	27.1	414	262	12	94	494	122	508	3.72e-48	174
QMW85972.1	iMM1415.15211	29.8	419	247	16	94	494	110	499	1.18e-47	173
QMW85972.1	iCHOv1.100756663	26.8	414	263	11	94	494	117	503	5.54e-46	168
QMW85972.1	iCHOv1.100756951	26.9	416	260	14	94	494	117	503	7.63e-46	168
QMW85973.1	iLJ478.TM1624	21.7	773	494	30	54	806	21	702	7.00e-24	107
QMW85974.1	iHN637.CLJU_RS10220	34.2	313	182	6	8	298	4	314	4.08e-44	152
QMW85974.1	iLJ478.TM1469	31.2	314	188	5	6	295	2	311	3.90e-39	139
QMW85975.1	iCN718.ABAYE_RS00990	26.2	374	230	11	7	349	254	612	2.94e-19	88.6
QMW85975.1	STM_v1_0.STM3861	28.4	359	236	12	7	349	256	609	1.01e-17	84.0
QMW85975.1	iYL1228.KPN_04134	27.1	365	233	13	7	349	256	609	5.85e-17	81.6
QMW85975.1	iSbBS512_1146.SbBS512_E4192	28.5	361	233	13	7	349	256	609	5.85e-17	81.6
QMW85975.1	iML1515.b3729	28.3	360	235	12	7	349	256	609	1.05e-16	80.9
QMW85975.1	iSF_1195.SF3809	28.3	360	235	12	7	349	256	609	1.05e-16	80.9
QMW85975.1	iSSON_1240.SSON_3890	28.3	360	235	12	7	349	256	609	1.05e-16	80.9
QMW85979.1	iCHOv1.100753186	40.0	385	213	8	15	387	19	397	6.66e-91	279
QMW85979.1	iMM1415.19703	36.6	385	218	8	12	387	27	394	1.81e-80	252
QMW85980.1	iYO844.BSU33960	38.2	458	269	5	6	463	19	462	7.16e-94	291
QMW85980.1	iYL1228.KPN_02872	39.4	465	266	7	2	460	26	480	3.01e-92	288
QMW85980.1	iML1515.b4031	36.2	495	267	13	1	463	1	478	3.64e-84	267
QMW85980.1	iSSON_1240.SSON_4209	36.0	495	268	13	1	463	1	478	2.83e-83	265
QMW85985.1	iYS854.USA300HOU_RS08350	49.6	496	204	5	10	502	8	460	1.43e-161	466
QMW85988.1	iYO844.BSU39780	28.3	219	148	4	1	217	1	212	5.07e-21	90.9
QMW85988.1	iYO844.BSU09530	28.2	220	147	5	1	217	1	212	2.93e-19	86.3
QMW85990.1	iSSON_1240.SSON_2958	39.3	405	243	3	2	404	20	423	1.39e-81	257
QMW85990.1	iSF_1195.SF2815	39.3	405	243	3	2	404	20	423	1.96e-81	256
QMW85990.1	iML1515.b2801	39.3	405	243	3	2	404	20	423	2.76e-81	256
QMW85990.1	iYL1228.KPN_03152	38.8	405	245	3	2	404	5	408	7.16e-81	254
QMW85991.1	iYO844.BSU12330	34.0	338	219	4	1	336	1	336	4.00e-56	185
QMW85991.1	iSbBS512_1146.SbBS512_E4898	34.1	302	196	3	9	309	12	311	6.78e-50	169
QMW85993.1	iCHOv1.100752593	28.8	427	211	17	9	372	386	782	1.35e-25	108
QMW85994.1	iPC815.YPO3162	25.9	417	267	12	25	428	20	407	7.12e-33	129
QMW85994.1	STM_v1_0.STM0444	24.8	424	277	10	25	435	20	414	4.28e-29	118
QMW85996.1	iYO844.BSU35550	31.4	118	78	3	250	367	9	123	2.45e-09	58.5
QMW85997.1	iCN900.CD630_06820	25.2	421	299	8	10	424	10	420	8.46e-30	122
QMW86001.1	iYO844.BSU02750	26.4	208	147	4	22	224	23	229	1.94e-24	98.6
QMW86001.1	iCN900.CD630_01010	31.2	221	129	7	9	210	7	223	5.93e-24	98.2
QMW86001.1	iCN900.CD630_16140	29.1	206	139	3	22	222	42	245	1.43e-23	96.7
QMW86001.1	iYL1228.KPN_03816	29.4	218	148	3	8	220	9	225	2.26e-22	92.8
QMW86001.1	iCHOv1.100761226	28.1	217	139	5	5	210	899	1109	1.10e-20	92.0
QMW86001.1	iMM1415.11303	28.1	217	139	5	5	210	899	1109	1.10e-20	92.0
QMW86001.1	iYO844.BSU30450	27.1	221	155	3	4	222	1	217	2.18e-21	91.3
QMW86001.1	iML1515.b4287	26.5	230	155	5	5	223	3	229	1.18e-21	91.3
QMW86001.1	iSSON_1240.SSON_4459	26.5	230	155	5	5	223	3	229	1.18e-21	91.3
QMW86001.1	iJN1463.PP_0958	24.1	257	169	5	5	240	9	260	2.88e-21	90.5
QMW86001.1	iJN1463.PP_1078	31.1	212	139	4	4	210	6	215	1.05e-20	90.5
QMW86001.1	iPC815.YPO3804	30.4	217	141	5	4	213	1	214	1.49e-21	90.5
QMW86001.1	iJN1463.PP_1137	26.3	224	159	3	4	222	1	223	2.07e-21	90.1
QMW86001.1	iSDY_1059.SDY_3603	28.8	226	154	4	1	220	5	229	2.42e-21	90.1
QMW86001.1	iYL1228.KPN_00606	30.0	223	141	5	10	220	13	232	5.06e-21	89.7
QMW86001.1	iJN1463.PP_4845	28.0	232	162	2	4	230	1	232	2.82e-21	89.7
QMW86001.1	iJN1463.PP_2668	24.7	223	161	4	5	222	4	224	7.06e-21	89.0
QMW86001.1	iSynCJ816.SGL_RS17160	28.4	236	150	5	8	239	6	226	3.23e-20	89.0
QMW86010.1	iYO844.BSU16750	51.7	344	155	5	1	335	5	346	2.12e-111	327
QMW86010.1	iSynCJ816.SGL_RS16920	51.5	332	158	3	1	331	5	334	1.23e-108	320
QMW86010.1	iAF987.Gmet_0604	52.1	330	156	2	3	331	7	335	1.80e-108	319
QMW86010.1	iHN637.CLJU_RS17045	50.8	333	155	5	3	333	5	330	1.24e-106	314
QMW86012.1	iSynCJ816.SGL_RS14400	32.2	571	359	11	13	559	10	576	6.46e-76	258
QMW86013.1	iAF692.Mbar_A1238	33.8	148	96	1	12	159	14	159	2.26e-21	89.0
QMW86013.1	iSF_1195.SF0776	33.3	156	99	2	15	170	25	175	4.55e-19	82.8
QMW86013.1	iML1515.b0826	32.7	156	100	2	15	170	25	175	6.32e-19	82.4
QMW86013.1	iSbBS512_1146.SbBS512_E2522	32.7	156	100	2	15	170	25	175	6.32e-19	82.4
QMW86013.1	iSDY_1059.SDY_0761	32.7	156	100	2	15	170	25	175	1.69e-18	81.3
QMW86013.1	iSSON_1240.SSON_0808	32.7	156	100	2	15	170	25	175	3.24e-18	80.5
QMW86014.1	iCN900.CD630_19470	45.3	201	110	0	15	215	27	227	6.93e-59	184
QMW86014.1	iYO844.BSU30420	42.0	224	122	1	1	216	1	224	3.96e-56	177
QMW86014.1	iJN1463.PP_4210	40.4	223	127	2	1	218	5	226	2.09e-50	172
QMW86014.1	iYO844.BSU23960	42.3	220	122	4	1	218	1	217	2.15e-52	168
QMW86014.1	STM_v1_0.STM0828	43.6	220	119	4	1	218	1	217	4.29e-52	167
QMW86014.1	iSDY_1059.SDY_0787	43.6	220	119	4	1	218	1	217	6.07e-52	167
QMW86014.1	iML1515.b0809	43.6	220	119	4	1	218	1	217	8.59e-52	167
QMW86014.1	iYL1228.KPN_00838	43.2	220	120	4	1	218	1	217	8.59e-52	167
QMW86014.1	iSbBS512_1146.SbBS512_E2539	43.6	220	119	4	1	218	1	217	8.59e-52	167
QMW86014.1	iSSON_1240.SSON_0789	43.6	220	119	4	1	218	1	217	8.59e-52	167
QMW86016.1	iAT_PLT_636.6532	28.5	418	234	12	5	368	78	484	1.16e-38	147
QMW86016.1	iCHOv1.100754706	27.9	459	254	16	5	407	78	515	4.02e-38	146
QMW86016.1	iMM1415.15567	28.4	387	214	11	5	339	78	453	1.90e-37	144
QMW86016.1	iMM1415.240332	28.8	410	227	12	5	363	36	431	1.09e-35	139
QMW86016.1	iCHOv1.100760370	27.4	430	256	15	5	392	43	458	6.27e-34	134
QMW86016.1	iMM1415.232333	27.4	430	256	15	5	392	43	458	6.27e-34	134
QMW86016.1	iMM1415.14411	26.3	460	261	14	5	406	49	488	7.52e-34	134
QMW86016.1	iMM1415.14412	25.8	462	270	14	4	414	41	480	9.33e-34	133
QMW86018.1	iYO844.BSU04570	36.3	435	246	9	16	432	30	451	2.04e-76	244
QMW86018.1	iYL1228.KPN_00090	37.3	432	244	10	16	432	27	446	2.52e-72	234
QMW86018.1	iHN637.CLJU_RS05195	33.9	434	266	6	16	432	29	458	1.03e-70	230
QMW86018.1	STM_v1_0.STM0124	36.5	436	252	11	11	432	22	446	2.96e-70	228
QMW86018.1	iSbBS512_1146.SbBS512_E0079	35.9	435	246	10	16	432	27	446	8.88e-69	224
QMW86018.1	iSSON_1240.SSON_0094	35.9	435	246	10	16	432	27	446	8.88e-69	224
QMW86018.1	iML1515.b0086	35.5	434	249	9	16	432	27	446	1.75e-68	224
QMW86018.1	iSDY_1059.SDY_0116	35.9	435	246	10	16	432	27	446	2.46e-68	223
QMW86018.1	iPC815.YPO0551	36.0	433	249	13	16	432	32	452	1.11e-67	222
QMW86018.1	iSF_1195.SF0083	35.4	435	248	10	16	432	27	446	3.72e-67	220
QMW86019.1	iAF987.Gmet_0043	26.6	259	146	9	435	666	25	266	3.35e-10	62.8
QMW86020.1	iPC815.YPO3501	42.8	276	153	4	8	281	2	274	9.72e-73	224
QMW86020.1	STM_v1_0.STM3295	44.0	268	145	4	12	277	6	270	4.55e-72	223
QMW86020.1	iLJ478.TM0040	40.7	273	159	3	8	279	3	273	2.28e-71	221
QMW86020.1	iML1515.b3177	43.7	268	146	4	12	277	6	270	1.03e-70	219
QMW86020.1	iSF_1195.SF3217	43.7	268	146	4	12	277	21	285	1.63e-70	219
QMW86020.1	iSSON_1240.SSON_3325	43.7	268	146	4	12	277	21	285	1.63e-70	219
QMW86020.1	iSbBS512_1146.SbBS512_E3593	43.7	268	146	4	12	277	6	270	2.07e-70	218
QMW86020.1	iYL1228.KPN_03587	43.0	279	148	5	1	277	1	270	1.17e-69	216
QMW86020.1	iSDY_1059.SDY_3358	43.3	268	147	4	12	277	21	285	1.84e-69	216
QMW86021.1	iAF987.Gmet_1888	33.9	236	137	4	6	236	9	230	1.24e-32	119
QMW86021.1	iAF987.Gmet_1168	31.3	243	158	3	8	250	8	241	5.74e-30	116
QMW86028.1	iMM1415.12091	37.3	606	328	14	28	596	34	624	3.01e-119	373
QMW86028.1	iCHOv1.100767446	37.1	614	322	20	27	596	20	613	2.12e-114	360
QMW86031.1	iHN637.CLJU_RS00605	24.1	162	90	4	388	548	44	173	1.77e-10	63.9
QMW86031.1	iYO844.BSU28510	27.5	160	79	7	392	549	49	173	1.58e-09	60.8
QMW86033.1	iYL1228.KPN_00852	23.8	759	472	26	82	799	81	774	3.48e-47	180
QMW86033.1	iCHOv1.100770033	26.2	557	323	20	220	753	332	823	2.26e-43	169
QMW86033.1	iMM1415.232714	23.8	673	401	20	92	713	185	796	1.03e-40	162
QMW86033.1	iMM1415.69983	24.0	684	413	24	189	819	1155	1784	8.18e-41	162
QMW86039.1	iLJ478.TM0306	25.8	530	267	14	35	536	4	435	4.42e-47	170
QMW86050.1	iAF987.Gmet_0043	23.2	426	276	9	836	1246	9	398	2.95e-19	93.2
QMW86054.1	iLJ478.TM0024	39.1	271	130	12	23	281	210	457	8.12e-45	169
QMW86063.1	iHN637.CLJU_RS06260	54.0	335	152	2	2	336	1	333	7.41e-120	348
QMW86063.1	iAF987.Gmet_1035	52.0	333	156	3	2	332	1	331	9.72e-108	317
QMW86064.1	iLJ478.TM0274	58.6	401	163	3	1	399	1	400	1.55e-161	459
QMW86064.1	iCN900.CD630_11750	55.4	399	176	2	1	398	1	398	2.13e-160	456
QMW86064.1	iHN637.CLJU_RS06265	53.3	398	184	2	1	398	1	396	6.58e-157	447
QMW86064.1	iYO844.BSU29470	52.9	397	183	3	2	398	3	395	2.63e-148	425
QMW86064.1	iAF692.Mbar_A1820	52.8	398	187	1	1	398	1	397	1.17e-147	424
QMW86065.1	iSbBS512_1146.SbBS512_E4050	28.8	212	127	9	45	246	9	206	7.77e-14	71.6
QMW86065.1	iSSON_1240.SSON_3782	28.8	212	127	9	45	246	9	206	7.77e-14	71.6
QMW86065.1	iYS854.USA300HOU_RS01340	37.6	93	54	2	42	130	2	94	5.67e-13	70.1
QMW86065.1	iYO844.BSU35680	35.6	104	59	3	44	141	10	111	3.77e-11	64.7
QMW86067.1	iYS854.USA300HOU_RS04825	36.5	96	61	0	6	101	5	100	1.23e-22	84.0
QMW86068.1	iAF987.Gmet_2776	29.0	231	150	5	6	234	5	223	4.72e-29	109
QMW86069.1	iLJ478.TM1840	24.6	623	253	19	62	643	57	503	2.41e-35	140
QMW86069.1	iYO844.BSU07810	24.6	686	319	22	62	690	13	557	4.60e-35	140
QMW86069.1	iCN900.CD630_30910	50.0	130	62	3	58	186	6	133	2.74e-33	134
QMW86069.1	iYS854.USA300HOU_RS02395	45.7	127	66	2	59	182	8	134	1.56e-31	129
QMW86069.1	iPC815.YPO3696	53.0	117	53	2	62	177	12	127	3.03e-31	128
QMW86069.1	iSbBS512_1146.SbBS512_E4844	47.5	141	67	4	47	185	1	136	3.92e-31	128
QMW86069.1	iYO844.BSU34560	46.0	126	66	2	62	186	9	133	5.72e-31	127
QMW86069.1	iSF_1195.SF4251	50.8	126	59	3	62	185	12	136	5.26e-31	127
QMW86069.1	iSSON_1240.SSON_4420	50.8	126	59	3	62	185	12	136	5.26e-31	127
QMW86069.1	iYL1228.KPN_04651	53.0	117	53	2	62	177	12	127	9.44e-31	127
QMW86073.1	iJN1463.PP_2193	38.5	65	36	2	181	245	209	269	3.48e-04	44.3
QMW86075.1	iSynCJ816.SGL_RS08250	28.4	479	271	19	127	580	32	463	1.98e-37	145
QMW86079.1	iLJ478.TM0156	34.8	468	253	11	3	466	2	421	7.00e-65	215
QMW86079.1	iYO844.BSU05740	36.1	468	229	16	18	466	39	455	6.60e-60	202
QMW86083.1	iYS854.USA300HOU_RS06015	47.2	316	145	4	33	348	8	301	4.46e-77	239
QMW86083.1	iCN900.CD630_25960	44.1	306	151	4	41	346	16	301	1.90e-72	227
QMW86083.1	iNF517.LLMG_RS07670	43.9	312	145	7	41	348	13	298	7.93e-68	215
QMW86084.1	iYL1228.KPN_00323	31.4	350	206	9	2	321	14	359	2.59e-46	160
QMW86084.1	iCN900.CD630_16260	28.6	360	215	6	3	321	4	362	1.76e-43	152
QMW86084.1	iML1515.b0381	30.0	353	207	8	2	321	3	348	4.62e-43	151
QMW86084.1	iSbBS512_1146.SbBS512_E0298	30.0	353	207	8	2	321	3	348	4.62e-43	151
QMW86084.1	iSF_1195.SF0232	30.0	353	207	8	2	321	3	348	4.62e-43	151
QMW86084.1	iSSON_1240.SSON_0356	30.0	353	207	8	2	321	3	348	4.62e-43	151
QMW86084.1	iSDY_1059.SDY_0365	30.0	353	207	8	2	321	3	348	1.77e-42	150
QMW86084.1	iCN900.CD630_14080	31.3	320	190	7	5	321	3	295	5.52e-43	149
QMW86084.1	STM_v1_0.STM0380	29.9	348	214	7	2	321	3	348	2.48e-42	149
QMW86084.1	iPC815.YPO0557	31.0	326	195	6	1	320	1	302	7.00e-42	147
QMW86084.1	iHN637.CLJU_RS15825	31.3	319	189	7	5	321	3	293	1.08e-41	146
QMW86087.1	iSDY_1059.SDY_3650	33.0	97	61	3	27	122	4	97	1.14e-07	46.6
QMW86087.1	iML1515.b3425	32.0	97	62	3	27	122	4	97	6.13e-07	44.7
QMW86087.1	iSbBS512_1146.SbBS512_E3807	32.0	97	62	3	27	122	4	97	6.13e-07	44.7
QMW86087.1	iSF_1195.SF3447	32.0	97	62	3	27	122	4	97	6.13e-07	44.7
QMW86087.1	iSSON_1240.SSON_3662	32.0	97	62	3	27	122	4	97	6.13e-07	44.7
QMW86088.1	iAF692.Mbar_A3512	27.2	294	176	10	32	315	37	302	7.44e-18	82.0
QMW86088.1	iSF_1195.SF4235	26.8	328	179	10	11	302	18	320	1.27e-16	79.0
QMW86088.1	iSSON_1240.SSON_4436	27.1	329	177	11	11	302	18	320	1.68e-16	78.6
QMW86088.1	iML1515.b4254	26.8	328	179	10	11	302	18	320	3.10e-16	77.8
QMW86088.1	iSbBS512_1146.SbBS512_E4829	26.5	328	180	10	11	302	18	320	5.73e-16	77.0
QMW86088.1	iAF987.Gmet_0205	24.2	302	190	9	13	302	16	290	7.96e-16	76.3
QMW86088.1	iJN1463.PP_1079	25.4	287	181	9	35	315	41	300	1.52e-15	75.5
QMW86088.1	iSDY_1059.SDY_4276	26.2	328	181	10	11	302	18	320	2.63e-15	75.1
QMW86088.1	iYO844.BSU11250	26.4	322	183	10	12	314	24	310	4.29e-15	74.3
QMW86089.1	iNF517.LLMG_RS04530	46.2	411	209	5	12	416	9	413	2.53e-111	332
QMW86089.1	STM_v1_0.STM0322	44.3	411	221	6	11	416	8	415	1.04e-105	318
QMW86089.1	iHN637.CLJU_RS02950	44.0	407	217	5	15	416	17	417	1.77e-104	315
QMW86089.1	iSF_1195.SF0293	43.4	408	222	6	11	412	8	412	6.85e-104	313
QMW86089.1	iML1515.b0243	43.4	408	222	6	11	412	8	412	1.94e-103	312
QMW86089.1	iSSON_1240.SSON_0285	43.4	408	222	6	11	412	8	412	1.94e-103	312
QMW86089.1	iSDY_1059.SDY_0473	43.1	408	223	6	11	412	8	412	5.47e-103	311
QMW86089.1	iSbBS512_1146.SbBS512_E0240	43.4	408	222	6	11	412	8	412	7.74e-103	311
QMW86089.1	iYL1228.KPN_00280	42.0	412	230	6	11	416	8	416	7.86e-100	303
QMW86089.1	iYO844.BSU13130	41.6	409	224	6	15	416	14	414	2.35e-98	299
QMW86089.1	iPC815.YPO3221	41.7	412	231	5	11	416	10	418	2.65e-98	299
QMW86090.1	iYO844.BSU18470	34.3	338	215	5	7	341	9	342	1.33e-62	204
QMW86090.1	iAF987.Gmet_3198	33.1	344	224	5	3	344	7	346	5.52e-62	202
QMW86090.1	iCN718.ABAYE_RS05325	31.8	368	235	5	4	359	13	376	7.96e-59	194
QMW86090.1	STM_v1_0.STM0321	31.1	354	233	7	8	356	7	354	5.17e-57	189
QMW86090.1	iPC815.YPO3222	31.8	355	229	8	8	356	7	354	5.61e-56	186
QMW86090.1	iML1515.b0242	31.2	353	234	6	8	356	7	354	7.88e-56	186
QMW86090.1	iSbBS512_1146.SbBS512_E0239	31.2	353	234	6	8	356	7	354	7.88e-56	186
QMW86090.1	iSDY_1059.SDY_0474	31.2	353	234	6	8	356	7	354	7.88e-56	186
QMW86090.1	iSSON_1240.SSON_0284	31.2	353	234	6	8	356	7	354	7.88e-56	186
QMW86090.1	iSF_1195.SF0292	30.9	353	235	6	8	356	7	354	4.32e-55	184
QMW86091.1	iAF692.Mbar_A1546	50.8	376	181	1	9	380	15	390	2.65e-132	384
QMW86093.1	iCN900.CD630_35620	37.9	272	157	5	11	280	5	266	5.19e-60	191
QMW86093.1	iAF987.Gmet_0547	36.9	271	159	5	12	280	6	266	3.49e-55	179
QMW86093.1	iYO844.BSU28390	38.2	272	157	6	11	280	5	267	1.30e-52	172
QMW86097.1	iHN637.CLJU_RS06410	53.2	233	107	1	7	237	20	252	4.41e-83	248
QMW86097.1	iAF987.Gmet_1254	49.8	239	118	1	7	243	4	242	9.38e-83	247
QMW86097.1	iCN900.CD630_21360	53.8	236	107	1	4	237	6	241	4.09e-81	243
QMW86097.1	iML1515.b0174	48.7	228	115	1	14	239	19	246	5.86e-78	235
QMW86097.1	iSDY_1059.SDY_0190	48.7	228	115	1	14	239	19	246	5.86e-78	235
QMW86097.1	iSF_1195.SF0164	48.7	228	115	1	14	239	19	246	5.86e-78	235
QMW86097.1	iSbBS512_1146.SbBS512_E0167	48.7	228	115	1	14	239	18	245	8.04e-78	234
QMW86097.1	iSSON_1240.SSON_0186	48.2	228	116	1	14	239	19	246	1.67e-77	234
QMW86097.1	iYL1228.KPN_00187	48.7	228	115	1	14	239	24	251	2.77e-77	233
QMW86097.1	STM_v1_0.STM0221	48.7	228	115	1	14	239	18	245	2.29e-77	233
QMW86097.1	iPC815.YPO1049	48.3	232	118	1	11	240	14	245	6.51e-77	232
QMW86097.1	iSynCJ816.SGL_RS16700	45.7	234	125	1	7	238	15	248	2.22e-74	226
QMW86097.1	iYS854.USA300HOU_RS06350	46.5	243	128	1	2	242	14	256	3.92e-74	225
QMW86099.1	iLJ478.TM1828	44.6	296	150	6	1	291	6	292	9.90e-67	213
QMW86099.1	iAF987.Gmet_1624	37.9	314	181	3	1	304	9	318	6.23e-64	206
QMW86099.1	iYO844.BSU23280	36.7	335	198	6	1	326	6	335	1.51e-62	202
QMW86099.1	iCN900.CD630_17000	43.1	325	169	7	1	314	14	333	2.70e-62	202
QMW86099.1	iNF517.LLMG_RS07710	38.8	325	182	6	1	314	8	326	3.08e-62	202
QMW86100.1	iSynCJ816.SGL_RS09640	30.1	229	140	7	62	276	73	295	6.62e-22	92.4
QMW86102.1	iYO844.BSU15560	52.0	202	97	0	4	205	7	208	1.04e-71	216
QMW86102.1	iNF517.LLMG_RS07605	48.6	208	107	0	3	210	2	209	1.56e-69	211
QMW86102.1	iYS854.USA300HOU_RS06055	50.0	194	97	0	9	202	6	199	1.84e-64	197
QMW86104.1	iLJ478.TM1781	36.8	337	209	2	53	389	52	384	7.02e-74	236
QMW86104.1	iJN1463.PP_0184	36.4	393	238	4	9	396	19	404	2.38e-70	229
QMW86104.1	iCN718.ABAYE_RS17470	36.7	373	232	3	26	396	40	410	1.24e-68	225
QMW86104.1	iSDY_1059.SDY_3795	37.7	366	223	4	28	390	26	389	3.15e-67	221
QMW86104.1	iAF987.Gmet_0209	33.5	400	248	5	3	393	4	394	8.92e-67	220
QMW86104.1	iML1515.b3960	37.4	366	224	4	28	390	26	389	1.22e-66	219
QMW86104.1	iSbBS512_1146.SbBS512_E4446	37.4	366	224	4	28	390	26	389	1.22e-66	219
QMW86104.1	iSF_1195.SF4037	37.4	366	224	4	28	390	26	389	1.22e-66	219
QMW86104.1	iSSON_1240.SSON_4133	37.4	366	224	4	28	390	26	389	1.22e-66	219
QMW86104.1	iPC815.YPO3924	36.4	365	229	3	28	390	26	389	3.37e-66	218
QMW86104.1	STM_v1_0.STM4123	36.4	365	229	3	28	390	26	389	4.85e-66	218
QMW86104.1	iSynCJ816.SGL_RS05520	37.2	384	226	4	28	401	28	406	2.83e-65	216
QMW86105.1	iCN900.CD630_28680	28.4	402	283	4	5	405	7	404	3.45e-65	213
QMW86109.1	iAF987.Gmet_0043	25.9	290	170	8	925	1204	154	408	5.99e-18	89.0
QMW86110.1	iMM904.YNR013C	28.7	432	274	11	47	465	439	849	1.15e-39	153
QMW86110.1	iYS854.USA300HOU_RS10410	28.9	471	259	12	76	501	73	512	3.57e-40	151
QMW86121.1	iSbBS512_1146.SbBS512_E0485	36.4	129	76	4	235	361	50	174	6.43e-06	50.1
QMW86121.1	STM_v1_0.STM0585	34.1	164	93	7	205	361	23	178	1.11e-05	49.3
QMW86121.1	iML1515.b0584	35.7	129	77	4	235	361	50	174	1.46e-05	48.9
QMW86121.1	iSDY_1059.SDY_0512	35.7	129	77	4	235	361	50	174	1.46e-05	48.9
QMW86121.1	iSF_1195.SF0496	35.7	129	77	4	235	361	50	174	1.46e-05	48.9
QMW86121.1	iSSON_1240.SSON_0534	35.7	129	77	4	235	361	50	174	1.46e-05	48.9
QMW86121.1	iYL1228.KPN_00602	32.0	153	97	5	208	357	27	175	2.51e-05	48.1
QMW86123.1	iAM_Pv461.PVX_087680	20.9	268	167	9	43	302	158	388	9.78e-04	40.8
QMW86125.1	iAF692.Mbar_A2172	61.2	554	209	4	1	550	4	555	7.13e-257	713
QMW86126.1	iYO844.BSU39980	31.3	80	51	3	107	184	214	291	5.65e-04	39.3
QMW86127.1	iHN637.CLJU_RS18405	34.9	255	161	4	3	254	5	257	5.14e-41	141
QMW86127.1	iCN900.CD630_14950	32.3	257	169	4	2	255	3	257	1.72e-37	132
QMW86127.1	iCN900.CD630_32810	33.2	256	166	4	3	255	4	257	9.45e-37	130
QMW86127.1	iAF987.Gmet_0899	33.3	258	166	5	2	256	6	260	1.02e-36	130
QMW86128.1	iYO844.BSU11220	39.9	381	212	7	3	373	4	377	2.60e-86	266
QMW86128.1	iAF692.Mbar_A0871	36.9	366	223	5	3	364	34	395	2.13e-77	243
QMW86129.1	iCN718.ABAYE_RS08590	35.9	345	190	9	1	316	1	343	4.37e-60	195
QMW86129.1	iAF692.Mbar_A2001	38.6	345	179	10	1	321	1	336	1.25e-59	194
QMW86129.1	iJN1463.PP_0432	37.4	342	182	10	1	315	1	337	3.30e-58	190
QMW86129.1	iLJ478.TM1782	36.5	340	191	7	1	319	1	336	8.08e-58	189
QMW86129.1	iCN900.CD630_20340	34.7	337	196	7	2	316	4	338	1.30e-57	189
QMW86129.1	iHN637.CLJU_RS10575	32.7	346	207	9	1	322	1	344	7.91e-56	184
QMW86129.1	iYO844.BSU11190	35.7	347	189	9	2	319	1	342	9.71e-54	179
QMW86130.1	iCN900.CD630_17850	31.4	395	260	7	5	392	2	392	2.24e-53	182
QMW86130.1	iNF517.LLMG_RS00750	31.8	393	256	7	6	392	4	390	5.87e-53	181
QMW86130.1	iSynCJ816.SGL_RS18195	30.4	395	267	6	4	393	3	394	2.42e-52	179
QMW86130.1	iHN637.CLJU_RS03295	30.5	403	270	6	5	401	2	400	6.79e-52	178
QMW86130.1	iYS854.USA300HOU_RS04770	30.6	395	260	8	5	392	2	389	2.04e-49	171
QMW86130.1	iJN1463.PP_1088	31.1	399	262	7	6	395	5	399	1.66e-48	169
QMW86130.1	iYO844.BSU29450	30.2	404	272	7	4	402	3	401	8.47e-48	167
QMW86133.1	iHN637.CLJU_RS20995	42.1	480	273	4	7	484	6	482	3.56e-128	380
QMW86133.1	iYO844.BSU31200	42.8	467	263	2	5	470	3	466	6.65e-126	375
QMW86133.1	STM_v1_0.STM4047	45.7	464	243	3	7	467	8	465	1.23e-121	364
QMW86133.1	iPC815.YPO0330	42.1	478	270	2	7	482	3	475	1.95e-119	358
QMW86133.1	iYL1228.KPN_04213	45.0	464	246	3	7	467	8	465	9.63e-118	354
QMW86133.1	iML1515.b3904	44.0	482	259	4	3	479	4	479	7.91e-117	352
QMW86133.1	iSF_1195.SF3981	43.6	482	261	4	3	479	4	479	2.51e-115	348
QMW86133.1	iSSON_1240.SSON_4074	43.8	468	254	3	3	467	4	465	1.12e-113	343
QMW86134.1	STM_v1_0.STM4046	54.2	415	186	3	7	418	5	418	1.63e-167	476
QMW86134.1	iML1515.b3903	54.2	415	186	3	7	418	5	418	4.66e-167	474
QMW86134.1	iSSON_1240.SSON_4073	54.0	415	187	3	7	418	5	418	3.79e-166	472
QMW86134.1	iSF_1195.SF3980	54.0	415	187	3	7	418	5	418	1.25e-164	468
QMW86134.1	iYL1228.KPN_04212	53.7	415	188	3	7	418	5	418	1.77e-164	468
QMW86134.1	iPC815.YPO0329	52.3	415	194	3	7	418	5	418	9.93e-159	453
QMW86134.1	iYO844.BSU31180	50.4	415	203	2	7	418	3	417	2.84e-152	437
QMW86134.1	iHN637.CLJU_RS20990	50.9	411	198	3	11	418	9	418	1.58e-150	432
QMW86135.1	iPC815.YPO0334	34.7	343	198	9	3	332	5	334	1.69e-56	186
QMW86135.1	iYL1228.KPN_04216	34.1	328	202	6	12	332	14	334	8.55e-53	177
QMW86135.1	STM_v1_0.STM4050	34.0	335	193	8	12	332	14	334	1.69e-52	176
QMW86135.1	iSbBS512_1146.SbBS512_E4385	33.4	326	203	5	12	330	14	332	1.30e-51	174
QMW86135.1	iSSON_1240.SSON_4077	33.1	326	204	5	12	330	14	332	3.61e-51	172
QMW86135.1	iML1515.b3907	32.7	327	204	5	12	330	14	332	7.14e-51	172
QMW86135.1	iSDY_1059.SDY_3839	33.1	326	204	5	12	330	14	332	7.14e-51	172
QMW86136.1	iHN637.CLJU_RS20985	27.8	266	183	5	7	267	11	272	1.29e-36	130
QMW86136.1	iML1515.b3902	31.8	255	151	8	26	267	21	265	1.04e-32	120
QMW86136.1	iSSON_1240.SSON_4072	31.8	258	147	8	26	267	21	265	2.03e-32	119
QMW86137.1	iYL1228.KPN_03150	57.2	381	160	2	4	384	1	378	6.84e-148	423
QMW86137.1	iSDY_1059.SDY_3016	56.1	383	165	2	2	384	4	383	1.63e-147	422
QMW86137.1	iML1515.b2799	56.1	383	165	2	2	384	3	382	4.50e-147	421
QMW86137.1	iSSON_1240.SSON_2956	56.1	383	165	2	2	384	4	383	4.66e-147	421
QMW86137.1	STM_v1_0.STM2973	56.4	383	164	2	2	384	3	382	6.39e-147	421
QMW86137.1	iSF_1195.SF2813	55.6	383	167	2	2	384	3	382	8.49e-145	415
QMW86141.1	iCN900.CD630_11820	53.5	245	114	0	4	248	4	248	1.04e-83	249
QMW86141.1	iYS854.USA300HOU_RS06185	53.3	242	113	0	7	248	3	244	3.57e-83	248
QMW86141.1	iHN637.CLJU_RS20765	52.4	248	118	0	1	248	1	248	7.63e-81	242
QMW86141.1	iAF987.Gmet_1601	53.5	245	113	1	4	248	3	246	2.04e-80	241
QMW86141.1	iYO844.BSU15910	52.8	246	116	0	3	248	1	246	5.80e-80	240
QMW86141.1	iLJ478.TM1724	51.9	243	116	1	4	246	3	244	9.46e-79	237
QMW86141.1	iHN637.CLJU_RS17225	50.6	249	120	3	1	248	4	250	1.32e-74	226
QMW86142.1	iYS854.USA300HOU_RS06015	32.2	214	141	2	1	213	81	291	1.01e-26	103
QMW86142.1	iNF517.LLMG_RS07670	30.2	215	145	3	1	213	77	288	5.12e-25	99.4
QMW86142.1	iCN900.CD630_10600	33.2	214	136	3	1	213	83	290	5.11e-24	96.7
QMW86142.1	iSbBS512_1146.SbBS512_E2975	32.6	227	132	5	1	213	84	303	2.79e-23	95.1
QMW86142.1	iNF517.LLMG_RS12010	30.9	217	122	5	3	212	83	278	3.17e-23	94.4
QMW86142.1	iCN900.CD630_25960	29.4	214	145	4	3	213	83	293	5.39e-23	94.0
QMW86144.1	iMM904.YBR161W	23.3	223	150	5	1	223	61	262	2.13e-14	70.9
QMW86144.1	iMM904.YPL057C	24.1	199	131	4	1	199	54	232	5.46e-14	69.7
QMW86145.1	iMM904.YPL057C	29.9	234	141	4	7	228	55	277	5.78e-28	108
QMW86145.1	iMM904.YBR161W	34.7	167	98	2	7	173	62	217	2.71e-26	104
QMW86155.1	iAF987.Gmet_0043	21.2	411	281	10	809	1209	21	398	3.53e-12	70.5
QMW86155.1	iAF987.Gmet_1914	27.1	129	92	1	1088	1216	1	127	1.70e-10	64.7
QMW86157.1	iJN1463.PP_2193	25.1	295	166	13	43	304	64	336	7.97e-06	49.7
QMW86164.1	iCHOv1.100753973	25.0	496	287	14	34	490	31	480	7.94e-32	128
QMW86166.1	iMM1415.66848	22.4	295	176	12	70	354	100	351	4.15e-09	58.2
QMW86166.1	iLJ478.TM0306	24.5	302	177	15	70	365	99	355	6.78e-08	54.3
QMW86166.1	iCHOv1.100756134	21.3	296	187	9	66	354	100	356	2.14e-07	52.8
QMW86167.1	iJN1463.PP_0077	24.5	469	273	15	31	462	2	426	6.08e-34	133
QMW86167.1	iCHOv1.100753973	27.0	381	212	14	33	389	31	369	2.95e-30	123
QMW86168.1	iAF987.Gmet_1914	38.9	108	66	0	2	109	1	108	2.76e-16	80.5
QMW86170.1	iAF987.Gmet_2530	28.7	463	266	8	2	404	29	487	9.20e-46	164
QMW86171.1	iML1515.b1985	22.8	438	320	9	12	438	39	469	9.50e-16	79.0
QMW86172.1	iAF987.Gmet_0043	22.7	397	263	9	259	644	26	389	1.51e-14	77.0
QMW86175.1	iCN900.CD630_04310	23.4	538	289	21	19	521	23	472	7.70e-20	92.8
QMW86175.1	iCN900.CD630_35270	33.2	208	118	6	331	519	7	212	7.66e-20	90.9
QMW86175.1	iYS854.USA300HOU_RS14570	23.1	584	358	21	1	543	5	538	1.81e-18	89.0
QMW86175.1	iAF987.Gmet_1903	30.5	213	121	6	333	521	8	217	5.31e-19	88.6
QMW86175.1	iYS854.USA300HOU_RS01050	20.2	584	369	18	1	547	4	527	6.51e-18	87.0
QMW86175.1	iYL1228.KPN_02373	32.2	180	111	4	328	500	5	180	6.30e-18	83.6
QMW86177.1	iCN900.CD630_02230	43.0	514	273	8	8	507	3	510	2.28e-133	395
QMW86177.1	iYO844.BSU06520	41.9	515	280	8	7	507	3	512	2.20e-131	390
QMW86177.1	iCN718.ABAYE_RS07255	44.0	525	267	8	7	507	3	524	4.61e-128	382
QMW86177.1	iSynCJ816.SGL_RS18300	42.7	513	277	9	8	507	3	511	5.53e-126	377
QMW86177.1	STM_v1_0.STM4176	41.1	531	287	9	1	507	1	529	1.22e-123	371
QMW86177.1	iNF517.LLMG_RS05055	40.0	517	292	6	8	507	3	518	1.23e-123	371
QMW86177.1	iSbBS512_1146.SbBS512_E4498	40.9	531	288	8	1	507	1	529	3.44e-123	370
QMW86177.1	iSF_1195.SF4078	40.9	531	288	8	1	507	1	529	3.44e-123	370
QMW86177.1	iSSON_1240.SSON_4179	40.9	531	288	8	1	507	1	529	3.44e-123	370
QMW86177.1	iSDY_1059.SDY_3720	40.9	531	288	8	1	507	1	529	1.94e-122	368
QMW86177.1	iYL1228.KPN_04388	40.7	531	289	8	1	507	1	529	2.74e-122	368
QMW86177.1	iML1515.b4006	40.7	531	289	8	1	507	1	529	5.46e-122	367
QMW86177.1	iPC815.YPO3728	40.9	531	288	8	1	507	1	529	3.07e-121	365
QMW86177.1	iAF987.Gmet_2905	41.8	521	282	8	6	507	3	521	6.79e-121	364
QMW86178.1	STM_v1_0.STM0659	24.6	183	114	5	7	169	5	183	1.26e-06	49.7
QMW86181.1	iAF987.Gmet_0928	32.8	646	372	17	4	618	12	626	9.66e-94	301
QMW86182.1	iML1515.b0089	24.9	478	225	11	10	478	46	398	1.62e-28	116
QMW86185.1	iAT_PLT_636.4524	30.4	303	180	7	15	314	101	375	1.02e-32	127
QMW86185.1	iCHOv1.100774930	29.4	303	183	7	15	314	90	364	2.55e-30	120
QMW86185.1	iLB1027_lipid.PHATRDRAFT_28431	27.5	306	184	7	15	312	41	316	2.26e-30	120
QMW86185.1	iJN1463.PP_4977	28.1	299	182	5	10	307	16	282	7.40e-32	120
QMW86185.1	iMM1415.17769	29.0	303	184	7	15	314	93	367	6.45e-30	119
QMW86185.1	iNF517.LLMG_RS06195	27.0	304	188	5	10	312	3	273	1.63e-31	119
QMW86195.1	iAM_Pf480.PF3D7_0724300	27.6	134	66	4	34	137	113	245	2.19e-05	44.7
QMW86195.1	iMM904.YML008C	30.3	99	64	3	26	121	110	206	4.28e-04	40.8
QMW86198.1	iCN900.CD630_11790	44.8	324	175	3	6	327	5	326	1.02e-94	284
QMW86198.1	iAF987.Gmet_1599	43.8	324	179	2	6	327	4	326	7.74e-94	281
QMW86198.1	iYO844.BSU11330	40.1	327	178	3	4	328	1	311	9.10e-92	276
QMW86199.1	iPC815.YPO0132	24.1	170	122	4	3	168	2	168	3.10e-09	57.4
QMW86199.1	iYL1228.KPN_03779	28.6	126	84	3	7	128	6	129	4.14e-09	57.0
QMW86199.1	iML1515.b3409	26.0	127	88	3	7	129	6	130	3.13e-08	54.3
QMW86199.1	iSbBS512_1146.SbBS512_E3790	26.0	127	88	3	7	129	6	130	4.17e-08	53.9
QMW86199.1	iSDY_1059.SDY_3667	26.0	127	88	3	7	129	6	130	4.17e-08	53.9
QMW86199.1	iSF_1195.SF3428	26.0	127	88	3	7	129	6	130	4.17e-08	53.9
QMW86199.1	STM_v1_0.STM3506	26.2	126	87	3	7	128	6	129	9.89e-08	52.8
QMW86200.1	iAF987.Gmet_2444	36.4	121	73	3	5	125	24	140	6.68e-10	60.8
QMW86200.1	iCN900.CD630_32740	36.4	118	68	4	5	122	4	114	4.69e-09	58.2
QMW86200.1	iHN637.CLJU_RS10635	32.1	168	103	7	4	167	3	163	2.39e-08	55.8
QMW86200.1	iAF692.Mbar_A1452	29.3	167	109	6	5	167	8	169	3.36e-08	55.5
QMW86201.1	iAF987.Gmet_1282	54.8	239	108	0	6	244	8	246	3.22e-86	256
QMW86201.1	iJN1463.PP_0953	54.0	239	107	2	8	244	4	241	1.27e-84	252
QMW86201.1	iML1515.b3201	50.8	238	116	1	8	244	4	241	3.90e-81	243
QMW86201.1	iSbBS512_1146.SbBS512_E3569	50.8	238	116	1	8	244	4	241	3.90e-81	243
QMW86201.1	iSDY_1059.SDY_3382	50.8	238	116	1	8	244	4	241	3.90e-81	243
QMW86201.1	iSF_1195.SF3241	50.8	238	116	1	8	244	4	241	3.90e-81	243
QMW86201.1	iSSON_1240.SSON_3349	50.8	238	116	1	8	244	4	241	3.90e-81	243
QMW86202.1	iJN1463.PP_0959	26.6	229	148	3	29	247	46	264	5.29e-20	85.9
QMW86203.1	iYS854.USA300HOU_RS09925	37.4	238	146	3	1	237	3	238	1.43e-46	155
QMW86203.1	iCN900.CD630_14890	38.0	237	146	1	1	237	1	236	1.73e-44	152
QMW86203.1	iYS854.USA300HOU_RS13040	37.0	238	148	2	1	237	1	237	6.48e-45	150
QMW86203.1	iCN900.CD630_07520	36.0	242	144	4	1	237	1	236	3.33e-44	149
QMW86203.1	iJN1463.PP_0958	36.0	239	147	2	2	237	9	244	1.02e-43	148
QMW86203.1	iCN900.CD630_21720	33.3	240	156	3	1	237	1	239	1.61e-40	139
QMW86208.1	iYS854.USA300HOU_RS07595	33.3	439	242	10	7	403	2	431	2.05e-64	221
QMW86209.1	iLJ478.TM1347	59.9	479	188	2	11	488	3	478	2.68e-203	572
QMW86209.1	iNF517.LLMG_RS01210	58.5	492	200	3	1	489	1	491	3.28e-197	557
QMW86209.1	iYO844.BSU00090	58.6	486	194	4	7	489	5	486	7.95e-192	543
QMW86209.1	iJN1463.PP_1031	58.1	485	199	3	7	488	3	486	4.72e-191	541
QMW86209.1	iAF987.Gmet_2293	58.3	484	200	2	6	488	3	485	1.66e-189	537
QMW86209.1	iYS854.USA300HOU_RS02065	58.8	486	194	5	7	489	5	487	1.50e-189	537
QMW86209.1	iHN637.CLJU_RS18305	56.8	484	203	4	7	489	3	481	4.28e-188	533
QMW86209.1	iCN718.ABAYE_RS01355	56.6	484	205	4	8	488	4	485	5.30e-185	526
QMW86209.1	STM_v1_0.STM2511	54.0	483	220	2	7	488	3	484	9.29e-181	515
QMW86227.1	iNF517.LLMG_RS00430	61.2	343	124	3	7	348	6	340	2.60e-146	417
QMW86227.1	iCN718.ABAYE_RS04470	55.4	343	139	3	6	348	9	337	5.55e-130	375
QMW86230.1	iMM904.YJL130C	54.7	1062	457	9	4	1055	437	1484	0.0	1130
QMW86230.1	iMM1415.69719	55.5	1064	449	8	6	1059	473	1522	0.0	1122
QMW86230.1	iCHOv1.100689232	55.4	1064	451	8	6	1059	394	1443	0.0	1119
QMW86230.1	iMM1415.227231	52.4	1069	479	13	4	1055	421	1476	0.0	1069
QMW86230.1	iAT_PLT_636.1373	52.3	1069	480	13	4	1055	427	1482	0.0	1067
QMW86230.1	iCHOv1.100760467	52.4	1069	479	13	4	1055	421	1476	0.0	1066
QMW86230.1	iLB1027_lipid.PHATRDRAFT_24195	52.7	1064	477	13	6	1055	375	1426	0.0	1052
QMW86232.1	iMM1415.15211	27.4	281	146	12	109	353	114	372	6.03e-16	80.9
QMW86232.1	iCHOv1.100750552	23.6	416	235	20	109	481	114	489	2.31e-14	75.9
QMW86234.1	iYO844.BSU40850	39.4	180	109	0	2	181	4	183	1.44e-41	137
QMW86235.1	iIS312.TCDM_07701	54.9	446	195	6	6	447	13	456	5.38e-172	490
QMW86235.1	iJN1463.PP_4016	52.2	448	212	2	1	447	1	447	5.07e-161	462
QMW86235.1	iSDY_1059.SDY_2021	50.9	448	217	3	1	447	1	446	6.65e-154	444
QMW86235.1	iPC815.YPO1636	50.4	448	219	3	1	447	1	446	6.65e-154	444
QMW86235.1	iSbBS512_1146.SbBS512_E1309	51.1	448	216	3	1	447	1	446	9.43e-154	443
QMW86235.1	iSSON_1240.SSON_1149	51.1	448	216	3	1	447	1	446	9.43e-154	443
QMW86235.1	iYL1228.KPN_01139	50.9	448	217	3	1	447	1	446	3.80e-153	442
QMW86235.1	iML1515.b1131	50.9	448	217	3	1	447	1	446	5.39e-153	441
QMW86235.1	STM_v1_0.STM1232	50.9	448	217	3	1	447	1	446	7.63e-153	441
QMW86235.1	iSF_1195.SF1150	51.1	448	216	3	1	447	1	446	7.63e-153	441
QMW86236.1	iYS854.USA300HOU_RS07985	40.8	233	134	2	262	491	7	238	4.34e-49	168
QMW86236.1	iCN900.CD630_20500	38.1	236	140	4	261	491	1	235	7.54e-47	162
QMW86236.1	iNF517.LLMG_RS06045	39.5	233	137	2	261	490	1	232	2.12e-46	161
QMW86237.1	iCN900.CD630_22450	57.0	456	189	3	14	467	15	465	1.32e-190	538
QMW86237.1	iSynCJ816.SGL_RS16775	55.5	467	200	5	4	467	1	462	1.48e-186	528
QMW86237.1	iSDY_1059.SDY_2327	57.0	465	190	6	9	467	6	466	3.44e-186	527
QMW86237.1	iSbBS512_1146.SbBS512_E2388	57.0	465	190	6	9	467	6	466	4.87e-186	526
QMW86237.1	iSF_1195.SF0927	57.0	465	190	6	9	467	6	466	4.87e-186	526
QMW86237.1	iSSON_1240.SSON_0933	57.0	465	190	6	9	467	6	466	4.87e-186	526
QMW86237.1	STM_v1_0.STM1000	57.4	465	188	6	9	467	6	466	5.62e-185	524
QMW86237.1	iYL1228.KPN_00961	57.0	465	190	6	9	467	6	466	1.60e-184	523
QMW86237.1	iPC815.YPO1412	56.8	465	191	6	9	467	6	466	4.57e-184	521
QMW86237.1	iAF987.Gmet_2412	55.7	465	198	4	5	467	3	461	6.35e-178	506
QMW86247.1	iCHOv1.100766004	37.6	202	125	1	3	204	17	217	5.72e-47	153
QMW86248.1	iYO844.BSU00910	58.7	155	64	0	4	158	3	157	8.30e-59	179
QMW86248.1	iAF987.Gmet_0059	55.1	156	70	0	3	158	1	156	1.32e-57	176
QMW86248.1	iJN1463.PP_1618	50.6	154	76	0	3	156	1	154	4.37e-56	172
QMW86248.1	iCN718.ABAYE_RS08190	54.2	155	71	0	2	156	4	158	1.37e-55	171
QMW86248.1	iCN900.CD630_00480	50.6	154	76	0	3	156	1	154	1.64e-54	169
QMW86252.1	iYO844.BSU29450	28.1	114	77	4	6	115	5	117	6.03e-04	41.2
QMW86252.1	iCHOv1.100762274	26.3	137	84	6	8	142	7	128	3.97e-04	40.8
QMW86256.1	iNF517.LLMG_RS05980	51.2	338	161	3	4	339	5	340	1.43e-116	340
QMW86256.1	iIT341.HP1468	49.0	341	166	5	1	338	4	339	4.93e-107	316
QMW86256.1	iJN1463.PP_3511	48.1	339	170	5	2	338	4	338	2.52e-104	309
QMW86267.1	iAF987.Gmet_1548	29.7	74	52	0	211	284	235	308	5.51e-04	41.2
QMW86273.1	iSynCJ816.SGL_RS14885	47.8	299	152	4	3	300	15	310	7.07e-91	273
QMW86273.1	iAF692.Mbar_A1748	43.0	309	172	4	1	308	1	306	9.42e-90	270
QMW86273.1	iYO844.BSU29120	45.5	301	158	5	3	300	7	304	1.44e-87	264
QMW86279.1	iAF987.Gmet_0941	38.2	225	137	2	75	297	57	281	1.83e-48	162
QMW86279.1	iJN1463.PP_2012	38.1	226	137	3	76	298	83	308	2.52e-46	158
QMW86279.1	STM_v1_0.STM2683	33.7	267	169	5	33	296	26	287	9.16e-44	150
QMW86279.1	iML1515.b2615	34.8	224	144	2	75	296	64	287	1.96e-42	147
QMW86279.1	iSbBS512_1146.SbBS512_E3004	34.8	224	144	2	75	296	64	287	1.96e-42	147
QMW86279.1	iSF_1195.SF2674	34.8	224	144	2	75	296	64	287	1.96e-42	147
QMW86279.1	iSSON_1240.SSON_2771	34.8	224	144	2	75	296	64	287	1.96e-42	147
QMW86280.1	iAF987.Gmet_1885	36.6	238	149	2	1	237	1	237	2.01e-49	161
QMW86280.1	iSynCJ816.SGL_RS02965	37.6	234	144	2	1	233	1	233	8.49e-46	152
QMW86280.1	STM_v1_0.STM2578	37.6	234	144	2	4	236	6	238	1.42e-44	149
QMW86280.1	iSbBS512_1146.SbBS512_E2929	38.5	234	142	2	4	236	6	238	2.82e-44	148
QMW86280.1	iCN718.ABAYE_RS05235	35.3	235	150	2	4	237	5	238	3.77e-44	148
QMW86280.1	iML1515.b2564	38.5	234	142	2	4	236	6	238	3.98e-44	148
QMW86280.1	iSDY_1059.SDY_2805	38.5	234	142	2	4	236	6	238	3.98e-44	148
QMW86280.1	iSSON_1240.SSON_2688	38.5	234	142	2	4	236	6	238	3.98e-44	148
QMW86280.1	iSF_1195.SF2626	38.5	234	142	2	4	236	6	238	5.62e-44	147
QMW86284.1	iAM_Pf480.PF3D7_0627500	37.2	172	97	3	3	169	6	171	1.41e-24	94.4
QMW86284.1	iAM_Pb448.PBANKA_112620	35.3	167	97	3	9	170	12	172	1.99e-24	94.0
QMW86284.1	iAM_Pv461.PVX_114480	35.8	173	100	3	3	170	6	172	5.53e-24	92.8
QMW86284.1	iPC815.YPO3172	36.4	173	103	4	9	175	10	181	1.96e-22	89.0
QMW86285.1	iYO844.BSU00900	39.0	223	132	3	1	219	1	223	1.29e-40	138
QMW86285.1	iCN900.CD630_00470	36.8	220	135	3	4	219	3	222	2.85e-37	129
QMW86287.1	iYO844.BSU22730	45.0	149	82	0	1	149	1	149	4.24e-41	134
QMW86287.1	iCHOv1.100765914	43.5	147	83	0	3	149	5	151	2.65e-40	132
QMW86287.1	iMM1415.18103	42.6	148	85	0	2	149	4	151	1.52e-39	130
QMW86287.1	iAT_PLT_636.4831	41.9	148	86	0	2	149	4	151	3.04e-39	129
QMW86287.1	iAT_PLT_636.4830	42.9	147	84	0	3	149	30	176	6.29e-39	129
QMW86287.1	iMM1415.18102	41.5	147	86	0	3	149	5	151	3.04e-39	129
QMW86287.1	iCHOv1.100765627	41.2	148	87	0	2	149	4	151	8.66e-39	128
QMW86287.1	iLB1027_lipid.PHATRDRAFT_41676	43.5	147	83	0	3	149	5	151	8.66e-39	128
QMW86287.1	iAM_Pb448.PBANKA_114240	41.9	148	86	0	3	150	2	149	6.42e-38	126
QMW86287.1	iAT_PLT_636.4832	40.8	147	87	0	3	149	22	168	9.23e-37	124
QMW86287.1	iMM1415.79059	41.5	147	86	0	3	149	22	168	1.31e-36	123
QMW86287.1	iSynCJ816.SGL_RS12365	40.8	147	87	0	3	149	2	148	2.96e-36	122
QMW86288.1	iML1515.b1856	34.3	166	98	3	51	206	244	408	3.63e-16	77.8
QMW86288.1	iAF987.Gmet_1350	42.5	87	49	1	109	195	108	193	3.88e-14	70.1
QMW86291.1	iHN637.CLJU_RS19265	47.0	249	129	2	1	248	1	247	4.37e-76	230
QMW86291.1	iAF987.Gmet_1948	45.4	249	134	2	1	248	1	248	7.64e-70	214
QMW86291.1	iYS854.USA300HOU_RS04195	44.1	254	132	4	1	248	1	250	9.29e-69	212
QMW86291.1	iLJ478.TM0689	45.9	244	124	3	2	241	402	641	1.43e-64	212
QMW86291.1	iCN900.CD630_31720	41.8	249	141	3	1	248	1	246	3.10e-68	210
QMW86293.1	iSynCJ816.SGL_RS14545	57.7	189	79	1	6	193	41	229	4.11e-71	215
QMW86293.1	iJN1463.PP_2512	58.4	178	73	1	15	191	5	182	2.03e-70	211
QMW86293.1	iMM1415.14528	56.1	189	82	1	5	192	52	240	8.95e-67	204
QMW86293.1	iCHOv1.100750667	56.8	183	78	1	11	192	65	247	2.23e-66	203
QMW86293.1	iJN1463.PP_1823	54.2	179	81	1	15	192	12	190	1.18e-65	199
QMW86293.1	iLB1027_lipid.PHATRDRAFT_21868	54.8	177	79	1	21	196	7	183	5.94e-65	197
QMW86293.1	iMM904.YGR267C	50.5	190	93	1	3	191	49	238	5.05e-64	197
QMW86295.1	iSbBS512_1146.SbBS512_E2987	22.6	261	174	9	3	253	102	344	2.71e-08	53.5
QMW86295.1	iSF_1195.SF2660	22.6	261	174	9	3	253	102	344	2.71e-08	53.5
QMW86295.1	iSSON_1240.SSON_2751	22.6	261	174	9	3	253	102	344	2.71e-08	53.5
QMW86295.1	iML1515.b2600	22.6	261	174	9	3	253	102	344	3.64e-08	53.1
QMW86295.1	iSDY_1059.SDY_2766	22.2	261	175	8	3	253	102	344	3.64e-08	53.1
QMW86296.1	iAF987.Gmet_0024	35.0	240	149	3	12	251	92	324	5.46e-38	138
QMW86296.1	iLJ478.TM0343	36.9	225	135	3	18	242	97	314	6.89e-37	135
QMW86296.1	iYO844.BSU29750	36.0	236	144	4	19	254	122	350	1.44e-36	135
QMW86296.1	iCN900.CD630_14530	35.8	229	140	3	14	242	25	246	1.64e-37	135
QMW86296.1	iCN900.CD630_18320	31.6	244	160	3	11	254	90	326	4.95e-36	133
QMW86296.1	iHN637.CLJU_RS14395	32.3	235	152	3	18	252	98	325	1.54e-35	132
QMW86296.1	iAF987.Gmet_0346	33.2	250	160	4	11	260	92	334	1.94e-35	131
QMW86296.1	iYS854.USA300HOU_RS09225	33.5	227	144	3	19	245	122	341	1.16e-34	130
QMW86297.1	iSynCJ816.SGL_RS13490	37.6	383	236	2	10	390	6	387	6.47e-92	281
QMW86298.1	iHN637.CLJU_RS14370	35.1	276	166	4	3	275	108	373	2.69e-48	164
QMW86298.1	iCN900.CD630_18360	32.6	273	175	3	4	275	129	393	2.73e-44	154
QMW86300.1	iYS854.USA300HOU_RS07595	37.9	338	200	8	6	338	4	336	5.46e-65	220
QMW86306.1	iAF692.Mbar_A1823	29.9	532	344	7	66	593	76	582	1.37e-65	224
QMW86306.1	iAF987.Gmet_3470	28.5	533	345	12	70	593	102	607	3.60e-59	207
QMW86306.1	iAF692.Mbar_A2221	27.9	530	355	6	67	593	78	583	6.32e-59	206
QMW86307.1	iCN900.CD630_25840	35.7	314	192	3	6	318	1	305	5.89e-72	224
QMW86307.1	iAF987.Gmet_3339	38.2	317	184	4	6	321	4	309	4.46e-69	217
QMW86307.1	iYO844.BSU15730	39.5	314	179	4	7	318	3	307	7.52e-69	217
QMW86307.1	iSF_1195.SF3319	39.7	312	178	4	4	314	3	305	7.09e-69	217
QMW86307.1	iSSON_1240.SSON_3428	40.1	312	177	4	4	314	3	305	7.09e-69	217
QMW86307.1	iSDY_1059.SDY_3464	40.1	312	177	4	4	314	3	305	1.00e-68	216
QMW86307.1	iSbBS512_1146.SbBS512_E3672	39.4	312	179	3	4	314	3	305	1.12e-67	214
QMW86307.1	iYS854.USA300HOU_RS06110	38.6	308	177	5	7	312	3	300	1.58e-66	211
QMW86307.1	iYL1228.KPN_03688	39.4	312	179	4	4	314	3	305	9.98e-66	209
QMW86307.1	STM_v1_0.STM3407	38.8	312	181	4	4	314	3	305	3.96e-65	207
QMW86309.1	iHN637.CLJU_RS06465	31.6	320	202	10	20	336	12	317	5.26e-38	137
QMW86311.1	iAF692.Mbar_A2225	35.2	457	268	10	8	457	7	442	5.90e-74	239
QMW86311.1	iAF692.Mbar_A0721	36.2	420	257	7	41	457	31	442	3.88e-73	237
QMW86326.1	iJN1463.PP_2409	23.8	260	182	5	53	306	74	323	7.73e-12	65.1
QMW86327.1	iJN1463.PP_0043	42.9	1045	573	11	1	1030	1	1036	3.12e-253	755
QMW86327.1	iJN1463.PP_2410	42.0	1046	583	10	1	1031	1	1037	2.83e-245	734
QMW86327.1	iAF987.Gmet_3509	39.2	1038	607	11	1	1030	1	1022	4.44e-235	707
QMW86329.1	iMM904.YBR244W	50.7	148	73	0	23	170	4	151	1.85e-49	157
QMW86329.1	iMM904.YIR037W	51.3	152	72	1	24	173	4	155	3.10e-48	154
QMW86329.1	iYS854.USA300HOU_RS06570	50.0	148	73	1	22	169	2	148	5.35e-48	153
QMW86329.1	iCN718.ABAYE_RS18440	47.7	176	75	3	22	180	3	178	2.16e-47	152
QMW86329.1	iYO844.BSU21900	45.9	159	84	1	23	179	2	160	2.30e-47	151
QMW86329.1	iNF517.LLMG_RS05525	47.1	153	78	2	23	173	2	153	1.70e-46	149
QMW86329.1	iJN1463.PP_0777	43.9	157	86	1	23	179	3	157	4.28e-45	145
QMW86330.1	iEK1008.Rv1745c	26.5	155	107	2	8	155	12	166	1.58e-13	65.5
QMW86330.1	iJN1463.PP_0565	30.8	146	98	3	7	150	16	160	2.77e-13	64.3
QMW86331.1	iJN1463.PP_0832	35.9	404	184	9	8	404	1	336	9.08e-64	207
QMW86331.1	iYS854.USA300HOU_RS08725	32.3	409	198	10	8	405	1	341	3.10e-58	193
QMW86332.1	iCN900.CD630_18330	34.3	338	211	6	6	337	16	348	3.47e-51	173
QMW86332.1	iYO844.BSU22700	35.1	342	210	7	9	348	26	357	7.22e-48	165
QMW86332.1	iNF517.LLMG_RS09700	33.5	331	202	8	27	349	36	356	6.27e-48	165
QMW86332.1	iSynCJ816.SGL_RS09600	36.7	289	174	5	58	340	71	356	7.92e-46	159
QMW86332.1	iYS854.USA300HOU_RS07495	32.7	318	204	4	26	340	32	342	9.45e-46	159
QMW86335.1	iCN900.CD630_01920	40.5	481	260	7	22	479	19	496	1.32e-129	384
QMW86340.1	STM_v1_0.STM0585	22.2	625	355	25	205	817	38	543	1.01e-04	46.2
QMW86351.1	iAF987.Gmet_0201	42.9	891	473	17	2	871	1	876	1.71e-220	645
QMW86351.1	iSSON_1240.SSON_2841	43.7	883	453	20	6	866	7	867	5.44e-216	634
QMW86351.1	iSbBS512_1146.SbBS512_E3180	43.7	883	453	20	6	866	7	867	7.68e-216	633
QMW86351.1	iSDY_1059.SDY_2893	43.6	883	454	19	6	866	7	867	7.68e-216	633
QMW86351.1	iSF_1195.SF2720	43.6	883	454	20	6	866	7	867	1.08e-215	633
QMW86351.1	iJN1463.PP_4474	44.4	895	443	22	2	870	1	866	1.44e-215	632
QMW86351.1	STM_v1_0.STM2827	43.4	884	454	21	6	866	7	867	3.06e-215	632
QMW86351.1	iYL1228.KPN_03029	43.1	885	456	20	6	866	7	867	1.67e-214	630
QMW86351.1	iCN718.ABAYE_RS13005	44.5	887	426	27	2	852	1	857	4.09e-210	619
QMW86351.1	iPC815.YPO3305	41.6	890	462	20	6	866	7	867	3.31e-208	613
QMW86352.1	iML1515.b1856	42.4	118	68	0	178	295	291	408	1.77e-21	94.0
QMW86352.1	iAF987.Gmet_3012	41.9	124	68	2	166	285	11	134	1.60e-22	92.8
QMW86354.1	iCN900.CD630_27440	36.1	751	443	14	14	745	1	733	8.80e-152	459
QMW86354.1	iAF987.Gmet_2325	36.0	734	410	14	35	746	20	715	8.31e-147	446
QMW86354.1	iYO844.BSU27600	35.5	764	422	18	12	745	10	732	1.98e-146	445
QMW86354.1	iHN637.CLJU_RS16615	37.0	729	418	12	36	746	19	724	1.31e-144	440
QMW86354.1	iYS854.USA300HOU_RS08695	36.3	728	420	14	36	745	26	727	5.99e-140	428
QMW86354.1	iPC815.YPO0038	36.0	730	420	14	22	744	10	699	2.37e-138	423
QMW86354.1	STM_v1_0.STM3742	35.6	736	426	16	17	744	5	700	4.83e-138	422
QMW86354.1	iYL1228.KPN_03998	35.1	746	419	14	17	744	5	703	1.47e-137	421
QMW86354.1	iML1515.b3650	35.3	736	427	15	17	744	5	699	2.60e-137	421
QMW86354.1	iSbBS512_1146.SbBS512_E4101	35.3	736	427	15	17	744	5	699	2.60e-137	421
QMW86354.1	iSDY_1059.SDY_4082	35.6	738	422	16	17	744	5	699	2.60e-137	421
QMW86354.1	iSF_1195.SF3690	35.3	736	427	15	17	744	5	699	2.60e-137	421
QMW86354.1	iSSON_1240.SSON_3755	35.3	736	427	15	17	744	5	699	2.60e-137	421
QMW86355.1	iAF987.Gmet_2556	33.9	333	191	6	100	429	101	407	1.99e-43	158
QMW86355.1	iML1515.b0211	30.5	341	206	9	95	429	69	384	8.54e-41	150
QMW86358.1	iCN900.CD630_07240	24.0	250	166	8	1	236	1	240	6.26e-07	48.9
QMW86358.1	iAF987.Gmet_0662	43.2	74	37	3	11	84	9	77	7.24e-07	48.9
QMW86358.1	iHN637.CLJU_RS02400	55.6	36	16	0	11	46	9	44	1.30e-05	45.1
QMW86358.1	iAF692.Mbar_A0171	52.8	36	17	0	11	46	9	44	1.75e-05	44.7
QMW86359.1	iAF987.Gmet_1419	38.2	246	143	4	8	250	3	242	9.43e-51	166
QMW86360.1	iAF987.Gmet_2350	31.6	380	246	6	5	378	11	382	1.42e-55	186
QMW86362.1	iYS854.USA300HOU_RS06355	38.8	165	90	3	105	268	97	251	5.70e-31	115
QMW86362.1	iYO844.BSU16540	31.9	276	164	7	7	274	6	265	1.06e-28	110
QMW86362.1	STM_v1_0.STM0222	31.5	276	155	7	13	268	11	272	2.91e-27	106
QMW86398.1	iYS854.USA300HOU_RS05000	33.5	325	215	1	117	441	129	452	2.13e-58	198
QMW86399.1	iAM_Pv461.PVX_101390	33.5	224	140	4	36	253	276	496	2.87e-32	123
QMW86399.1	iAM_Pf480.PF3D7_1249900	33.8	225	140	4	36	253	391	613	4.79e-31	120
QMW86399.1	iAM_Pc455.PCYB_147430	32.0	225	143	4	36	253	96	317	7.84e-31	117
QMW86399.1	iAM_Pb448.PBANKA_146280	33.9	224	136	5	36	253	227	444	2.89e-29	114
QMW86401.1	iSDY_1059.SDY_0480	46.2	485	261	0	1	485	1	485	7.13e-155	449
QMW86401.1	iSSON_1240.SSON_0279	46.0	485	262	0	1	485	1	485	1.43e-154	448
QMW86401.1	iSbBS512_1146.SbBS512_E0234	46.0	485	262	0	1	485	1	485	2.03e-154	447
QMW86401.1	iML1515.b0237	46.0	485	262	0	1	485	1	485	4.06e-154	447
QMW86401.1	STM_v1_0.STM0316	46.2	485	261	0	1	485	1	485	8.15e-154	446
QMW86401.1	iSF_1195.SF0285	45.8	485	263	0	1	485	1	485	8.15e-154	446
QMW86401.1	iPC815.YPO3230	45.8	485	263	0	1	485	1	485	2.39e-153	445
QMW86401.1	iYL1228.KPN_00249	47.0	449	238	0	37	485	1	449	4.90e-141	412
QMW86403.1	iML1515.b2918	45.2	290	159	0	37	326	4	293	1.68e-85	261
QMW86403.1	iCHOv1.100772148	43.4	334	179	1	35	358	83	416	2.12e-82	256
QMW86403.1	iMM1415.109136	44.0	334	177	1	35	358	78	411	8.15e-81	252
QMW86404.1	iLJ478.TM1193	34.7	1091	595	27	39	1121	7	988	2.26e-195	602
QMW86406.1	iAF692.Mbar_A0995	21.3	263	129	10	11	262	5	200	5.11e-05	43.5
QMW86406.1	iLJ478.TM0115	21.6	292	155	12	4	285	8	235	1.46e-04	42.7
QMW86408.1	iML1515.b0577	43.8	409	223	3	33	437	4	409	1.06e-106	322
QMW86412.1	iSynCJ816.SGL_RS02610	35.2	409	253	5	69	467	71	477	3.15e-74	242
QMW86412.1	iAF987.Gmet_3342	34.4	395	245	6	83	469	82	470	2.66e-73	239
QMW86413.1	iAF987.Gmet_3343	37.7	422	254	5	57	474	56	472	6.95e-90	283
QMW86413.1	iSynCJ816.SGL_RS03225	37.1	375	230	4	69	439	71	443	3.03e-79	257
QMW86414.1	iSynCJ816.SGL_RS15190	39.5	697	337	19	2	639	6	676	1.93e-130	399
QMW86414.1	iAF987.Gmet_3344	38.3	694	338	18	2	638	3	663	2.44e-124	382
QMW86414.1	iAF692.Mbar_A3403	37.8	695	338	21	2	640	3	659	6.67e-116	360
QMW86415.1	iSynCJ816.SGL_RS16985	38.6	101	62	0	2	102	3	103	1.40e-21	81.3
QMW86416.1	iIT341.HP1269	29.9	167	102	4	6	164	3	162	4.35e-15	68.9
QMW86416.1	iAF987.Gmet_3346	31.0	171	108	4	5	170	1	166	9.68e-13	62.4
QMW86417.1	iJN1463.PP_4126	35.2	91	55	2	8	98	2	88	2.80e-12	61.2
QMW86418.1	iAF987.Gmet_0161	45.7	313	144	4	43	346	25	320	6.88e-91	275
QMW86418.1	iAF987.Gmet_3348	41.1	326	155	4	49	353	36	345	1.75e-84	259
QMW86418.1	iCN718.ABAYE_RS15225	41.3	298	164	2	49	346	41	327	1.96e-81	251
QMW86418.1	iML1515.b2282	41.3	303	159	3	51	352	36	320	1.05e-80	249
QMW86418.1	iSbBS512_1146.SbBS512_E2658	41.3	303	159	3	51	352	36	320	1.05e-80	249
QMW86418.1	iSDY_1059.SDY_2478	41.3	303	159	3	51	352	36	320	1.05e-80	249
QMW86418.1	iSSON_1240.SSON_2339	41.3	303	159	3	51	352	36	320	1.05e-80	249
QMW86419.1	iAF987.Gmet_0153	37.1	550	306	9	9	530	254	791	3.12e-109	343
QMW86420.1	iCHOv1.100766693	58.2	146	60	1	35	180	66	210	1.64e-62	192
QMW86420.1	iMM1415.75406	60.4	139	54	1	42	180	78	215	2.71e-62	192
QMW86420.1	iLB1027_lipid.PHATRDRAFT_41645	58.6	140	57	1	42	181	20	158	4.06e-61	187
QMW86420.1	iSDY_1059.SDY_2483	55.1	158	67	2	24	181	27	180	7.26e-59	183
QMW86420.1	iML1515.b2287	55.1	158	67	2	24	181	27	180	1.03e-58	183
QMW86420.1	iAF987.Gmet_3354	55.8	154	65	3	34	186	8	159	2.15e-59	183
QMW86420.1	iSbBS512_1146.SbBS512_E2663	55.1	158	67	2	24	181	27	180	1.03e-58	183
QMW86420.1	iSF_1195.SF2363	55.1	158	67	2	24	181	27	180	1.03e-58	183
QMW86420.1	iSSON_1240.SSON_2344	55.1	158	67	2	24	181	27	180	1.03e-58	183
QMW86420.1	STM_v1_0.STM2327	55.1	158	67	2	24	181	27	180	2.06e-58	182
QMW86420.1	iAF987.Gmet_0153	54.5	145	65	1	36	180	9	152	6.91e-53	180
QMW86420.1	iSynCJ816.SGL_RS10730	56.8	146	61	2	36	180	35	179	3.11e-56	177
QMW86420.1	iAF692.Mbar_A3411	51.7	143	68	1	42	184	40	181	8.92e-57	177
QMW86420.1	iJN1463.PP_4120	55.3	150	62	2	36	181	37	185	3.15e-56	177
QMW86420.1	iIT341.HP1261	53.1	147	67	2	35	181	4	148	1.16e-56	176
QMW86420.1	iCN718.ABAYE_RS15250	52.5	162	69	3	24	181	25	182	1.27e-55	175
QMW86420.1	iYL1228.KPN_02677	52.5	162	69	3	24	181	27	184	2.46e-55	174
QMW86421.1	iSynCJ816.SGL_RS10725	47.3	93	49	0	24	116	28	120	1.14e-27	97.8
QMW86428.1	iLJ478.TM1624	26.2	732	417	36	67	746	22	682	2.68e-40	160
QMW86431.1	iEK1008.Rv1288	34.7	144	82	4	32	171	180	315	4.95e-16	77.4
QMW86451.1	iAF692.Mbar_A3423	38.1	480	292	3	3	482	2	476	3.99e-110	334
QMW86451.1	iAF692.Mbar_A3429	37.1	450	279	3	31	480	36	481	1.92e-103	317
QMW86451.1	iML1515.b3849	37.6	489	287	9	3	481	2	482	3.37e-101	311
QMW86451.1	iSbBS512_1146.SbBS512_E4319	37.6	489	287	9	3	481	2	482	3.37e-101	311
QMW86451.1	iSDY_1059.SDY_3896	37.6	489	287	9	3	481	2	482	3.37e-101	311
QMW86451.1	iSF_1195.SF3925	37.6	489	287	9	3	481	2	482	3.37e-101	311
QMW86451.1	iSSON_1240.SSON_4022	37.6	489	287	9	3	481	2	482	3.37e-101	311
QMW86451.1	STM_v1_0.STM3986	37.0	486	294	8	3	481	2	482	5.29e-100	308
QMW86451.1	iPC815.YPO3762	36.8	484	298	7	3	481	2	482	7.47e-100	308
QMW86451.1	iYL1228.KPN_04343	37.6	463	277	8	26	481	5	462	2.04e-97	301
QMW86452.1	iJN1463.PP_0065	32.5	455	294	7	1	446	1	451	6.20e-67	220
QMW86452.1	iPC815.YPO0239	30.0	454	308	7	1	446	1	452	3.35e-61	205
QMW86453.1	iPC815.YPO3177	44.7	624	327	10	7	629	8	614	1.12e-174	510
QMW86453.1	iAF987.Gmet_2822	43.6	619	338	7	6	621	1	611	3.77e-174	509
QMW86453.1	iSDY_1059.SDY_0310	43.9	615	330	7	7	621	8	607	6.57e-174	508
QMW86453.1	iML1515.b0420	44.1	615	329	7	7	621	8	607	9.29e-174	508
QMW86453.1	iSbBS512_1146.SbBS512_E0341	43.9	615	330	7	7	621	8	607	1.31e-173	508
QMW86453.1	iSSON_1240.SSON_0397	43.7	615	331	7	7	621	8	607	1.05e-172	505
QMW86453.1	iSF_1195.SF0357	43.6	615	332	7	7	621	8	607	2.98e-172	504
QMW86453.1	STM_v1_0.STM0422	43.8	617	328	8	7	621	8	607	3.37e-171	501
QMW86453.1	iYL1228.KPN_00372	43.1	615	335	7	7	621	8	607	2.16e-169	497
QMW86453.1	iJN1463.PP_0527	44.0	621	331	7	2	621	10	614	4.91e-168	494
QMW86453.1	iAF987.Gmet_1934	42.8	621	344	8	9	626	4	616	1.49e-162	479
QMW86453.1	iCN718.ABAYE_RS02420	41.6	637	336	7	5	629	11	623	1.12e-161	478
QMW86453.1	iCN900.CD630_12070	40.8	627	360	7	6	631	1	617	5.90e-161	475
QMW86455.1	iHN637.CLJU_RS15830	38.3	376	206	12	491	849	11	377	1.91e-54	193
QMW86455.1	iHN637.CLJU_RS05895	37.1	372	215	11	491	849	11	376	1.21e-53	191
QMW86455.1	iHN637.CLJU_RS19890	35.3	377	216	12	490	849	10	375	5.22e-52	186
QMW86455.1	iCN900.CD630_34630	34.4	372	228	10	488	849	8	373	3.39e-48	175
QMW86458.1	STM_v1_0.STM3134	30.0	424	253	7	1	419	3	387	3.22e-44	160
QMW86458.1	iHN637.CLJU_RS01890	30.8	426	245	11	2	417	5	390	1.37e-42	156
QMW86458.1	iML1515.b3093	28.5	418	255	9	5	419	8	384	7.50e-41	151
QMW86458.1	iSbBS512_1146.SbBS512_E3529	28.2	418	256	9	5	419	8	384	7.50e-41	151
QMW86458.1	iSF_1195.SF3133	28.5	418	255	9	5	419	8	384	7.50e-41	151
QMW86458.1	iYL1228.KPN_03521	28.1	416	259	8	5	419	8	384	1.06e-40	151
QMW86458.1	iSDY_1059.SDY_3278	28.0	418	257	9	5	419	48	424	2.48e-38	145
QMW86459.1	iML1515.b2843	50.7	274	125	3	35	306	13	278	2.51e-91	272
QMW86460.1	iCN900.CD630_00430	47.4	458	226	5	3	460	2	444	7.00e-133	390
QMW86463.1	iAF987.Gmet_0043	27.5	298	161	6	1060	1352	151	398	8.82e-21	98.2
QMW86473.1	iSDY_1059.SDY_1022	31.3	150	84	6	114	254	32	171	5.82e-05	47.0
QMW86473.1	STM_v1_0.STM0585	29.8	168	97	8	99	255	18	175	8.95e-04	43.1
QMW86476.1	iAF987.Gmet_0043	23.0	427	274	7	916	1334	38	417	1.67e-18	90.9
QMW86478.1	iSDY_1059.SDY_2907	31.3	364	243	6	7	364	5	367	1.74e-58	197
QMW86478.1	iML1515.b2710	31.3	364	243	6	7	364	5	367	3.41e-58	196
QMW86478.1	iSSON_1240.SSON_2854	31.3	364	243	6	7	364	5	367	3.41e-58	196
QMW86478.1	STM_v1_0.STM2840	31.4	369	236	7	7	364	5	367	6.69e-58	196
QMW86478.1	iSF_1195.SF2733	31.0	364	244	6	7	364	5	367	9.36e-58	195
QMW86478.1	iSbBS512_1146.SbBS512_E3167	31.0	364	244	6	7	364	5	367	3.59e-57	194
QMW86478.1	iAF692.Mbar_A2179	32.1	396	250	10	7	395	9	392	3.73e-57	191
QMW86478.1	iAF987.Gmet_3243	31.2	375	242	7	7	371	6	374	1.89e-56	190
QMW86478.1	iYL1228.KPN_03045	30.5	364	246	6	7	364	5	367	8.16e-55	187
QMW86478.1	iAF692.Mbar_A3353	29.5	397	266	8	7	396	13	402	7.60e-55	186
QMW86479.1	STM_v1_0.STM0684	64.6	263	93	0	1	263	1	263	1.69e-123	352
QMW86479.1	iML1515.b0678	65.4	263	91	0	1	263	1	263	4.84e-123	351
QMW86479.1	iSbBS512_1146.SbBS512_E0573	65.4	263	91	0	1	263	1	263	4.84e-123	351
QMW86479.1	iSSON_1240.SSON_0632	65.4	263	91	0	1	263	1	263	4.84e-123	351
QMW86479.1	iSF_1195.SF0615	65.4	263	91	0	1	263	1	263	6.87e-123	350
QMW86479.1	iYL1228.KPN_00699	64.3	263	94	0	1	263	1	263	2.28e-121	347
QMW86479.1	iSDY_1059.SDY_0612	64.6	263	93	0	1	263	1	263	4.59e-121	346
QMW86479.1	iPC815.YPO2627	66.2	260	88	0	1	260	1	260	1.31e-120	345
QMW86479.1	iMM1415.26384	62.3	273	100	1	1	270	1	273	3.89e-118	339
QMW86479.1	iCHOv1.100689210	61.2	273	103	1	1	270	6	278	7.58e-117	336
QMW86479.1	iCHOv1.100761133	60.9	258	99	1	1	258	1	256	7.50e-110	318
QMW86479.1	iMM1415.67980	59.9	262	103	1	1	262	1	260	1.51e-109	317
QMW86483.1	iML1515.b3697	27.3	271	175	8	3	258	4	267	2.76e-19	84.3
QMW86487.1	iLJ478.TM0306	43.0	79	42	1	87	165	98	173	3.43e-13	71.6
QMW86488.1	iAF987.Gmet_0069	30.8	120	81	1	1057	1174	4	123	1.19e-14	76.3
QMW86489.1	iCN900.CD630_27330	41.2	388	227	1	1	387	1	388	4.98e-124	363
QMW86494.1	iYS854.USA300HOU_RS09920	39.4	71	41	1	112	182	142	210	1.23e-09	57.0
QMW86494.1	iJN1463.PP_4900	26.4	174	98	6	79	226	102	271	2.89e-09	55.8
QMW86498.1	iMM904.YJR153W	22.4	219	128	7	143	351	83	269	1.44e-06	50.1
QMW86500.1	iML1515.b1617	24.5	347	190	9	27	359	15	303	1.41e-19	93.6
QMW86502.1	iLJ478.TM1195	32.3	671	413	16	328	984	1	644	7.82e-112	359
QMW86503.1	iLJ478.TM1193	24.5	917	545	34	47	883	63	912	1.42e-60	224
QMW86504.1	iMM1415.11605	31.2	375	212	13	84	432	23	377	3.42e-48	173
QMW86504.1	iMM1415.17939	34.2	301	161	10	107	383	26	313	1.39e-45	166
QMW86504.1	iCHOv1.100751670	31.9	345	187	12	107	422	26	351	9.58e-45	164
QMW86506.1	iMM1415.12091	27.0	356	200	12	47	393	45	349	1.01e-28	121
QMW86506.1	iCHOv1.100767446	27.3	355	200	12	47	393	34	338	5.65e-27	116
QMW86521.1	iAF987.Gmet_0069	34.2	120	70	3	1171	1284	2	118	1.10e-11	67.4
QMW86522.1	iMM904.YLR307W	28.3	106	64	3	313	418	110	203	7.48e-04	41.6
QMW86524.1	iPC815.YPO1654	21.7	364	235	11	91	433	143	477	5.99e-10	63.2
QMW86524.1	iSDY_1059.SDY_0378	21.2	452	280	17	100	507	87	506	1.52e-08	58.5
QMW86524.1	iSSON_1240.SSON_0299	21.0	347	235	8	100	433	142	462	1.55e-08	58.5
QMW86524.1	iML1515.b0344	21.6	348	232	9	100	433	142	462	2.03e-08	58.2
QMW86525.1	iAF987.Gmet_0043	23.9	414	255	13	900	1296	38	408	5.59e-16	82.8
QMW86527.1	iCN718.ABAYE_RS17405	30.2	212	146	1	2	211	9	220	1.04e-28	107
QMW86527.1	iJN1463.PP_0416	30.1	209	143	2	1	206	12	220	4.33e-28	106
QMW86531.1	iAF987.Gmet_2558	33.5	260	163	7	5	260	3	256	1.61e-30	114
QMW86531.1	iCN718.ABAYE_RS16180	33.3	270	169	8	1	265	1	264	4.33e-28	108
QMW86535.1	iYS854.USA300HOU_RS04580	47.1	280	145	2	5	281	9	288	2.09e-95	283
QMW86535.1	iJN1463.PP_4800	44.7	282	143	3	6	279	53	329	6.17e-87	262
QMW86535.1	iML1515.b0628	47.1	278	143	3	5	278	35	312	1.90e-84	255
QMW86535.1	iSbBS512_1146.SbBS512_E0542	47.1	278	143	3	5	278	35	312	1.90e-84	255
QMW86535.1	iSDY_1059.SDY_0550	47.1	278	143	3	5	278	35	312	1.90e-84	255
QMW86535.1	iSF_1195.SF0653	47.1	278	143	3	5	278	35	312	1.90e-84	255
QMW86535.1	iSSON_1240.SSON_0582	47.1	278	143	3	5	278	35	312	1.90e-84	255
QMW86548.1	iAF987.Gmet_2353	34.8	256	166	1	1	255	1	256	2.07e-49	162
QMW86548.1	STM_v1_0.STM0228	34.7	262	164	2	1	255	1	262	2.09e-44	150
QMW86548.1	iJN1463.PP_1603	31.4	255	174	1	2	255	4	258	5.26e-44	149
QMW86549.1	iJN1463.PP_1343	35.0	309	172	4	1	306	1	283	3.88e-49	169
QMW86549.1	iSbBS512_1146.SbBS512_E0090	36.4	297	159	4	1	293	1	271	1.26e-45	160
QMW86549.1	iML1515.b0096	36.0	297	160	4	1	293	1	271	6.69e-45	158
QMW86549.1	iSDY_1059.SDY_0126	36.0	297	160	4	1	293	1	271	6.69e-45	158
QMW86549.1	iSF_1195.SF0093	36.0	297	160	4	1	293	1	271	6.69e-45	158
QMW86549.1	iSSON_1240.SSON_0104	36.0	297	160	4	1	293	1	271	6.69e-45	158
QMW86549.1	STM_v1_0.STM0134	35.7	297	161	4	1	293	1	271	1.82e-44	157
QMW86549.1	iPC815.YPO0561	35.4	297	162	4	1	293	1	271	1.86e-44	157
QMW86549.1	iYL1228.KPN_00100	36.0	297	160	5	1	293	1	271	1.34e-43	155
QMW86550.1	iAF987.Gmet_2355	53.8	338	151	2	6	342	8	341	3.16e-40	144
QMW86551.1	iAM_Pv461.PVX_100900	29.3	270	152	5	4	234	332	601	8.98e-23	100
QMW86551.1	iAM_Pb448.PBANKA_145350	30.0	270	150	8	4	234	318	587	1.19e-22	100
QMW86551.1	iAM_Pf480.PF3D7_1239000	28.9	270	153	8	4	234	357	626	5.61e-20	92.0
QMW86552.1	iHN637.CLJU_RS17585	37.5	256	142	7	13	253	12	264	1.84e-48	162
QMW86554.1	iAF692.Mbar_A0862	26.1	330	174	14	47	369	54	320	9.36e-20	89.0
QMW86554.1	iHN637.CLJU_RS04220	26.0	327	168	14	55	370	59	322	1.96e-18	85.1
QMW86557.1	iHN637.CLJU_RS14365	39.4	251	138	7	5	248	6	249	4.24e-44	149
QMW86558.1	iAF987.Gmet_1167	46.1	232	121	3	16	245	26	255	8.69e-61	191
QMW86558.1	iCN718.ABAYE_RS17020	38.1	231	140	3	17	245	85	314	1.21e-53	175
QMW86559.1	iAF987.Gmet_0916	39.5	301	155	8	4	289	5	293	1.56e-60	194
QMW86578.1	iAF987.Gmet_2999	33.3	120	79	1	1132	1250	10	129	3.76e-13	72.4
QMW86578.1	iAF987.Gmet_0069	35.6	118	73	2	1128	1242	1	118	3.20e-13	72.0
QMW86579.1	iCN900.CD630_01030	35.6	247	153	3	1	245	1	243	2.70e-44	149
QMW86584.1	STM_v1_0.STM4433	29.2	113	71	1	54	166	1	104	3.82e-07	51.6
QMW86593.1	STM_v1_0.STM4433	22.7	154	103	4	21	169	4	146	2.20e-04	42.7
QMW86593.1	iSynCJ816.SGL_RS02995	25.0	108	72	1	21	128	11	109	2.84e-04	42.4
QMW86594.1	iYS854.USA300HOU_RS09385	46.2	143	77	0	20	162	10	152	7.58e-43	139
QMW86594.1	iCN900.CD630_16970	45.1	144	79	0	20	163	10	153	5.96e-42	137
QMW86594.1	iYO844.BSU23250	50.7	134	66	0	22	155	13	146	8.71e-42	136
QMW86594.1	iNF517.LLMG_RS07695	45.3	139	76	0	21	159	12	150	9.98e-41	134
QMW86594.1	iHN637.CLJU_RS10825	44.0	141	79	0	19	159	10	150	3.61e-38	127
QMW86594.1	iLJ478.TM1825	44.9	136	75	0	20	155	11	146	7.25e-38	127
QMW86598.1	iCN900.CD630_10690	30.5	164	103	5	4	163	4	160	7.22e-12	63.5
QMW86599.1	iAF987.Gmet_1179	38.8	178	103	5	4	177	3	178	3.62e-29	106
QMW86601.1	iCN900.CD630_34770	43.9	139	65	3	11	137	6	143	4.31e-31	108
QMW86601.1	iAF692.Mbar_A0853	40.7	140	72	1	10	138	7	146	2.04e-29	104
QMW86601.1	iYS854.USA300HOU_RS08470	45.7	127	63	3	14	135	10	135	6.93e-29	103
QMW86601.1	iAF987.Gmet_1622	40.3	139	68	2	11	136	7	143	5.70e-28	100
QMW86603.1	iPC815.YPO2157	67.4	331	105	2	2	332	6	333	1.75e-156	441
QMW86603.1	iML1515.b1779	67.4	331	105	2	2	332	3	330	1.72e-153	433
QMW86603.1	iSbBS512_1146.SbBS512_E2026	67.4	331	105	2	2	332	3	330	1.72e-153	433
QMW86603.1	iSDY_1059.SDY_1488	67.4	331	105	2	2	332	3	330	1.72e-153	433
QMW86603.1	iSF_1195.SF1444	67.4	331	105	2	2	332	3	330	1.72e-153	433
QMW86603.1	iSSON_1240.SSON_1384	67.4	331	105	2	2	332	3	330	1.72e-153	433
QMW86603.1	STM_v1_0.STM1290	66.5	331	108	2	2	332	3	330	2.84e-152	430
QMW86603.1	iYL1228.KPN_01197	65.6	331	111	2	2	332	3	330	3.81e-150	425
QMW86604.1	iML1515.b3291	54.9	142	52	3	5	146	2	131	1.88e-40	132
QMW86605.1	STM_v1_0.STM2510	53.1	520	229	6	2	507	7	525	1.42e-190	542
QMW86605.1	iSF_1195.SF2553	52.9	520	230	6	2	507	7	525	4.04e-190	541
QMW86605.1	iML1515.b2507	52.7	520	231	6	2	507	7	525	8.13e-190	540
QMW86605.1	iAF987.Gmet_2292	54.6	513	225	5	3	507	8	520	2.76e-189	538
QMW86605.1	iSDY_1059.SDY_2703	52.5	520	232	6	2	507	7	525	3.28e-189	538
QMW86605.1	iSbBS512_1146.SbBS512_E2882	52.5	520	232	6	2	507	7	525	4.65e-189	538
QMW86605.1	iSSON_1240.SSON_2589	52.5	520	232	6	2	507	7	525	9.34e-189	537
QMW86605.1	iYL1228.KPN_02833	52.3	522	230	7	2	507	7	525	1.07e-187	535
QMW86605.1	iPC815.YPO2870	51.5	522	234	7	2	507	7	525	3.76e-183	523
QMW86605.1	iNF517.LLMG_RS05125	51.6	508	242	3	3	507	7	513	4.67e-181	517
QMW86605.1	iHN637.CLJU_RS18300	50.7	511	244	4	2	507	3	510	8.46e-181	516
QMW86605.1	iYS854.USA300HOU_RS02070	51.1	511	241	4	2	507	7	513	1.33e-180	516
QMW86605.1	iJN1463.PP_1032	52.0	521	229	6	4	507	9	525	2.84e-180	516
QMW86605.1	iYO844.BSU06360	50.4	510	249	3	1	507	5	513	7.60e-180	514
QMW86605.1	iCN900.CD630_01980	51.5	513	236	8	3	507	4	511	4.66e-178	509
QMW86605.1	iMM904.YMR217W	51.3	517	241	6	1	507	10	525	1.51e-177	509
QMW86605.1	iCN718.ABAYE_RS18570	51.9	514	239	5	2	507	9	522	4.44e-176	505
QMW86605.1	iLJ478.TM1820	51.7	509	231	9	5	507	2	501	2.17e-176	505
QMW86605.1	iIT341.HP0409	52.0	512	232	7	5	507	2	508	5.54e-176	504
QMW86605.1	iSynCJ816.SGL_RS13520	49.5	515	247	5	5	507	29	542	1.75e-175	504
QMW86618.1	iEK1008.Rv3032	20.4	285	213	8	98	376	130	406	9.63e-09	57.4
QMW86618.1	iYS854.USA300HOU_RS07460	28.3	113	76	2	258	368	265	374	8.67e-09	57.4
QMW86619.1	iYO844.BSU35550	26.9	216	149	4	2	213	6	216	1.49e-14	71.2
QMW86619.1	iSbBS512_1146.SbBS512_E4050	29.0	124	84	3	2	121	6	129	3.99e-12	65.1
QMW86619.1	iSSON_1240.SSON_3782	29.0	124	84	3	2	121	6	129	3.99e-12	65.1
QMW86620.1	iEK1008.Rv1212c	24.5	314	183	11	119	399	90	382	2.10e-12	67.8
QMW86626.1	iAF987.Gmet_2349	37.5	349	210	4	381	727	228	570	2.07e-55	199
QMW86626.1	iCHOv1.100682535	43.1	239	135	1	489	726	393	631	2.41e-50	190
QMW86626.1	iMM1415.18670	42.7	239	136	1	489	726	390	628	5.73e-50	189
QMW86626.1	iSF_1195.SF0910	27.5	590	398	8	152	727	7	580	1.54e-50	186
QMW86626.1	iML1515.b0914	27.5	590	398	8	152	727	7	580	2.11e-50	185
QMW86626.1	iSbBS512_1146.SbBS512_E2410	27.5	590	398	8	152	727	7	580	2.11e-50	185
QMW86626.1	iSDY_1059.SDY_2344	27.5	590	398	8	152	727	7	580	2.11e-50	185
QMW86626.1	iSSON_1240.SSON_0916	27.4	592	396	9	152	727	7	580	2.11e-50	185
QMW86626.1	iYL1228.KPN_00941	27.5	593	394	9	152	727	7	580	2.55e-49	182
QMW86626.1	iJN1463.PP_3466	28.4	559	367	10	161	703	16	557	3.87e-49	181
QMW86626.1	STM_v1_0.STM0984	28.0	597	386	11	152	727	7	580	6.49e-49	181
QMW86640.1	iAF692.Mbar_A3653	31.0	661	418	15	1	636	1	648	5.37e-86	282
QMW86640.1	iAF692.Mbar_A1369	30.9	663	416	17	1	636	1	648	4.43e-82	271
QMW86641.1	iAF692.Mbar_A1731	24.5	286	205	5	137	418	90	368	2.20e-21	94.7
QMW86641.1	iEK1008.Rv3032	20.7	434	280	11	1	414	1	390	5.01e-19	88.2
QMW86644.1	iLJ478.TM0895	27.0	174	119	2	6	177	2	169	1.07e-18	85.1
QMW86644.1	iCN900.CD630_08840	25.4	177	116	4	6	177	2	167	7.24e-17	79.7
QMW86644.1	iYO844.BSU30950	28.5	193	120	5	6	194	2	180	9.86e-17	79.3
QMW86644.1	iAF987.Gmet_3175	25.5	188	125	4	6	188	2	179	1.33e-16	79.0
QMW86645.1	iCN900.CD630_15120	45.0	280	150	2	3	280	2	279	2.17e-71	221
QMW86645.1	iLJ478.TM1077	43.4	279	152	3	1	276	1	276	2.64e-69	215
QMW86645.1	iML1515.b0133	46.4	280	143	5	1	276	1	277	4.08e-69	215
QMW86645.1	iSbBS512_1146.SbBS512_E0126	46.4	280	143	5	1	276	1	277	4.08e-69	215
QMW86645.1	iSF_1195.SF0130	46.4	280	143	5	1	276	1	277	4.08e-69	215
QMW86645.1	iSSON_1240.SSON_0141	46.4	280	143	5	1	276	1	277	4.08e-69	215
QMW86645.1	STM_v1_0.STM0181	44.6	280	148	5	1	276	1	277	1.69e-68	213
QMW86645.1	iSDY_1059.SDY_0155	46.1	280	144	5	1	276	1	277	4.63e-68	212
QMW86645.1	iYL1228.KPN_00140	45.2	281	145	5	1	276	1	277	5.40e-67	209
QMW86645.1	iYS854.USA300HOU_RS14080	43.1	281	150	3	2	277	3	278	8.38e-66	206
QMW86645.1	iPC815.YPO3402	43.0	284	147	5	1	276	1	277	6.90e-65	204
QMW86645.1	iJN1463.PP_4700	43.8	288	141	6	1	277	1	278	6.02e-64	202
QMW86645.1	iAF987.Gmet_1643	41.7	278	158	2	1	276	1	276	4.27e-63	199
QMW86645.1	iSynCJ816.SGL_RS10105	42.4	283	156	4	1	277	2	283	2.75e-60	199
QMW86646.1	iYS854.USA300HOU_RS14075	63.4	101	37	0	5	105	1	101	2.40e-42	135
QMW86646.1	iYO844.BSU22410	65.3	101	35	0	5	105	5	105	3.14e-41	132
QMW86647.1	iHN637.CLJU_RS18335	51.4	773	347	14	1	761	1	756	4.87e-245	699
QMW86648.1	iCN900.CD630_00140	42.7	426	237	5	1	423	1	422	4.61e-105	317
QMW86648.1	iAF987.Gmet_3528	43.8	425	224	6	1	419	1	416	8.31e-103	311
QMW86648.1	iSynCJ816.SGL_RS05225	41.5	431	243	5	1	423	1	430	5.81e-102	309
QMW86648.1	iLJ478.TM1379	41.8	426	243	4	1	423	1	424	3.56e-99	302
QMW86648.1	iCN718.ABAYE_RS04335	41.9	422	237	5	1	419	1	417	1.06e-97	298
QMW86648.1	iHN637.CLJU_RS00085	44.3	332	182	3	91	419	89	420	2.07e-95	292
QMW86648.1	iAF692.Mbar_A0541	42.3	371	197	6	55	419	80	439	1.19e-94	291
QMW86648.1	iNF517.LLMG_RS03735	40.9	421	243	4	1	419	1	417	8.44e-94	288
QMW86651.1	iAF692.Mbar_A2726	42.4	210	121	0	1	210	11	220	2.49e-51	165
QMW86653.1	iML1515.b2175	37.6	125	75	1	45	169	63	184	3.84e-27	100
QMW86654.1	iYO844.BSU02750	28.0	218	149	5	1	212	1	216	3.31e-26	101
QMW86654.1	iCN900.CD630_14890	28.8	219	146	3	1	212	1	216	9.33e-25	99.4
QMW86654.1	iCN900.CD630_16140	32.4	216	136	6	3	212	23	234	1.01e-22	92.8
QMW86654.1	iCN900.CD630_09000	28.1	217	148	4	1	211	1	215	6.33e-22	92.4
QMW86654.1	iCN900.CD630_32150	23.4	214	161	2	1	211	4	217	2.25e-22	91.7
QMW86654.1	iHN637.CLJU_RS18755	27.0	211	152	2	1	211	1	209	1.60e-22	91.7
QMW86654.1	iYS854.USA300HOU_RS13270	25.5	216	158	2	1	213	1	216	1.52e-21	91.7
QMW86654.1	iSynCJ816.SGL_RS17160	30.0	213	142	3	2	211	3	211	9.63e-22	91.7
QMW86655.1	iAT_PLT_636.7384	27.0	222	143	6	24	244	39	242	2.00e-14	76.6
QMW86655.1	iMM1415.22273	27.0	222	143	6	24	244	39	242	4.63e-14	75.5
QMW86655.1	iAM_Pb448.PBANKA_130410	21.8	238	131	5	60	256	122	345	2.06e-12	71.2
QMW86655.1	iCHOv1.100766805	26.6	188	126	2	68	255	21	196	2.49e-12	69.7
QMW86656.1	iAF987.Gmet_1277	49.4	253	128	0	14	266	20	272	6.91e-87	259
QMW86656.1	iJN1463.PP_1611	47.5	265	137	1	2	266	11	273	1.94e-78	238
QMW86657.1	iYS854.USA300HOU_RS10305	21.6	283	197	8	10	284	7	272	3.67e-15	74.3
QMW86661.1	iCN900.CD630_14890	34.9	169	106	2	37	202	27	194	7.35e-19	82.8
QMW86661.1	iNF517.LLMG_RS09915	33.3	180	105	5	31	202	25	197	5.04e-19	82.0
QMW86661.1	iYO844.BSU30420	31.0	155	104	1	36	187	34	188	2.11e-18	80.1
QMW86661.1	iEK1008.Rv0073	31.5	143	95	1	37	176	33	175	7.00e-17	77.4
QMW86661.1	iYS854.USA300HOU_RS09925	29.6	196	123	6	13	202	9	195	4.87e-17	76.6
QMW86661.1	iIT341.HP1171	30.6	170	112	3	36	201	29	196	2.71e-16	74.7
QMW86665.1	STM_v1_0.STM2421	58.5	414	165	4	1	412	1	409	2.77e-165	470
QMW86665.1	iML1515.b2406	57.7	414	168	4	1	412	1	409	1.29e-163	466
QMW86665.1	STM_v1_0.STM3113	55.2	413	178	4	1	411	1	408	1.22e-156	448
QMW86665.1	iYL1228.KPN_03396	54.3	414	182	3	1	412	1	409	6.78e-156	446
QMW86665.1	iML1515.b2964	54.2	413	182	4	1	411	1	408	2.30e-154	442
QMW86665.1	iSbBS512_1146.SbBS512_E3397	54.2	413	182	4	1	411	1	408	2.30e-154	442
QMW86665.1	iSDY_1059.SDY_3108	54.2	413	182	4	1	411	17	424	3.98e-154	442
QMW86665.1	iSF_1195.SF2961	54.2	413	182	4	1	411	17	424	3.98e-154	442
QMW86665.1	iSSON_1240.SSON_3232	54.2	413	182	4	1	411	17	424	3.98e-154	442
QMW86671.1	iCN718.ABAYE_RS14635	51.3	310	140	5	8	310	7	312	3.06e-101	299
QMW86671.1	iCN718.ABAYE_RS18170	52.3	310	137	5	8	310	7	312	1.87e-100	297
QMW86671.1	iJN1463.PP_0786	51.1	319	140	7	1	310	1	312	8.31e-100	296
QMW86671.1	iMM904.YDR353W	48.7	314	149	4	8	311	5	316	4.25e-97	289
QMW86671.1	iPC815.YPO1374	48.7	318	150	6	1	310	1	313	1.77e-96	287
QMW86671.1	iEK1008.Rv3913	49.0	302	151	2	10	311	18	316	5.75e-96	286
QMW86671.1	iMM904.YHR106W	49.7	316	147	4	8	313	28	341	7.18e-96	286
QMW86671.1	iAF987.Gmet_3070	48.9	317	146	7	3	310	2	311	1.78e-95	285
QMW86671.1	STM_v1_0.STM0958	49.5	319	147	8	1	310	1	314	9.93e-94	280
QMW86671.1	iYL1228.KPN_00920	48.4	318	152	6	1	310	10	323	1.87e-93	280
QMW86671.1	iML1515.b0888	48.7	318	151	7	1	310	1	314	3.87e-93	279
QMW86671.1	iSbBS512_1146.SbBS512_E2441	48.7	318	151	7	1	310	1	314	3.87e-93	279
QMW86671.1	iSDY_1059.SDY_2373	48.7	318	151	7	1	310	1	314	3.87e-93	279
QMW86671.1	iSSON_1240.SSON_0889	48.7	318	151	7	1	310	1	314	3.87e-93	279
QMW86671.1	iSF_1195.SF0847	48.4	318	152	7	1	310	1	314	3.12e-92	276
QMW86672.1	iMM1415.15211	27.6	435	250	12	139	565	114	491	6.28e-42	160
QMW86672.1	iCHOv1.100750552	26.4	435	255	8	139	565	114	491	3.81e-41	158
QMW86672.1	iMM1415.15212	25.7	460	273	10	105	559	99	494	1.42e-40	157
QMW86672.1	iCHOv1.100756951	26.1	463	262	14	107	559	97	489	7.49e-40	154
QMW86672.1	iCHOv1.100756663	25.8	462	265	13	107	559	97	489	2.47e-39	153
QMW86674.1	iSynCJ816.SGL_RS11925	43.3	732	394	9	5	729	7	724	3.42e-195	570
QMW86680.1	iHN637.CLJU_RS10465	32.5	342	209	4	38	371	307	634	4.14e-60	211
QMW86685.1	iAF987.Gmet_2399	43.7	252	139	2	11	259	7	258	1.36e-65	204
QMW86685.1	iHN637.CLJU_RS20535	42.1	247	139	2	16	258	233	479	1.83e-61	200
QMW86685.1	iCN900.CD630_34970	43.9	237	128	3	26	259	247	481	3.70e-61	199
QMW86685.1	iML1515.b2781	41.5	258	144	3	9	259	1	258	1.74e-60	191
QMW86685.1	iSbBS512_1146.SbBS512_E3092	41.5	258	144	3	9	259	1	258	1.74e-60	191
QMW86685.1	iSDY_1059.SDY_2998	41.5	258	144	3	9	259	1	258	1.74e-60	191
QMW86685.1	iSF_1195.SF2796	41.5	258	144	3	9	259	1	258	1.74e-60	191
QMW86685.1	iSSON_1240.SSON_2938	41.5	258	144	3	9	259	1	258	1.74e-60	191
QMW86685.1	STM_v1_0.STM2954	40.4	260	151	2	4	259	2	261	2.70e-60	191
QMW86685.1	iPC815.YPO3378	41.4	263	139	5	11	259	14	275	3.65e-58	186
QMW86685.1	iYL1228.KPN_03125	40.3	258	147	3	9	259	1	258	1.26e-57	184
QMW86685.1	iLJ478.TM0913	42.5	252	131	6	12	258	8	250	9.93e-58	184
QMW86688.1	iAF987.Gmet_0956	44.6	876	451	12	2	858	5	865	6.53e-248	716
QMW86688.1	iLJ478.TM1817	43.2	861	468	10	2	858	3	846	4.49e-248	716
QMW86688.1	iHN637.CLJU_RS17105	43.0	875	464	15	2	858	6	863	1.01e-245	710
QMW86688.1	iYS854.USA300HOU_RS08810	42.3	899	473	17	1	877	1	875	5.44e-241	698
QMW86688.1	iNF517.LLMG_RS12325	42.0	900	473	15	2	877	4	878	1.29e-234	682
QMW86688.1	iCN900.CD630_32560	41.3	892	482	17	3	871	6	878	3.34e-234	681
QMW86688.1	iCN718.ABAYE_RS04250	40.0	961	479	19	3	876	10	959	2.01e-225	661
QMW86688.1	iSynCJ816.SGL_RS16980	40.9	892	474	16	3	852	5	885	3.91e-224	656
QMW86688.1	iJN1463.PP_0977	40.1	951	477	19	3	871	1	940	8.04e-222	651
QMW86689.1	iAF987.Gmet_0043	30.7	251	160	5	389	627	18	266	1.99e-21	98.2
QMW86692.1	iSDY_1059.SDY_1022	29.9	154	85	4	208	343	23	171	4.48e-07	53.9
QMW86693.1	iCHOv1.100757611	34.3	630	370	16	76	685	74	679	1.13e-112	357
QMW86693.1	iMM1415.27419	34.0	630	368	16	76	683	73	676	2.73e-108	346
QMW86700.1	iLJ478.TM0883	31.3	243	152	9	1	232	1	239	4.51e-24	96.3
QMW86708.1	iAF987.Gmet_3404	37.5	333	201	4	1	329	1	330	4.91e-62	201
QMW86708.1	iSynCJ816.SGL_RS16360	36.8	345	199	5	7	336	8	348	1.98e-60	197
QMW86708.1	iYL1228.KPN_00049	35.4	328	206	3	7	332	6	329	4.60e-56	186
QMW86708.1	STM_v1_0.STM0091	43.1	239	135	1	94	332	92	329	2.54e-55	184
QMW86708.1	iML1515.b0052	42.7	239	136	1	94	332	92	329	3.57e-55	183
QMW86708.1	iSF_1195.SF0049	42.7	239	136	1	94	332	92	329	3.57e-55	183
QMW86708.1	iSSON_1240.SSON_0060	42.7	239	136	1	94	332	92	329	5.02e-55	183
QMW86708.1	iSbBS512_1146.SbBS512_E0046	42.7	239	136	1	94	332	92	329	7.06e-55	182
QMW86713.1	iYL1228.KPN_04094	21.3	447	291	15	16	440	29	436	2.61e-06	49.3
QMW86717.1	iML1515.b4167	31.3	476	299	10	26	494	40	494	5.20e-50	178
QMW86719.1	iYS854.USA300HOU_RS03930	31.8	468	277	10	6	460	21	459	8.67e-62	210
QMW86719.1	iML1515.b1634	29.3	464	277	8	8	463	20	440	3.47e-58	200
QMW86719.1	iSbBS512_1146.SbBS512_E1824	29.3	464	277	8	8	463	20	440	3.47e-58	200
QMW86719.1	iSSON_1240.SSON_1524	29.3	464	277	8	8	463	20	440	3.47e-58	200
QMW86719.1	iSF_1195.SF1659	29.1	464	278	8	8	463	20	440	6.73e-58	199
QMW86719.1	iSDY_1059.SDY_1857	29.1	464	278	8	8	463	20	440	1.31e-57	199
QMW86720.1	iHN637.CLJU_RS20465	41.9	160	92	1	13	171	11	170	1.31e-37	127
QMW86720.1	iCN900.CD630_26910	38.8	165	100	1	15	178	9	173	2.84e-35	121
QMW86720.1	iNF517.LLMG_RS05050	42.5	153	87	1	20	171	15	167	3.26e-35	121
QMW86720.1	iEK1008.Rv3624c	39.4	160	90	2	12	164	39	198	1.70e-34	120
QMW86720.1	iYL1228.KPN_00133	38.3	162	97	2	13	171	11	172	9.74e-35	120
QMW86720.1	iCN900.CD630_32310	37.9	174	107	1	6	178	3	176	3.58e-34	118
QMW86720.1	STM_v1_0.STM0170	36.9	168	103	2	13	177	7	174	9.83e-34	117
QMW86720.1	iPC815.YPO3408	37.9	169	100	3	13	177	7	174	5.54e-33	115
QMW86720.1	iYO844.BSU00680	38.8	160	97	1	13	171	9	168	8.27e-33	115
QMW86721.1	iYO844.BSU01370	42.8	215	96	2	2	189	1	215	1.58e-52	167
QMW86721.1	iAF692.Mbar_A0086	41.8	213	98	1	2	188	1	213	1.49e-52	167
QMW86721.1	iCHOv1.100759346	41.7	187	104	2	4	189	12	194	4.29e-50	160
QMW86721.1	iAT_PLT_636.203	40.1	187	107	2	4	189	11	193	3.84e-48	155
QMW86721.1	iYS854.USA300HOU_RS12070	38.6	215	105	1	2	189	1	215	1.01e-47	154
QMW86722.1	iML1515.b4173	29.4	170	112	4	165	331	200	364	2.10e-10	61.6
QMW86725.1	iAF987.Gmet_1350	36.7	109	69	0	53	161	85	193	5.63e-15	70.9
QMW86725.1	iML1515.b1856	39.4	94	57	0	78	171	314	407	1.01e-12	65.9
QMW86727.1	iCHOv1.100756663	26.7	435	260	13	99	526	121	503	1.41e-39	150
QMW86727.1	iCHOv1.100756951	26.7	435	260	13	99	526	121	503	1.41e-39	150
QMW86727.1	iCHOv1.100766960	27.6	439	255	14	99	526	128	514	3.01e-39	150
QMW86727.1	iCHOv1.100750552	25.4	421	258	12	99	512	114	485	1.36e-36	142
QMW86727.1	iMM1415.15211	25.2	425	254	11	99	512	114	485	4.67e-36	140
QMW86727.1	iMM1415.15212	25.7	436	263	14	99	526	126	508	1.76e-35	139
QMW86730.1	iYL1228.KPN_02872	53.3	452	209	2	8	458	33	483	3.88e-164	472
QMW86732.1	iNF517.LLMG_RS12210	35.6	351	200	13	38	379	5	338	1.89e-52	177
QMW86737.1	iSDY_1059.SDY_1022	31.0	184	109	8	167	345	1	171	2.13e-06	51.6
QMW86747.1	iLJ478.TM0880	35.7	286	179	3	114	398	99	380	1.23e-45	161
QMW86747.1	iYL1228.KPN_00030	29.3	441	251	9	1	396	1	425	2.47e-40	148
QMW86754.1	iCN900.CD630_30650	34.9	496	318	4	2	493	3	497	9.98e-109	332
QMW86754.1	iHN637.CLJU_RS08965	34.3	504	318	6	1	500	1	495	3.07e-100	310
QMW86755.1	iYO844.BSU39420	54.2	212	96	1	18	229	3	213	6.29e-74	223
QMW86775.1	iYO844.BSU17410	24.3	189	122	5	23	209	2	171	2.24e-04	40.8
QMW86780.1	iAF692.Mbar_A1138	22.6	159	117	3	41	197	2	156	8.75e-08	53.5
QMW86781.1	STM_v1_0.STM4433	23.0	261	179	7	2	250	3	253	5.09e-12	65.9
QMW86783.1	iCN718.ABAYE_RS19070	35.6	160	96	4	22	177	24	180	1.45e-21	86.7
QMW86785.1	iAF692.Mbar_A2626	36.6	101	56	3	1	94	1	100	4.01e-15	65.9
QMW86786.1	iML1515.b0306	32.2	255	147	5	1	245	1	239	1.74e-33	120
QMW86786.1	iSbBS512_1146.SbBS512_E0259	32.2	255	147	5	1	245	1	239	4.83e-33	119
QMW86786.1	iSSON_1240.SSON_0318	32.2	255	147	5	1	245	1	239	4.83e-33	119
QMW86786.1	iSF_1195.SF0260	31.8	255	148	5	1	245	1	239	6.79e-33	119
QMW86787.1	iSF_1195.SF0259	38.5	441	257	5	29	457	34	472	1.28e-95	296
QMW86787.1	iML1515.b0307	38.3	441	258	5	29	457	34	472	2.54e-95	295
QMW86787.1	iSSON_1240.SSON_0317	38.5	441	257	5	29	457	34	472	5.05e-95	294
QMW86787.1	iSbBS512_1146.SbBS512_E0258	38.5	441	257	5	29	457	34	472	7.12e-95	294
QMW86788.1	iSSON_1240.SSON_0316	31.2	93	55	3	100	184	128	219	2.81e-04	40.0
QMW86788.1	iSbBS512_1146.SbBS512_E0257	30.1	93	56	3	100	184	128	219	9.34e-04	38.5
QMW86789.1	iCN900.CD630_13530	44.0	273	147	3	7	278	3	270	1.35e-72	224
QMW86793.1	iPC815.YPO2816	44.6	294	160	2	23	315	15	306	9.59e-81	247
QMW86798.1	iPC815.YPO3070	26.7	105	74	2	9	112	10	112	3.59e-08	47.8
QMW86800.1	iSDY_1059.SDY_1022	34.6	133	73	5	140	270	51	171	5.65e-08	56.6
QMW86800.1	iJN1463.PP_2242	26.4	227	149	6	86	310	16	226	1.30e-07	55.5
QMW86800.1	iSbBS512_1146.SbBS512_E0485	28.6	213	112	9	120	321	34	217	2.24e-07	54.7
QMW86800.1	iML1515.b0584	28.6	213	112	9	120	321	34	217	3.86e-07	53.9
QMW86800.1	iSDY_1059.SDY_0512	28.6	213	112	9	120	321	34	217	3.86e-07	53.9
QMW86800.1	iSF_1195.SF0496	28.6	213	112	9	120	321	34	217	3.86e-07	53.9
QMW86800.1	iSSON_1240.SSON_0534	28.6	213	112	9	120	321	34	217	3.86e-07	53.9
QMW86800.1	STM_v1_0.STM0585	29.9	184	103	7	120	293	38	205	5.09e-07	53.5
QMW86803.1	iML1515.b3654	49.9	441	207	4	3	432	20	457	2.13e-143	417
QMW86803.1	STM_v1_0.STM3747	49.5	442	209	4	3	433	20	458	2.13e-143	417
QMW86803.1	iSF_1195.SF3694	49.9	441	207	4	3	432	20	457	2.13e-143	417
QMW86803.1	iSSON_1240.SSON_3751	49.9	441	207	4	3	432	20	457	2.13e-143	417
QMW86803.1	iSbBS512_1146.SbBS512_E4105	49.7	441	208	4	3	432	20	457	6.06e-143	416
QMW86803.1	iSDY_1059.SDY_4086	49.7	441	208	4	3	432	20	457	1.72e-142	414
QMW86803.1	iCN718.ABAYE_RS03770	49.2	441	213	3	2	433	9	447	2.75e-141	411
QMW86803.1	iYL1228.KPN_04013	49.4	441	209	4	3	432	20	457	3.19e-140	409
QMW86803.1	iML1515.b2882	48.4	440	216	5	3	433	9	446	3.57e-132	388
QMW86804.1	iCN900.CD630_22520	26.3	339	180	13	198	529	57	332	2.47e-18	87.8
QMW86806.1	iCN900.CD630_16960	55.5	461	202	3	2	460	13	472	9.21e-172	491
QMW86806.1	iYO844.BSU02420	53.2	455	209	3	8	462	13	463	5.85e-164	471
QMW86806.1	iYS854.USA300HOU_RS06905	53.7	454	206	4	2	452	14	466	1.41e-156	452
QMW86806.1	iYO844.BSU18120	52.7	461	209	5	2	462	7	458	7.42e-154	444
QMW86810.1	iPC815.YPO1435	33.7	86	54	2	260	343	224	308	4.55e-07	50.8
QMW86810.1	iML1515.b0957	31.8	88	57	2	260	345	217	303	3.30e-06	48.1
QMW86810.1	iSbBS512_1146.SbBS512_E2359	31.8	88	57	2	260	345	217	303	3.30e-06	48.1
QMW86810.1	iSDY_1059.SDY_0930	31.8	88	57	2	260	345	221	307	3.33e-06	48.1
QMW86810.1	iSF_1195.SF0957	31.8	88	57	2	260	345	219	305	3.32e-06	48.1
QMW86810.1	iSSON_1240.SSON_0961	31.8	88	57	2	260	345	217	303	3.30e-06	48.1
QMW86810.1	iYL1228.KPN_00986	34.8	89	53	3	260	345	227	313	1.41e-05	46.2
QMW86814.1	iYO844.BSU31322	33.3	75	46	1	170	244	26	96	8.53e-07	49.3
QMW86814.1	iML1515.b1250	34.2	73	46	1	163	235	144	214	1.02e-05	46.2
QMW86814.1	iAM_Pf480.PF3D7_1465500	35.6	87	46	3	159	237	277	361	1.41e-05	46.2
QMW86814.1	iSbBS512_1146.SbBS512_E1419	34.2	73	46	1	163	235	144	214	1.02e-05	46.2
QMW86814.1	iSDY_1059.SDY_1308	34.2	73	46	1	163	235	144	214	1.02e-05	46.2
QMW86814.1	iSF_1195.SF1251	34.2	73	46	1	163	235	144	214	1.02e-05	46.2
QMW86814.1	iSSON_1240.SSON_1930	34.2	73	46	1	163	235	144	214	1.02e-05	46.2
QMW86814.1	iAM_Pc455.PCYB_124950	34.5	87	47	3	159	237	278	362	4.37e-05	44.7
QMW86814.1	iAM_Pv461.PVX_117190	34.5	87	47	3	159	237	278	362	4.38e-05	44.7
QMW86814.1	iPC815.YPO2675	31.8	88	54	3	171	252	141	228	3.09e-05	44.7
QMW86815.1	iAF987.Gmet_2556	36.6	205	116	5	98	294	123	321	9.44e-33	126
QMW86824.1	iEK1008.Rv1928c	28.6	203	130	7	2	193	12	210	1.50e-08	53.5
QMW86824.1	iYS854.USA300HOU_RS06185	23.3	189	136	4	2	183	3	189	2.56e-08	52.8
QMW86824.1	iCN718.ABAYE_RS07935	25.0	184	133	2	2	183	226	406	1.17e-06	48.5
QMW86824.1	iJN1463.PP_2794	28.4	194	116	6	2	183	14	196	7.53e-07	48.5
QMW86829.1	iNF517.LLMG_RS07670	35.8	218	121	5	341	547	77	286	7.47e-31	121
QMW86829.1	iYS854.USA300HOU_RS06015	36.5	211	116	5	341	541	81	283	1.87e-29	117
QMW86829.1	iSDY_1059.SDY_2837	32.8	250	135	6	313	538	52	292	8.58e-28	113
QMW86829.1	STM_v1_0.STM2662	34.9	218	113	5	341	538	84	292	1.17e-27	113
QMW86829.1	iSF_1195.SF2653	32.8	250	135	6	313	538	52	292	2.17e-27	112
QMW86829.1	iSSON_1240.SSON_2720	32.8	250	135	6	313	538	52	292	2.17e-27	112
QMW86829.1	iSbBS512_1146.SbBS512_E2975	32.8	250	135	6	313	538	52	292	4.02e-27	111
QMW86829.1	iCN900.CD630_25960	34.4	218	123	8	341	546	81	290	3.57e-27	111
QMW86831.1	iJN1463.PP_4817	38.7	142	82	3	11	148	8	148	2.23e-25	94.4
QMW86834.1	iML1515.b1448	30.6	72	45	1	367	433	67	138	9.19e-05	42.7
QMW86840.1	iYO844.BSU26970	30.0	377	228	7	1	342	1	376	1.54e-55	185
QMW86840.1	iJN1463.PP_3970	29.8	389	225	7	1	343	1	387	5.56e-54	182
QMW86869.1	iML1515.b4173	28.8	177	94	8	189	346	163	326	5.57e-05	45.1
QMW86869.1	iAF987.Gmet_2444	28.7	129	82	3	220	345	21	142	6.19e-04	42.0
QMW86869.1	iLJ478.TM1138	32.4	102	50	3	196	297	13	95	9.04e-04	40.8
QMW86870.1	iAF987.Gmet_0043	28.2	380	241	10	264	626	23	387	2.24e-26	113
QMW86871.1	iMM904.YGL001C	27.2	191	116	8	1	171	1	188	1.69e-07	50.4
QMW86872.1	iYO844.BSU19630	27.1	258	139	7	20	276	4	213	3.48e-18	81.3
QMW86878.1	iNF517.LLMG_RS07320	24.5	306	208	10	39	331	46	341	3.04e-21	92.8
QMW86878.1	iNF517.LLMG_RS01990	26.3	243	168	7	98	336	84	319	4.12e-19	86.3
QMW86879.1	iML1515.b1821	38.6	184	105	3	8	189	8	185	2.61e-31	112
QMW86881.1	STM_v1_0.STM2298	32.1	302	191	6	2	302	9	297	5.82e-44	152
QMW86881.1	iAF987.Gmet_0885	36.3	240	145	4	3	242	6	237	2.11e-43	150
QMW86881.1	iML1515.b2254	31.5	302	193	6	2	302	9	297	1.53e-42	149
QMW86881.1	iSF_1195.SF2333	31.5	302	193	6	2	302	9	297	1.53e-42	149
QMW86881.1	iSSON_1240.SSON_2315	31.5	302	193	6	2	302	9	297	1.53e-42	149
QMW86881.1	iYL1228.KPN_03846	29.8	319	207	7	2	316	9	314	1.30e-41	146
QMW86881.1	iPC815.YPO2421	30.6	320	203	8	2	316	9	314	2.56e-41	145
QMW86883.1	iAF987.Gmet_1919	28.3	113	72	5	6	112	6	115	2.32e-05	44.3
QMW86888.1	iYS854.USA300HOU_RS04205	71.9	420	116	1	3	420	4	423	5.22e-215	597
QMW86888.1	iNF517.LLMG_RS03215	69.9	419	125	1	3	420	4	422	6.42e-211	587
QMW86888.1	iAF987.Gmet_2372	66.5	424	139	1	2	425	3	423	7.64e-197	551
QMW86890.1	iML1515.b0624	39.7	121	72	1	1	121	1	120	7.27e-19	75.9
QMW86898.1	iYO844.BSU06490	29.0	479	287	11	3	465	13	454	1.19e-51	181
QMW86898.1	iNF517.LLMG_RS04970	30.7	476	278	14	3	465	25	461	2.69e-47	169
QMW86898.1	iCN900.CD630_02200	26.8	478	299	11	1	465	1	440	5.75e-46	165
QMW86898.1	iEK1008.Rv0808	26.7	476	309	11	3	465	36	484	2.00e-45	165
QMW86900.1	iHN637.CLJU_RS11895	45.5	363	189	6	1	359	4	361	6.38e-102	305
QMW86900.1	iLJ478.TM0211	45.4	361	189	7	1	359	1	355	2.35e-98	295
QMW86900.1	iCN900.CD630_16570	45.5	354	187	5	10	361	13	362	3.04e-92	293
QMW86900.1	iYS854.USA300HOU_RS08205	42.6	357	200	2	1	356	5	357	2.94e-96	290
QMW86900.1	iSynCJ816.SGL_RS12745	41.3	349	194	4	16	359	22	364	2.91e-90	275
QMW86901.1	iAF692.Mbar_A0669	29.8	392	254	7	7	389	5	384	4.95e-41	159
QMW86901.1	iPC815.YPO3094	33.0	370	235	5	22	382	23	388	1.62e-41	159
QMW86901.1	iAF692.Mbar_A1651	29.0	386	265	5	6	388	4	383	1.02e-39	155
QMW86901.1	iAF987.Gmet_1105	28.2	387	271	4	10	394	8	389	1.50e-37	149
QMW86908.1	iCN900.CD630_11290	32.1	196	126	5	5	195	4	197	1.68e-24	95.1
QMW86908.1	iYO844.BSU29060	33.1	178	116	2	1	175	1	178	5.00e-22	88.6
QMW86908.1	iHN637.CLJU_RS16560	34.2	184	113	4	3	179	2	184	6.21e-22	88.6
QMW86911.1	iCN900.CD630_20200	53.3	868	386	6	1	858	1	859	1.46e-302	854
QMW86915.1	STM_v1_0.STM0659	23.7	430	225	18	26	450	8	339	2.40e-10	63.5
QMW86915.1	iSbBS512_1146.SbBS512_E0599	21.4	434	236	18	26	453	8	342	1.14e-08	58.2
QMW86915.1	iML1515.b0650	21.4	434	236	18	26	453	8	342	1.98e-08	57.4
QMW86924.1	iML1515.b2480	43.8	146	80	1	5	150	7	150	1.43e-42	138
QMW86924.1	iSbBS512_1146.SbBS512_E2852	43.8	146	80	1	5	150	7	150	1.43e-42	138
QMW86924.1	iSDY_1059.SDY_2669	43.8	146	80	1	5	150	7	150	1.43e-42	138
QMW86924.1	iSF_1195.SF2523	43.8	146	80	1	5	150	7	150	1.43e-42	138
QMW86924.1	iSSON_1240.SSON_2561	43.8	146	80	1	5	150	7	150	1.43e-42	138
QMW86924.1	iYL1228.KPN_02814	43.8	146	80	1	5	150	7	150	2.88e-42	137
QMW86924.1	iPC815.YPO3064	41.8	146	83	1	5	150	8	151	1.58e-39	130
QMW86925.1	iSynCJ816.SGL_RS13805	66.2	390	131	1	1	390	1	389	5.85e-205	569
QMW86928.1	STM_v1_0.STM0659	33.3	511	295	9	5	507	8	480	5.46e-81	266
QMW86928.1	iSbBS512_1146.SbBS512_E0599	31.0	583	345	12	5	579	8	541	8.07e-78	257
QMW86928.1	iML1515.b0650	30.9	583	346	12	5	579	8	541	3.07e-77	256
QMW86928.1	iSSON_1240.SSON_0604	30.9	583	346	12	5	579	8	541	6.00e-77	255
QMW86942.1	iAT_PLT_636.412	28.7	446	273	10	35	451	32	461	1.62e-47	173
QMW86942.1	iMM1415.11883	29.9	438	226	14	37	456	20	394	6.06e-42	156
QMW86948.1	iYO844.BSU12840	44.1	338	172	4	3	336	7	331	1.50e-88	268
QMW86948.1	iAF987.Gmet_3131	41.3	334	182	3	3	335	8	328	4.06e-80	247
QMW86950.1	iNF517.LLMG_RS09290	27.4	113	72	1	75	177	53	165	1.60e-05	43.9
QMW86961.1	iYL1228.KPN_00170	29.1	436	279	14	29	448	37	458	1.87e-28	117
QMW86961.1	STM_v1_0.STM0203	30.2	411	245	17	27	413	35	427	2.11e-27	114
QMW86961.1	iML1515.b0155	28.7	450	291	13	27	460	35	470	2.32e-26	111
QMW86961.1	iSDY_1059.SDY_0171	28.7	450	291	13	27	460	35	470	2.32e-26	111
QMW86961.1	iSSON_1240.SSON_0167	28.7	450	291	13	27	460	35	470	2.32e-26	111
QMW86961.1	iSbBS512_1146.SbBS512_E0147	28.7	450	291	13	27	460	35	470	3.13e-26	111
QMW86961.1	iSF_1195.SF0147	28.4	450	292	13	27	460	35	470	7.67e-26	110
QMW86963.1	iLJ478.TM1469	36.8	321	189	5	1	314	1	314	1.02e-54	180
QMW86963.1	iYO844.BSU24850	33.6	318	201	5	1	313	1	313	8.87e-54	178
QMW86963.1	iHN637.CLJU_RS10220	32.1	315	208	4	1	312	1	312	1.83e-52	174
QMW86963.1	iNF517.LLMG_RS11535	34.0	318	198	4	7	315	7	321	2.22e-51	172
QMW86964.1	iMM1415.75612	28.5	449	224	17	27	449	18	395	3.55e-41	155
QMW86964.1	iJN1463.PP_0077	26.2	489	271	10	52	517	3	424	2.03e-41	155
QMW86971.1	iAF987.Gmet_0043	24.3	411	232	10	834	1219	39	395	8.74e-19	91.7
QMW86972.1	iLJ478.TM0539	59.0	417	169	2	10	426	7	421	2.76e-169	482
QMW86972.1	iAF987.Gmet_2493	54.5	442	199	2	7	448	4	443	2.16e-163	468
QMW86972.1	iAF692.Mbar_A3503	52.4	431	204	1	4	434	2	431	1.38e-154	445
QMW86973.1	iCN900.CD630_06960	35.2	463	269	7	155	608	17	457	2.80e-69	231
QMW86973.1	iYO844.BSU31100	34.1	457	272	7	152	606	13	442	2.39e-64	218
QMW86973.1	iSynCJ816.SGL_RS09315	35.1	462	263	9	159	608	7	443	6.62e-62	211
QMW86974.1	iCN900.CD630_06970	29.0	217	139	2	2	217	3	205	1.49e-28	107
QMW86974.1	iYO844.BSU31090	27.7	224	147	3	2	224	8	217	2.35e-26	101
QMW86974.1	iYS854.USA300HOU_RS05420	26.0	227	155	1	2	228	4	217	8.68e-26	99.8
QMW86975.1	iLJ478.TM1193	27.6	438	243	21	30	431	45	444	1.20e-25	113
QMW86978.1	iJN1463.PP_0525	29.9	147	92	6	108	253	49	185	5.51e-04	43.5
QMW86980.1	iAF987.Gmet_0043	27.8	252	147	9	813	1043	29	266	2.99e-12	70.5
QMW86984.1	iCN900.CD630_32220	55.1	399	174	3	1	399	1	394	6.25e-153	437
QMW86985.1	iAF692.Mbar_A2983	35.1	342	214	4	10	349	18	353	3.76e-68	217
QMW86985.1	iLJ478.TM0561	34.8	348	221	2	2	349	9	350	5.41e-67	214
QMW86985.1	iAF987.Gmet_1189	32.6	362	224	6	1	349	1	355	1.12e-60	198
QMW86987.1	iMM1415.15212	26.2	488	298	15	51	527	87	523	6.56e-39	149
QMW86987.1	iMM1415.15211	27.3	436	277	11	103	527	108	514	1.35e-37	145
QMW86987.1	iCHOv1.100750552	27.5	437	275	11	103	527	108	514	3.43e-37	144
QMW86987.1	iCHOv1.100756951	25.5	463	293	13	80	530	99	521	1.21e-34	136
QMW86987.1	iCHOv1.100756663	26.4	462	290	13	80	530	99	521	1.65e-34	136
QMW86989.1	iMM1415.11881	27.6	536	230	20	26	484	45	499	6.41e-41	154
QMW86990.1	iLJ478.TM1193	26.9	475	274	18	49	488	44	480	5.18e-32	134
QMW86990.1	iML1515.b1617	28.4	387	211	14	95	450	62	413	4.80e-32	132
QMW86994.1	iML1515.b1330	30.2	225	147	5	124	344	115	333	9.93e-23	97.1
QMW86995.1	iLJ478.TM1845	43.3	649	341	11	13	655	216	843	1.05e-180	534
QMW86996.1	STM_v1_0.STM1963	41.2	495	275	4	1	481	1	493	7.08e-135	398
QMW86996.1	iSSON_1240.SSON_1983	41.1	492	274	4	1	478	1	490	2.42e-130	386
QMW86996.1	iYL1228.KPN_02419	40.4	495	279	4	1	481	1	493	3.43e-130	386
QMW86996.1	iSbBS512_1146.SbBS512_E1057	41.1	492	274	4	1	478	1	490	4.85e-130	385
QMW86996.1	iSDY_1059.SDY_1088	41.1	492	274	4	1	478	1	490	4.85e-130	385
QMW86996.1	iML1515.b1927	41.1	492	274	4	1	478	1	490	6.86e-130	385
QMW86996.1	iSF_1195.SF1970	41.1	492	274	4	1	478	1	490	6.86e-130	385
QMW86999.1	iAF987.Gmet_3509	36.0	1029	638	10	1	1015	1	1022	1.58e-221	659
QMW86999.1	iJN1463.PP_0043	35.4	1042	624	12	10	1016	10	1037	1.45e-203	613
QMW86999.1	iJN1463.PP_2410	35.2	1035	634	11	10	1015	10	1036	5.92e-201	606
QMW87000.1	iJN1463.PP_2408	25.4	410	279	7	18	413	16	412	1.89e-20	92.4
QMW87000.1	iJN1463.PP_0045	23.7	389	278	6	32	410	35	414	2.93e-18	85.9
QMW87004.1	iML1515.b3697	30.4	273	182	3	1	269	1	269	2.62e-33	125
QMW87005.1	iCN718.ABAYE_RS05960	31.8	255	161	4	118	361	131	383	9.92e-35	131
QMW87006.1	iYO844.BSU30820	30.1	481	303	13	19	473	21	494	2.44e-51	184
QMW87006.1	iYS854.USA300HOU_RS05190	29.7	485	305	14	6	473	10	475	3.34e-46	170
QMW87007.1	iYO844.BSU30800	68.0	269	86	0	6	274	3	271	5.86e-138	389
QMW87007.1	iYS854.USA300HOU_RS05200	66.2	272	92	0	3	274	2	273	1.47e-136	385
QMW87007.1	iNF517.LLMG_RS09170	66.2	275	86	3	7	274	6	280	2.80e-131	372
QMW87008.1	iYL1228.KPN_02659	24.1	295	193	11	27	318	26	292	6.42e-08	53.1
QMW87008.1	iPC815.YPO2524	25.0	288	188	9	45	329	41	303	4.89e-07	50.4
QMW87008.1	STM_v1_0.STM2306	24.6	297	188	10	27	318	26	291	2.04e-06	48.5
QMW87008.1	iSF_1195.SF2340	23.9	297	190	12	27	318	26	291	2.04e-06	48.5
QMW87009.1	iSbBS512_1146.SbBS512_E2639	24.6	353	235	8	24	355	102	444	2.57e-19	88.6
QMW87009.1	iSF_1195.SF2339	25.0	352	233	8	25	355	103	444	3.47e-19	88.2
QMW87009.1	iYL1228.KPN_02658	26.3	354	224	10	24	352	102	443	1.18e-18	86.7
QMW87009.1	iSSON_1240.SSON_2321	24.4	352	235	8	25	355	103	444	7.35e-18	84.3
QMW87009.1	iML1515.b2260	24.7	352	234	8	25	355	103	444	1.23e-17	83.6
QMW87009.1	iNF517.LLMG_RS09175	23.2	328	227	9	49	355	127	450	1.65e-17	83.2
QMW87009.1	iSDY_1059.SDY_2456	24.4	352	235	8	25	355	103	444	9.71e-17	80.9
QMW87011.1	iSDY_1059.SDY_1022	31.5	130	78	4	209	336	51	171	5.56e-05	47.0
QMW87011.1	iML1515.b0584	34.2	149	83	5	191	337	36	171	2.88e-04	44.7
QMW87011.1	iSbBS512_1146.SbBS512_E0485	34.2	149	83	5	191	337	36	171	2.88e-04	44.7
QMW87011.1	iSDY_1059.SDY_0512	34.2	149	83	5	191	337	36	171	2.88e-04	44.7
QMW87011.1	iSF_1195.SF0496	34.2	149	83	5	191	337	36	171	2.88e-04	44.7
QMW87011.1	iSSON_1240.SSON_0534	34.2	149	83	5	191	337	36	171	2.88e-04	44.7
QMW87011.1	STM_v1_0.STM0585	32.6	178	100	7	182	355	29	190	6.52e-04	43.5
QMW87016.1	iLJ478.TM0306	28.9	280	136	12	73	335	100	333	1.70e-16	82.0
QMW87017.1	iYS854.USA300HOU_RS11550	24.7	146	110	0	12	157	2	147	5.57e-10	54.3
QMW87020.1	iSynCJ816.SGL_RS08525	49.6	234	103	5	1	220	1	233	9.02e-59	185
QMW87020.1	iML1515.b0875	45.9	233	115	4	2	227	3	231	6.34e-58	182
QMW87020.1	iSF_1195.SF0832	45.9	233	115	4	2	227	3	231	6.34e-58	182
QMW87020.1	iYL1228.KPN_00909	46.4	233	114	4	2	227	3	231	8.98e-58	182
QMW87020.1	iSbBS512_1146.SbBS512_E2456	45.5	233	116	4	2	227	3	231	1.02e-56	179
QMW87020.1	iJN1463.PP_4282	46.0	226	109	6	2	220	5	224	1.03e-53	172
QMW87028.1	iYS854.USA300HOU_RS09130	37.6	93	53	2	599	688	14	104	1.05e-12	68.6
QMW87028.1	iYO844.BSU02130	34.5	119	63	3	589	697	37	150	2.58e-12	68.2
QMW87028.1	iNF517.LLMG_RS00415	36.0	114	61	3	580	689	27	132	4.20e-12	67.4
QMW87028.1	STM_v1_0.STM3553	35.9	103	54	3	592	690	9	103	3.73e-11	63.9
QMW87028.1	iYS854.USA300HOU_RS04760	35.2	125	61	5	586	697	50	167	1.35e-10	63.2
QMW87028.1	iSbBS512_1146.SbBS512_E3875	34.6	104	54	3	592	690	9	103	1.68e-10	62.0
QMW87028.1	iSF_1195.SF3466	34.6	104	54	3	592	690	9	103	1.68e-10	62.0
QMW87028.1	iSSON_1240.SSON_3687	34.6	104	54	3	592	690	9	103	1.68e-10	62.0
QMW87029.1	iYO844.BSU02140	29.1	468	287	13	5	451	1	444	7.31e-55	188
QMW87029.1	STM_v1_0.STM2283	29.2	439	272	10	28	448	23	440	1.95e-48	171
QMW87034.1	iAF692.Mbar_A2079	35.3	51	33	0	40	90	5	55	7.29e-05	39.3
QMW87038.1	iPC815.YPO1381	43.2	243	135	2	1	240	1	243	4.55e-67	207
QMW87038.1	iML1515.b0902	42.7	234	131	2	5	235	7	240	3.91e-66	204
QMW87038.1	iSbBS512_1146.SbBS512_E2426	42.7	234	131	2	5	235	16	249	5.15e-66	204
QMW87038.1	iSDY_1059.SDY_2359	42.7	234	131	2	5	235	7	240	3.91e-66	204
QMW87038.1	iSF_1195.SF0897	42.7	234	131	2	5	235	7	240	3.91e-66	204
QMW87038.1	iSSON_1240.SSON_0903	42.7	234	131	2	5	235	7	240	3.91e-66	204
QMW87038.1	STM_v1_0.STM0970	42.7	234	131	2	5	235	35	268	1.30e-65	204
QMW87038.1	iYL1228.KPN_00930	42.7	234	131	2	5	235	7	240	2.22e-65	202
QMW87038.1	iNF517.LLMG_RS10005	43.4	235	125	2	5	231	16	250	7.72e-65	202
QMW87038.1	iYS854.USA300HOU_RS01155	44.6	222	115	3	4	217	5	226	3.37e-63	197
QMW87039.1	iCN900.CD630_07590	60.0	737	293	2	7	742	7	742	4.16e-315	876
QMW87039.1	iYS854.USA300HOU_RS01150	58.7	736	303	1	7	742	15	749	1.96e-312	870
QMW87039.1	iYL1228.KPN_00931	58.0	746	303	2	7	742	15	760	3.24e-294	824
QMW87039.1	STM_v1_0.STM0973	57.9	748	301	3	7	742	15	760	1.06e-292	820
QMW87039.1	iML1515.b0903	57.2	748	306	3	7	742	15	760	3.49e-291	816
QMW87039.1	iSSON_1240.SSON_0904	57.2	748	306	3	7	742	15	760	3.49e-291	816
QMW87039.1	iSbBS512_1146.SbBS512_E2425	57.2	748	306	3	7	742	15	760	4.94e-291	816
QMW87039.1	iSDY_1059.SDY_2358	57.1	748	307	3	7	742	15	760	2.00e-290	814
QMW87039.1	iSF_1195.SF0898	57.1	748	307	3	7	742	15	760	2.00e-290	814
QMW87039.1	iPC815.YPO1383	56.7	742	311	2	7	738	15	756	3.75e-288	808
QMW87039.1	iSF_1195.SF3154	55.8	742	318	2	7	738	19	760	4.02e-281	791
QMW87039.1	STM_v1_0.STM3241	55.6	746	321	2	7	742	19	764	5.70e-281	790
QMW87039.1	iML1515.b3114	55.7	742	319	2	7	738	19	760	1.15e-280	790
QMW87039.1	iSSON_1240.SSON_3271	55.7	742	319	2	7	738	19	760	1.15e-280	790
QMW87039.1	iSbBS512_1146.SbBS512_E3243	55.5	742	320	2	7	738	19	760	1.62e-280	789
QMW87053.1	iSynCJ816.SGL_RS13525	29.4	415	238	15	1	395	1	380	5.12e-37	139
QMW87085.1	iYO844.BSU02130	28.7	265	163	8	35	295	42	284	7.05e-20	87.4
QMW87096.1	iAF987.Gmet_2701	36.6	322	191	5	47	360	25	341	2.27e-58	192
QMW87096.1	STM_v1_0.STM3857	34.0	324	199	6	52	367	29	345	8.06e-52	175
QMW87096.1	iPC815.YPO4117	34.0	306	189	5	52	351	29	327	2.23e-51	174
QMW87099.1	iAF987.Gmet_1914	33.0	103	69	0	1	103	1	103	7.16e-12	66.6
QMW87107.1	iLJ478.TM0156	44.1	68	34	1	24	91	22	85	3.60e-07	45.8
QMW87121.1	iYO844.BSU35690	30.6	209	133	6	5	204	3	208	1.12e-16	79.7
QMW87121.1	iYO844.BSU35550	40.6	101	59	1	4	103	8	108	5.26e-16	75.9
QMW87121.1	iSbBS512_1146.SbBS512_E4050	35.2	91	59	0	4	94	8	98	4.16e-15	74.3
QMW87121.1	iSSON_1240.SSON_3782	35.2	91	59	0	4	94	8	98	4.16e-15	74.3
QMW87121.1	iYS854.USA300HOU_RS01340	27.8	212	136	6	1	204	1	203	8.84e-15	74.3
QMW87122.1	iYO844.BSU35550	28.7	108	70	3	2	106	6	109	6.30e-09	52.0
QMW87122.1	iSbBS512_1146.SbBS512_E4050	31.1	106	65	4	2	104	6	106	1.98e-08	50.8
QMW87122.1	iSSON_1240.SSON_3782	31.1	106	65	4	2	104	6	106	1.98e-08	50.8
QMW87125.1	iSbBS512_1146.SbBS512_E4050	28.6	189	129	2	3	190	8	191	1.49e-17	81.6
QMW87125.1	iSSON_1240.SSON_3782	28.6	189	129	2	3	190	8	191	1.49e-17	81.6
QMW87125.1	iYS854.USA300HOU_RS01340	28.4	225	145	8	4	221	5	220	7.81e-16	77.8
QMW87126.1	iYS854.USA300HOU_RS05150	25.2	286	200	6	95	372	214	493	4.12e-23	100
QMW87126.1	iYS854.USA300HOU_RS02965	25.7	218	155	3	156	366	272	489	8.50e-22	96.3
QMW87126.1	iYO844.BSU35730	28.8	170	121	0	197	366	346	515	1.02e-19	90.5
QMW87127.1	iML1515.b2032	30.7	345	220	9	7	341	5	340	8.66e-52	176
QMW87128.1	iJN1463.PP_1802	31.9	373	242	11	1	367	2	368	3.07e-44	156
QMW87129.1	iAF987.Gmet_1505	25.9	282	177	8	22	278	24	298	1.74e-13	70.9
QMW87129.1	iYS854.USA300HOU_RS04040	28.2	273	170	10	20	271	22	289	1.02e-13	70.9
QMW87138.1	iMM1415.11605	26.6	398	209	11	407	787	29	360	4.25e-31	126
QMW87138.1	iCHOv1.100752709	26.6	361	191	9	445	797	26	320	2.95e-29	120
QMW87144.1	iAF987.Gmet_2633	44.6	74	41	0	2	75	471	544	4.04e-16	70.9
QMW87144.1	iAF987.Gmet_2634	43.9	66	37	0	2	67	475	540	1.71e-14	66.2
QMW87144.1	iMM1415.18670	43.1	72	41	0	2	73	1169	1240	6.15e-14	64.7
QMW87185.1	iYO844.BSU25790	37.0	351	198	5	5	346	2	338	2.15e-64	207
QMW87186.1	iAF987.Gmet_0521	52.4	126	57	3	2	126	4	127	2.59e-37	124
QMW87187.1	iMM904.YDL100C	27.4	336	210	9	13	318	19	350	3.81e-25	106
QMW87192.1	iYO844.BSU11330	41.6	327	173	4	4	328	1	311	3.36e-89	269
QMW87192.1	iAF987.Gmet_1599	42.3	324	184	2	6	327	4	326	1.19e-87	266
QMW87192.1	iCN900.CD630_11790	42.0	324	184	3	6	327	5	326	7.20e-87	264
QMW87192.1	iAF987.Gmet_3272	37.5	325	200	2	4	326	2	325	1.27e-81	250
QMW87193.1	iHN637.CLJU_RS07215	51.3	156	76	0	1	156	1	156	2.66e-55	171
QMW87193.1	iCN900.CD630_34050	52.1	144	69	0	12	155	13	156	2.39e-52	163
QMW87194.1	iHN637.CLJU_RS07205	56.0	580	249	1	6	585	2	575	3.97e-244	683
QMW87194.1	iCN900.CD630_34070	52.4	582	268	3	6	586	4	577	3.51e-224	633
QMW87195.1	iHN637.CLJU_RS07210	62.6	591	221	0	21	611	12	602	3.85e-278	773
QMW87195.1	iCN900.CD630_34060	58.2	613	240	4	2	610	3	603	6.25e-263	735
QMW87195.1	iLJ478.TM0010	61.1	565	219	1	46	610	8	571	3.93e-261	729
QMW87199.1	iML1515.b4322	46.9	390	190	4	2	381	1	383	2.18e-115	341
QMW87199.1	iSF_1195.SF4198	46.7	390	191	4	2	381	1	383	3.09e-115	341
QMW87199.1	iSSON_1240.SSON_4477	46.7	390	191	4	2	381	1	383	8.77e-115	340
QMW87199.1	iSbBS512_1146.SbBS512_E4792	46.4	390	192	4	2	381	1	383	2.49e-114	338
QMW87199.1	STM_v1_0.STM3135	44.9	390	198	4	2	381	1	383	3.68e-111	330
QMW87199.1	iYL1228.KPN_02604	43.1	390	205	3	2	381	1	383	6.56e-107	320
QMW87199.1	iPC815.YPO1283	43.4	392	201	4	2	381	1	383	1.24e-104	314
QMW87200.1	iLJ478.TM1724	32.4	259	156	4	7	264	3	243	1.92e-34	124
QMW87200.1	iAF987.Gmet_1531	31.6	266	160	6	7	270	4	249	4.08e-34	123
QMW87200.1	iAM_Pf480.PF3D7_0922900	31.2	266	164	4	2	266	53	300	1.39e-32	120
QMW87200.1	iML1515.b1619	31.2	263	164	4	2	264	4	249	9.91e-33	120
QMW87200.1	iHN637.CLJU_RS17225	31.3	259	158	5	10	266	9	249	1.73e-32	119
QMW87200.1	iPC815.YPO1599	32.3	260	154	5	6	264	2	240	8.16e-32	117
QMW87200.1	iML1515.b2842	31.8	264	162	6	5	267	6	252	1.98e-31	116
QMW87200.1	STM_v1_0.STM1195	32.0	259	156	4	6	264	2	240	3.15e-31	115
QMW87200.1	STM_v1_0.STM4483	32.2	264	164	4	1	264	1	249	3.97e-31	115
QMW87200.1	iPC815.YPO2539	31.1	264	167	5	1	264	1	249	1.53e-30	114
QMW87200.1	iSDY_1059.SDY_2057	31.1	257	155	5	9	264	5	240	1.70e-30	114
QMW87200.1	iYO844.BSU15910	32.8	256	154	4	10	264	5	243	3.50e-30	113
QMW87200.1	iML1515.b4266	31.8	264	165	4	1	264	1	249	4.20e-30	113
QMW87200.1	iSSON_1240.SSON_4451	31.8	264	165	4	1	264	1	249	4.20e-30	113
QMW87200.1	iYL1228.KPN_01091	31.8	261	154	6	6	264	2	240	6.56e-30	112
QMW87200.1	iML1515.b1093	31.1	257	155	5	9	264	5	240	9.18e-30	112
QMW87200.1	iSbBS512_1146.SbBS512_E2231	31.1	257	155	5	9	264	5	240	9.18e-30	112
QMW87200.1	iSF_1195.SF1097	31.1	257	155	5	9	264	5	240	9.18e-30	112
QMW87200.1	iSSON_1240.SSON_1113	31.1	257	155	5	9	264	5	240	9.18e-30	112
QMW87203.1	iCN900.CD630_30460	48.6	251	128	1	16	265	21	271	3.79e-76	233
QMW87203.1	iYS854.USA300HOU_RS01010	51.0	239	117	0	16	254	16	254	1.49e-71	221
QMW87203.1	iSF_1195.SF2481	46.8	252	133	1	15	265	17	268	1.08e-68	214
QMW87203.1	iSbBS512_1146.SbBS512_E2800	46.8	252	133	1	15	265	17	268	1.53e-68	214
QMW87203.1	iML1515.b2428	46.8	252	133	1	15	265	17	268	2.17e-68	213
QMW87203.1	iSDY_1059.SDY_2624	46.4	252	134	1	15	265	17	268	6.12e-68	212
QMW87203.1	iSSON_1240.SSON_2517	46.4	252	134	1	15	265	17	268	6.12e-68	212
QMW87210.1	iJN1463.PP_0525	36.0	89	49	3	193	278	99	182	3.08e-05	47.8
QMW87210.1	STM_v1_0.STM4130	28.8	153	98	5	143	291	21	166	3.97e-05	47.4
QMW87210.1	iSDY_1059.SDY_3762	27.5	153	100	5	143	291	21	166	3.97e-05	47.4
QMW87210.1	iPC815.YPO3910	31.8	148	89	7	149	291	37	177	4.02e-05	47.4
QMW87210.1	iYL1228.KPN_02593	31.1	135	77	4	151	278	15	140	6.97e-05	46.6
QMW87210.1	iSF_1195.SF4048	28.6	147	95	5	149	291	26	166	1.19e-04	45.8
QMW87210.1	iML1515.b2155	30.4	135	78	4	151	278	34	159	1.60e-04	45.4
QMW87210.1	iML1515.b3966	26.8	153	101	5	143	291	21	166	1.56e-04	45.4
QMW87210.1	iSSON_1240.SSON_4139	26.8	153	101	5	143	291	21	166	1.56e-04	45.4
QMW87210.1	iSSON_1240.SSON_2211	30.4	135	78	4	151	278	34	159	1.60e-04	45.4
QMW87219.1	iEK1008.Rv1288	25.3	225	134	7	57	251	206	426	9.05e-13	67.4
QMW87224.1	iCN900.CD630_04490	37.5	467	269	5	10	473	14	460	1.19e-96	299
QMW87224.1	iYO844.BSU09680	35.8	425	257	3	42	464	38	448	9.28e-87	273
QMW87227.1	iML1515.b3662	21.6	282	206	7	1	272	1	277	7.94e-08	53.5
QMW87227.1	iMM904.YLL028W	26.2	130	93	2	60	188	193	320	2.39e-07	52.4
QMW87228.1	iJN1463.PP_0572	37.0	562	335	6	22	574	19	570	3.64e-104	337
QMW87228.1	iYL1228.KPN_02849	37.2	562	339	7	23	582	23	572	6.08e-102	331
QMW87228.1	iSbBS512_1146.SbBS512_E2894	35.7	546	339	5	35	578	33	568	4.25e-100	326
QMW87228.1	STM_v1_0.STM2531	36.1	546	333	5	35	576	33	566	6.07e-100	325
QMW87228.1	iSSON_1240.SSON_2601	35.7	546	339	5	35	578	33	568	8.29e-100	325
QMW87228.1	iML1515.b2519	35.5	546	340	5	35	578	33	568	1.61e-99	324
QMW87228.1	iSF_1195.SF2565	35.8	508	317	3	71	578	4	502	5.59e-96	313
QMW87230.1	iAF987.Gmet_2161	35.7	126	72	4	14	132	467	590	8.10e-17	75.1
QMW87246.1	iCN718.ABAYE_RS14075	59.4	897	350	7	4	893	6	895	0.0	1041
QMW87246.1	iSF_1195.SF4085	57.7	904	377	3	9	910	12	912	0.0	1035
QMW87246.1	iML1515.b4019	57.7	904	377	3	9	910	12	912	0.0	1034
QMW87246.1	iSSON_1240.SSON_4190	57.6	904	378	3	9	910	12	912	0.0	1032
QMW87246.1	iJN1463.PP_2375	58.3	908	372	4	3	908	9	911	0.0	1032
QMW87246.1	iYL1228.KPN_04399	57.6	909	378	5	7	912	10	914	0.0	1031
QMW87246.1	iSDY_1059.SDY_4322	57.5	904	379	3	9	910	12	912	0.0	1030
QMW87246.1	iPC815.YPO3722	56.6	910	389	3	3	910	11	916	0.0	1017
QMW87246.1	iCHOv1.100763416	54.2	932	399	9	1	910	1	926	0.0	953
QMW87246.1	iMM1415.238505	54.1	932	400	9	1	910	1	926	0.0	946
QMW87247.1	iYO844.BSU38110	23.6	191	116	5	34	199	2	187	8.74e-10	56.2
QMW87248.1	iAF692.Mbar_A3721	50.0	518	252	5	2	514	4	519	1.70e-170	492
QMW87249.1	iYO844.BSU27330	52.2	201	96	0	2	202	6	206	8.90e-75	224
QMW87249.1	iYS854.USA300HOU_RS08580	54.1	196	90	0	3	198	6	201	4.87e-71	214
QMW87249.1	iYL1228.KPN_02519	50.5	202	96	1	2	199	9	210	9.05e-68	206
QMW87251.1	iJN1463.PP_0561	27.9	366	223	11	241	589	176	517	2.81e-24	107
QMW87251.1	iJN1463.PP_4235	27.5	375	237	14	220	584	146	495	3.22e-22	100
QMW87259.1	iYS854.USA300HOU_RS09130	41.9	105	60	1	31	134	3	107	7.46e-20	86.3
QMW87260.1	iYS854.USA300HOU_RS01785	32.2	401	241	10	31	407	23	416	6.23e-52	181
QMW87260.1	iYO844.BSU02140	27.7	458	299	9	5	448	1	440	5.39e-51	178
QMW87260.1	iSDY_1059.SDY_2435	27.9	394	272	5	11	394	4	395	3.41e-49	173
QMW87260.1	iML1515.b2240	27.9	394	272	5	11	394	4	395	9.20e-49	172
QMW87260.1	iSbBS512_1146.SbBS512_E2622	27.9	394	272	5	11	394	4	395	9.20e-49	172
QMW87260.1	iSSON_1240.SSON_2301	27.9	394	272	5	11	394	4	395	9.20e-49	172
QMW87260.1	iYL1228.KPN_02646	28.5	372	254	5	33	394	26	395	8.59e-48	169
QMW87260.1	STM_v1_0.STM2283	27.7	394	273	5	11	394	4	395	9.30e-48	169
QMW87260.1	iSF_1195.SF2322	27.7	394	273	5	11	394	4	395	2.50e-47	168
QMW87263.1	STM_v1_0.STM2071	47.1	291	143	4	2	281	7	297	6.75e-80	243
QMW87263.1	iYL1228.KPN_02475	46.0	291	146	4	2	281	7	297	5.44e-79	241
QMW87263.1	iPC815.YPO1549	46.7	291	144	4	2	281	7	297	1.09e-78	240
QMW87263.1	iML1515.b2019	46.0	291	146	4	2	281	7	297	1.54e-78	239
QMW87263.1	iSbBS512_1146.SbBS512_E1213	46.0	291	146	4	2	281	7	297	1.54e-78	239
QMW87263.1	iSSON_1240.SSON_2090	46.0	291	146	4	2	281	7	297	1.54e-78	239
QMW87263.1	iSDY_1059.SDY_2222	46.0	291	146	4	2	281	7	297	2.18e-78	239
QMW87263.1	iSF_1195.SF2081	46.0	291	146	4	2	281	7	297	2.18e-78	239
QMW87264.1	iSDY_1059.SDY_2221	55.6	421	180	3	11	428	15	431	3.06e-149	430
QMW87264.1	iML1515.b2020	55.3	421	181	3	11	428	15	431	1.24e-148	429
QMW87264.1	iSbBS512_1146.SbBS512_E1212	55.3	421	181	3	11	428	15	431	2.48e-148	428
QMW87264.1	iSSON_1240.SSON_2091	55.1	421	182	3	11	428	15	431	4.98e-148	427
QMW87264.1	iYL1228.KPN_02476	54.8	423	184	3	9	428	13	431	7.53e-145	419
QMW87264.1	STM_v1_0.STM2072	54.6	423	185	3	9	428	13	431	7.53e-145	419
QMW87264.1	iSF_1195.SF2082	54.2	421	186	3	11	428	15	431	7.53e-145	419
QMW87264.1	iPC815.YPO1548	51.9	422	196	3	9	427	16	433	1.75e-140	408
QMW87265.1	iLB1027_lipid.PHATRDRAFT_38891	41.2	352	188	6	7	342	18	366	1.88e-75	236
QMW87265.1	iMM904.YIL116W	37.6	380	190	13	4	343	5	377	3.08e-67	216
QMW87266.1	iPC815.YPO1546	48.9	374	172	4	1	374	1	355	3.63e-122	356
QMW87266.1	iSDY_1059.SDY_2219	46.3	374	182	4	1	374	2	356	6.90e-115	338
QMW87266.1	iYL1228.KPN_02478	44.9	374	187	3	1	374	1	355	9.46e-115	337
QMW87266.1	iSbBS512_1146.SbBS512_E1210	45.7	374	184	3	1	374	1	355	1.34e-114	337
QMW87266.1	iML1515.b2022	45.7	374	184	3	1	374	1	355	1.90e-114	337
QMW87266.1	STM_v1_0.STM2074	46.4	375	180	4	1	374	1	355	1.90e-114	337
QMW87266.1	iSSON_1240.SSON_2093	45.9	375	182	4	1	374	2	356	3.94e-114	336
QMW87266.1	iSF_1195.SF2084	45.7	374	184	3	1	374	1	355	5.40e-114	335
QMW87267.1	iHN637.CLJU_RS03400	54.8	633	283	3	5	635	6	637	5.20e-241	680
QMW87274.1	iAM_Pc455.PCYB_103410	51.7	89	36	4	233	319	327	410	3.13e-14	75.9
QMW87274.1	iAM_Pv461.PVX_097935	50.6	89	37	4	233	319	312	395	1.21e-13	73.9
QMW87274.1	iAM_Pf480.PF3D7_0507500	51.7	87	35	4	233	317	368	449	9.16e-13	71.2
QMW87274.1	iAM_Pb448.PBANKA_110710	40.6	106	49	5	233	336	282	375	5.71e-12	68.6
QMW87278.1	iAF987.Gmet_3241	51.4	35	17	0	1	35	1	35	2.59e-07	45.1
QMW87279.1	STM_v1_0.STM2649	38.9	90	55	0	63	152	50	139	6.30e-19	77.4
QMW87279.1	iML1515.b2582	37.8	90	56	0	63	152	50	139	1.76e-18	76.3
QMW87279.1	iSbBS512_1146.SbBS512_E2954	37.8	90	56	0	63	152	50	139	1.76e-18	76.3
QMW87279.1	iSDY_1059.SDY_2825	37.8	90	56	0	63	152	50	139	1.76e-18	76.3
QMW87279.1	iSF_1195.SF2644	37.8	90	56	0	63	152	50	139	1.76e-18	76.3
QMW87279.1	iSSON_1240.SSON_2708	37.8	90	56	0	63	152	50	139	1.76e-18	76.3
QMW87279.1	iYL1228.KPN_02905	37.5	88	55	0	63	150	50	137	5.17e-18	75.1
QMW87279.1	iIT341.HP0824	40.0	85	51	0	68	152	21	105	6.08e-18	73.9
QMW87279.1	iPC815.YPO3270	39.8	88	53	0	65	152	52	139	2.44e-16	70.9
QMW87280.1	iAF692.Mbar_A2310	46.4	84	45	0	13	96	3	86	4.42e-24	87.0
QMW87280.1	iML1515.b3781	39.1	92	56	0	6	97	16	107	2.24e-23	85.9
QMW87280.1	STM_v1_0.STM3915	39.1	92	56	0	6	97	16	107	2.24e-23	85.9
QMW87280.1	iSbBS512_1146.SbBS512_E4140	39.1	92	56	0	6	97	16	107	2.24e-23	85.9
QMW87280.1	iSDY_1059.SDY_3968	39.1	92	56	0	6	97	34	125	3.62e-23	85.9
QMW87280.1	iSF_1195.SF3854	39.1	92	56	0	6	97	34	125	3.62e-23	85.9
QMW87280.1	iSSON_1240.SSON_3952	39.1	92	56	0	6	97	34	125	3.62e-23	85.9
QMW87280.1	iYL1228.KPN_04282	39.1	92	56	0	6	97	16	107	1.28e-22	84.0
QMW87280.1	iPC815.YPO3868	38.0	92	57	0	6	97	16	107	2.51e-22	83.2
QMW87280.1	iIT341.HP0824	42.2	90	51	1	2	91	10	98	2.73e-21	80.5
QMW87280.1	iYS854.USA300HOU_RS05725	40.4	94	55	1	4	97	11	103	2.59e-21	80.5
QMW87280.1	iYL1228.KPN_02905	35.8	81	52	0	5	85	46	126	2.69e-20	79.0
QMW87284.1	iAF987.Gmet_1914	29.1	117	74	4	1	112	1	113	4.20e-05	43.9
QMW87303.1	iAF987.Gmet_0363	33.3	198	131	1	43	239	14	211	1.83e-32	119
QMW87303.1	iLJ478.TM1693	35.3	167	105	3	78	243	59	223	2.23e-28	108
QMW87309.1	iML1515.b4019	41.0	305	150	6	6	299	937	1222	2.98e-55	192
QMW87309.1	iSDY_1059.SDY_4322	40.7	305	151	6	6	299	937	1222	4.06e-55	192
QMW87309.1	iSSON_1240.SSON_4190	40.7	305	151	6	6	299	937	1222	5.52e-55	191
QMW87309.1	iSF_1195.SF4085	40.3	305	152	6	6	299	937	1222	2.57e-54	189
QMW87309.1	iJN1463.PP_2375	39.3	308	154	7	7	299	942	1231	1.20e-53	187
QMW87309.1	iYL1228.KPN_04399	40.0	305	153	7	6	299	937	1222	1.63e-53	187
QMW87309.1	iPC815.YPO3722	38.2	309	161	7	2	299	937	1226	1.03e-52	185
QMW87309.1	iCN718.ABAYE_RS14075	38.2	306	160	8	4	299	937	1223	1.92e-50	178
QMW87309.1	iMM1415.238505	36.7	313	166	9	4	299	951	1248	1.65e-49	176
QMW87309.1	iCHOv1.100763416	35.1	313	171	9	4	299	951	1248	1.04e-48	173
QMW87310.1	iHN637.CLJU_RS18360	32.1	433	271	11	4	428	2	419	4.85e-57	193
QMW87310.1	iHN637.CLJU_RS07520	31.2	446	286	9	1	433	1	438	1.33e-56	193
QMW87310.1	iAF692.Mbar_A1783	31.1	428	263	8	1	410	1	414	2.83e-54	187
QMW87310.1	iYO844.BSU32410	30.8	435	285	8	5	431	6	432	4.79e-54	186
QMW87310.1	iCN900.CD630_15260	31.3	441	266	13	4	429	2	420	7.45e-54	185
QMW87310.1	iAF987.Gmet_1770	31.1	431	272	9	11	428	2	420	5.68e-53	182
QMW87311.1	iEK1008.Rv2051c	47.1	227	119	1	7	233	613	838	1.16e-60	204
QMW87318.1	iYO844.BSU35020	39.1	235	136	3	46	279	10	238	1.77e-45	161
QMW87318.1	iIS312.TCDM_02681	38.4	237	142	3	48	282	13	247	1.61e-42	154
QMW87319.1	iYS854.USA300HOU_RS10950	33.2	256	160	9	4	251	1	253	2.10e-34	124
QMW87320.1	iCN718.ABAYE_RS10950	35.2	176	107	4	1	171	1	174	5.59e-22	87.4
QMW87326.1	iAF987.Gmet_0043	25.1	399	253	7	854	1243	39	400	1.79e-20	97.1
QMW87342.1	iPC815.YPO0682	35.2	71	45	1	361	431	242	311	4.74e-04	42.0
QMW87344.1	iPC815.YPO0683	26.7	131	93	2	1	131	5	132	5.13e-08	48.5
QMW87344.1	STM_v1_0.STM3158	25.6	133	94	3	1	131	3	132	5.02e-07	45.8
QMW87344.1	iYL1228.KPN_03425	24.8	133	95	3	1	131	3	132	2.59e-06	43.9
QMW87348.1	iMM1415.12091	36.1	631	344	16	4	593	11	623	1.61e-114	360
QMW87348.1	iCHOv1.100767446	36.4	612	340	17	19	593	13	612	7.35e-111	351
QMW87353.1	iIT341.HP1576	32.1	293	168	8	1	268	1	287	1.37e-37	135
QMW87353.1	iYO844.BSU02750	32.5	206	136	3	18	221	20	224	6.03e-37	131
QMW87353.1	iYS854.USA300HOU_RS09925	35.1	225	141	3	3	223	4	227	2.97e-36	129
QMW87353.1	iYO844.BSU32750	35.5	234	133	6	3	223	2	230	5.61e-34	126
QMW87353.1	iJN1463.PP_0220	32.0	244	145	7	8	244	38	267	6.80e-33	124
QMW87356.1	iAF987.Gmet_3508	24.4	283	193	7	86	348	131	412	1.93e-15	76.6
QMW87357.1	iAF987.Gmet_3509	25.7	1059	725	22	1	1028	2	1029	9.53e-87	301
QMW87357.1	iJN1463.PP_0043	24.3	1074	721	23	2	1022	3	1037	1.72e-77	275
QMW87358.1	iAF987.Gmet_3509	21.9	1053	735	28	14	1027	17	1021	2.64e-41	166
QMW87358.1	iSF_1195.SF2512	23.5	1085	702	34	2	1025	3	1020	6.51e-39	158
QMW87358.1	iML1515.b2470	23.2	1086	704	34	2	1025	3	1020	7.71e-38	154
QMW87358.1	iSSON_1240.SSON_2550	23.2	1086	704	34	2	1025	3	1020	1.01e-37	154
QMW87358.1	iSDY_1059.SDY_2654	23.2	1089	700	35	2	1025	3	1020	3.04e-37	152
QMW87360.1	iMM904.YML059C	31.1	222	121	5	30	246	1371	1565	3.07e-21	99.4
QMW87361.1	iML1515.b0463	31.9	357	236	3	36	389	29	381	4.73e-48	168
QMW87361.1	iSF_1195.SF0408	31.9	357	236	3	36	389	29	381	6.60e-48	167
QMW87361.1	iML1515.b3265	32.5	348	228	3	38	382	30	373	7.06e-48	167
QMW87361.1	STM_v1_0.STM3390	33.4	341	220	4	45	382	37	373	9.86e-48	167
QMW87361.1	iSDY_1059.SDY_0456	31.7	356	238	3	36	389	29	381	1.29e-47	167
QMW87361.1	iSSON_1240.SSON_0450	31.7	357	237	3	36	389	29	381	1.29e-47	167
QMW87361.1	iSbBS512_1146.SbBS512_E3648	32.2	348	229	3	38	382	30	373	1.92e-47	166
QMW87361.1	iYL1228.KPN_03672	32.4	346	227	3	38	382	29	368	6.83e-45	159
QMW87361.1	iPC815.YPO3132	30.5	370	248	4	38	405	32	394	1.91e-43	155
QMW87361.1	iJN1463.PP_1386	28.8	396	258	7	18	411	11	384	4.11e-43	154
QMW87362.1	iJN1463.PP_3426	42.7	1034	576	5	4	1022	5	1037	8.98e-265	771
QMW87362.1	iML1515.b2470	41.9	1031	580	10	4	1022	3	1026	1.01e-260	760
QMW87362.1	iSSON_1240.SSON_2550	41.9	1031	580	10	4	1022	3	1026	4.03e-260	758
QMW87362.1	iSF_1195.SF2512	41.8	1031	581	10	4	1022	3	1026	8.04e-260	758
QMW87362.1	iSDY_1059.SDY_2654	41.6	1031	583	10	4	1022	3	1026	4.04e-257	751
QMW87362.1	STM_v1_0.STM3391	42.4	1030	578	10	4	1022	3	1028	1.01e-254	744
QMW87362.1	iYL1228.KPN_03673	42.4	1029	579	10	4	1022	3	1027	1.39e-251	736
QMW87362.1	iML1515.b0462	41.9	1037	586	10	4	1028	3	1035	2.61e-249	731
QMW87362.1	iML1515.b3266	41.2	1029	592	9	4	1022	3	1028	4.08e-247	725
QMW87362.1	iJN1463.PP_1385	40.6	1027	599	7	4	1022	3	1026	1.62e-238	703
QMW87363.1	iJN1463.PP_1384	30.0	467	312	5	3	455	1	466	5.00e-56	192
QMW87363.1	iSF_1195.SF0473	26.5	449	319	5	17	457	15	460	1.27e-51	180
QMW87363.1	iSSON_1240.SSON_0523	26.5	449	319	5	17	457	15	460	2.46e-51	179
QMW87363.1	iML1515.b0572	26.5	446	317	5	17	454	15	457	3.27e-50	176
QMW87363.1	iJN1463.PP_3427	28.8	459	307	7	12	456	11	463	6.03e-50	176
QMW87363.1	iJN1463.PP_4211	29.4	418	285	4	48	456	48	464	4.29e-49	174
QMW87364.1	iAM_Pc455.PCYB_072300	40.8	539	285	7	4	530	110	626	8.59e-126	400
QMW87364.1	iAM_Pv461.PVX_099200	40.6	539	286	7	4	530	107	623	4.90e-125	398
QMW87364.1	iAM_Pf480.PF3D7_0915400	39.9	539	290	7	4	530	109	625	6.43e-123	392
QMW87364.1	iAM_Pb448.PBANKA_081640	40.7	536	294	6	4	530	69	589	1.80e-123	392
QMW87366.1	iHN637.CLJU_RS18515	36.9	450	272	8	5	446	3	448	6.18e-88	275
QMW87366.1	iCN900.CD630_00390	37.1	450	271	8	2	447	123	564	3.72e-86	274
QMW87366.1	iMM904.YFL018C	34.4	465	280	11	2	444	26	487	4.76e-84	266
QMW87366.1	iLB1027_lipid.PHATRDRAFT_26432	36.8	456	272	11	3	444	35	488	1.92e-83	265
QMW87366.1	iCN900.CD630_07230	35.5	451	276	8	5	446	3	447	1.33e-83	264
QMW87366.1	iAF987.Gmet_2764	33.9	460	286	5	3	444	6	465	8.08e-83	262
QMW87366.1	iSDY_1059.SDY_0146	34.4	456	273	10	1	440	5	450	2.93e-82	261
QMW87366.1	iML1515.b0116	34.4	456	273	10	1	440	5	450	4.12e-82	260
QMW87366.1	iSbBS512_1146.SbBS512_E0109	34.4	456	273	10	1	440	5	450	4.12e-82	260
QMW87366.1	iSF_1195.SF0113	34.4	456	273	10	1	440	5	450	4.12e-82	260
QMW87366.1	iSSON_1240.SSON_0124	34.4	456	273	10	1	440	5	450	4.12e-82	260
QMW87366.1	STM_v1_0.STM0154	34.0	456	275	10	1	440	5	450	2.28e-81	258
QMW87366.1	iYL1228.KPN_00120	33.6	456	277	10	1	440	5	450	1.26e-80	256
QMW87366.1	iYO844.BSU14610	35.5	451	282	7	1	444	8	456	1.59e-80	256
QMW87366.1	iYO844.BSU24060	33.8	462	282	8	3	444	5	462	2.73e-79	253
QMW87366.1	iPC815.YPO3417	33.2	452	284	10	1	440	6	451	3.94e-79	253
QMW87366.1	iAT_PLT_636.1738	36.0	467	266	14	1	444	40	496	1.34e-78	252
QMW87366.1	iCHOv1.100689437	35.8	461	275	12	1	444	40	496	3.71e-78	251
QMW87366.1	iMM1415.13382	35.1	461	278	12	1	444	40	496	5.64e-77	248
QMW87366.1	iJN1463.PP_5366	33.5	451	285	9	2	440	3	450	1.87e-77	248
QMW87367.1	iYS854.USA300HOU_RS05100	33.3	243	146	6	6	239	7	242	9.88e-33	120
QMW87368.1	iYO844.BSU24030	36.5	449	248	7	5	453	5	416	3.34e-76	244
QMW87368.1	iYS854.USA300HOU_RS08100	39.0	456	231	9	5	454	2	416	1.84e-75	242
QMW87368.1	iYS854.USA300HOU_RS05465	36.3	460	243	12	4	453	3	422	2.53e-69	226
QMW87368.1	iYO844.BSU19360	34.9	459	237	7	5	453	3	409	5.80e-67	219
QMW87369.1	iYO844.BSU24040	37.8	328	195	6	353	678	7	327	1.02e-63	214
QMW87369.1	iYS854.USA300HOU_RS08105	38.7	333	193	7	349	678	3	327	2.75e-63	213
QMW87369.1	iJN1463.PP_4402	39.5	342	180	8	352	677	8	338	1.46e-62	211
QMW87369.1	iYS854.USA300HOU_RS05460	38.6	329	191	7	352	678	6	325	3.89e-57	196
QMW87369.1	iIS312.TCDM_03721	38.3	329	190	7	352	678	51	368	1.24e-56	196
QMW87370.1	iSynCJ816.SGL_RS08960	43.6	165	92	1	1	164	1	165	8.44e-45	145
QMW87371.1	iMM904.YBR034C	41.2	51	29	1	144	194	58	107	4.68e-04	40.8
QMW87373.1	iSDY_1059.SDY_1022	28.7	157	103	5	106	260	21	170	8.14e-04	43.1
QMW87376.1	iAF692.Mbar_A3057	57.0	151	64	1	6	156	8	157	1.29e-54	169
QMW87377.1	iCHOv1.100753544	31.5	146	97	2	6	149	3	147	1.19e-15	75.9
QMW87377.1	STM_v1_0.STM4425	27.1	192	125	4	6	195	3	181	2.49e-14	72.4
QMW87377.1	STM_v1_0.STM4433	25.6	266	173	8	4	259	2	252	6.29e-14	71.2
QMW87377.1	iYL1228.KPN_04675	30.9	152	100	3	1	147	21	172	5.74e-13	68.6
QMW87382.1	iYS854.USA300HOU_RS13050	26.8	127	85	3	18	142	7	127	7.33e-08	52.0
QMW87384.1	iCN900.CD630_01180	47.4	173	90	1	4	175	5	177	7.03e-52	164
QMW87385.1	iAF987.Gmet_1308	53.3	240	112	0	13	252	4	243	4.14e-94	276
QMW87385.1	iAF692.Mbar_A2175	47.1	257	127	1	5	252	4	260	3.10e-81	251
QMW87387.1	iCN900.CD630_01160	51.4	346	161	3	6	351	4	342	2.85e-116	341
QMW87387.1	iAF987.Gmet_1307	51.7	348	158	5	6	351	5	344	1.03e-109	324
QMW87387.1	iAF692.Mbar_A2174	51.3	351	161	4	7	356	5	346	8.02e-109	322
QMW87388.1	iAF692.Mbar_A2173	40.0	35	21	0	9	43	12	46	2.36e-06	40.8
QMW87394.1	iML1515.b3656	35.9	524	316	11	202	717	160	671	2.09e-111	355
QMW87395.1	iAF692.Mbar_A1503	46.2	195	103	1	406	598	21	215	1.56e-49	171
QMW87395.1	iAF692.Mbar_A1501	45.4	207	111	2	393	598	2	207	8.63e-49	168
QMW87395.1	iAF692.Mbar_A3604	45.1	204	110	2	396	598	11	213	1.44e-48	168
QMW87395.1	iAF987.Gmet_0549	42.4	205	116	1	396	600	602	804	1.44e-41	160
QMW87396.1	iMM1415.233836	31.6	472	285	7	4	438	22	492	5.41e-70	236
QMW87396.1	iCHOv1.100758893	31.8	488	293	9	4	452	22	508	2.54e-69	234
QMW87396.1	iAT_PLT_636.115584	31.4	503	305	9	4	467	22	523	7.92e-69	233
QMW87396.1	iMM1415.20537	30.1	534	316	10	2	482	20	549	6.60e-69	233
QMW87396.1	iCHOv1.100767281	30.1	481	291	8	2	440	20	497	1.22e-67	229
QMW87396.1	iMM1415.230612	31.7	470	283	7	6	438	29	497	1.84e-66	227
QMW87396.1	iAT_PLT_636.6523	29.4	534	320	10	2	482	20	549	1.29e-64	221
QMW87396.1	iAT_PLT_636.6526	30.7	534	313	9	6	484	5	536	4.19e-63	218
QMW87396.1	iCHOv1.100759273	30.9	534	312	10	6	484	5	536	2.13e-62	216
QMW87396.1	iMM1415.53881	30.5	534	314	10	6	484	5	536	5.66e-62	215
QMW87398.1	iCN900.CD630_17330	24.9	305	224	3	22	325	20	320	7.34e-29	113
QMW87398.1	iAF692.Mbar_A0841	30.5	266	175	6	62	323	68	327	2.35e-25	103
QMW87401.1	iLJ478.TM1080	52.2	138	66	0	4	141	3	140	3.22e-44	141
QMW87402.1	iYO844.BSU17890	41.6	673	357	13	14	669	12	665	7.91e-150	449
QMW87402.1	iYS854.USA300HOU_RS06830	41.1	677	358	12	10	668	9	662	3.01e-148	445
QMW87402.1	iAF987.Gmet_0178	39.0	671	378	10	11	669	15	666	1.86e-138	420
QMW87402.1	iML1515.b2465	40.5	669	359	14	11	661	7	654	3.60e-138	419
QMW87402.1	iSF_1195.SF2507	40.5	669	359	14	11	661	7	654	3.60e-138	419
QMW87402.1	iNF517.LLMG_RS04440	40.4	673	349	15	10	661	9	650	3.89e-138	419
QMW87402.1	iSSON_1240.SSON_2545	40.4	669	360	14	11	661	7	654	1.01e-137	418
QMW87402.1	STM_v1_0.STM2474	39.5	678	369	14	11	669	7	662	1.20e-135	412
QMW87402.1	iPC815.YPO0926	39.2	678	371	14	11	669	8	663	3.17e-135	411
QMW87402.1	iML1515.b2935	39.6	677	370	14	11	669	8	663	2.42e-134	409
QMW87402.1	iSDY_1059.SDY_3141	39.6	677	370	14	11	669	8	663	3.41e-134	409
QMW87402.1	iSbBS512_1146.SbBS512_E3367	39.3	677	372	14	11	669	8	663	3.76e-133	406
QMW87403.1	iYO844.BSU28510	54.3	490	216	5	28	514	8	492	2.78e-197	558
QMW87405.1	iHN637.CLJU_RS00595	57.3	527	225	0	4	530	6	532	3.32e-222	624
QMW87406.1	iLJ478.TM0276	50.3	501	237	4	7	506	6	495	4.77e-167	481
QMW87406.1	iPC815.YPO2253	48.8	506	250	5	3	506	2	500	6.62e-163	471
QMW87406.1	iYL1228.KPN_00061	47.9	501	252	5	4	502	3	496	1.23e-160	465
QMW87406.1	STM_v1_0.STM0102	47.5	501	254	5	4	502	3	496	3.99e-159	461
QMW87406.1	iML1515.b0062	47.5	501	254	5	4	502	3	496	5.65e-159	461
QMW87406.1	iSSON_1240.SSON_0068	47.5	501	254	5	4	502	3	496	8.00e-159	460
QMW87406.1	iSDY_1059.SDY_0089	47.5	501	254	5	4	502	3	496	1.60e-158	459
QMW87406.1	iSbBS512_1146.SbBS512_E0054	47.3	501	255	5	4	502	3	496	2.60e-157	456
QMW87406.1	iYO844.BSU28800	48.7	501	244	7	8	506	7	496	3.68e-156	453
QMW87408.1	STM_v1_0.STM4388	66.4	229	72	2	2	227	1	227	8.90e-113	322
QMW87408.1	iML1515.b4198	66.1	227	76	1	2	227	1	227	1.26e-112	321
QMW87408.1	iSF_1195.SF4353	65.6	227	77	1	2	227	1	227	1.26e-112	321
QMW87408.1	iSDY_1059.SDY_4367	65.2	227	78	1	2	227	1	227	3.62e-112	320
QMW87408.1	iSbBS512_1146.SbBS512_E4728	65.2	227	78	1	2	227	1	227	5.13e-112	320
QMW87408.1	iSSON_1240.SSON_4380	65.2	227	78	1	2	227	1	227	1.03e-111	319
QMW87408.1	iCN900.CD630_22780	64.3	227	81	0	1	227	1	227	8.47e-111	317
QMW87408.1	iYL1228.KPN_04591	63.4	227	82	1	2	227	1	227	4.64e-108	310
QMW87408.1	iYO844.BSU28780	64.0	228	81	1	1	227	1	228	8.74e-104	299
QMW87409.1	iAF987.Gmet_0988	29.9	137	83	5	1	136	15	139	1.64e-07	48.9
QMW87409.1	iSynCJ816.SGL_RS05525	32.4	111	69	3	28	135	30	137	4.09e-07	47.8
QMW87410.1	iMM1415.233836	36.9	542	321	7	1	528	24	558	1.25e-110	344
QMW87410.1	iAT_PLT_636.115584	36.0	542	326	7	1	528	24	558	5.14e-110	343
QMW87410.1	iCHOv1.100758893	36.2	542	325	7	1	528	24	558	1.63e-109	341
QMW87410.1	iMM1415.246787	37.1	553	318	11	5	534	23	568	5.35e-108	337
QMW87410.1	iAT_PLT_636.6526	35.9	551	319	12	1	526	5	546	2.73e-106	334
QMW87410.1	iCHOv1.100759273	36.1	551	318	12	1	526	5	546	5.39e-106	333
QMW87410.1	iCHOv1.100770888	36.2	553	323	11	5	534	27	572	4.98e-106	332
QMW87410.1	iMM1415.230612	35.5	538	326	8	5	528	33	563	1.30e-105	332
QMW87410.1	iMM1415.53881	36.1	551	318	12	1	526	5	546	1.15e-104	330
QMW87410.1	iMM1415.20537	36.3	532	313	8	2	514	25	549	8.49e-105	329
QMW87410.1	iCHOv1.100767281	36.1	532	314	8	2	514	25	549	2.18e-104	328
QMW87410.1	iAT_PLT_636.6523	35.5	532	317	8	2	514	25	549	8.07e-101	318
QMW87411.1	iCN718.ABAYE_RS14110	42.0	362	194	6	31	379	23	381	1.57e-88	271
QMW87411.1	iLJ478.TM0282	42.7	361	193	6	25	378	2	355	4.66e-87	267
QMW87419.1	iAF987.Gmet_0043	21.6	393	270	7	903	1289	41	401	4.92e-22	102
QMW87421.1	iHN637.CLJU_RS00605	22.7	488	264	17	214	633	44	486	7.53e-16	80.5
QMW87423.1	iLJ478.TM1190	40.7	361	198	6	24	383	5	350	1.30e-83	258
QMW87424.1	iIT341.HP1174	26.9	439	269	11	5	428	2	403	4.76e-30	120
QMW87425.1	iCN718.ABAYE_RS14110	42.2	370	205	6	4	365	13	381	1.21e-92	281
QMW87425.1	iLJ478.TM0282	45.6	340	170	8	31	364	25	355	6.50e-89	271
QMW87426.1	iHN637.CLJU_RS19425	36.0	325	191	7	1	323	1	310	8.84e-61	196
QMW87426.1	iYO844.BSU12020	35.1	302	183	9	3	301	5	296	1.63e-54	180
QMW87431.1	iCN718.ABAYE_RS18875	37.3	464	275	5	159	616	149	602	9.44e-90	291
QMW87431.1	iJN1463.PP_1805	37.9	449	251	8	161	588	189	630	1.53e-79	265
QMW87432.1	iSbBS512_1146.SbBS512_E1203	56.6	433	143	6	6	438	1	388	3.36e-162	462
QMW87432.1	STM_v1_0.STM2080	55.7	433	147	6	6	438	1	388	2.22e-160	457
QMW87432.1	iYL1228.KPN_02493	56.3	435	141	6	6	438	1	388	4.47e-160	456
QMW87432.1	iSSON_1240.SSON_2099	55.0	433	150	6	6	438	1	388	8.42e-158	451
QMW87432.1	iML1515.b2028	55.0	433	150	6	6	438	1	388	1.69e-157	450
QMW87432.1	iSDY_1059.SDY_2213	54.5	433	152	6	6	438	1	388	1.38e-156	447
QMW87432.1	iNF517.LLMG_RS08135	54.4	432	152	5	7	438	3	389	2.03e-151	434
QMW87433.1	iAF987.Gmet_2330	54.4	344	138	4	13	350	4	334	1.03e-127	369
QMW87433.1	iSbBS512_1146.SbBS512_E1204	54.8	343	135	5	14	350	4	332	1.28e-125	363
QMW87433.1	iYL1228.KPN_02492	55.4	343	133	6	14	350	4	332	1.47e-124	361
QMW87434.1	iCN718.ABAYE_RS18875	33.6	289	161	7	7	275	284	561	1.35e-38	144
QMW87434.1	iJN1463.PP_1805	32.4	299	174	6	7	277	322	620	1.86e-35	136
QMW87435.1	iYO844.BSU30870	25.2	238	140	10	1	205	1	233	1.10e-04	43.5
QMW87436.1	iAF692.Mbar_A0052	33.6	336	207	7	20	350	1	325	2.29e-52	178
QMW87436.1	iAF987.Gmet_1504	31.0	342	222	6	20	354	1	335	1.28e-47	166
QMW87436.1	iHN637.CLJU_RS16795	32.1	336	208	7	20	349	1	322	8.95e-47	163
QMW87441.1	iYS854.USA300HOU_RS07115	50.0	52	26	0	119	170	167	218	1.12e-06	47.4
QMW87441.1	iYO844.BSU40850	30.9	94	49	2	82	170	100	182	6.41e-06	44.7
QMW87441.1	iYL1228.KPN_00440	42.6	54	31	0	117	170	128	181	2.28e-05	43.1
QMW87442.1	iML1515.b2033	29.3	147	83	4	39	176	49	183	1.26e-08	52.0
QMW87444.1	STM_v1_0.STM3719	24.1	166	111	6	205	364	174	330	1.99e-04	42.7
QMW87444.1	iYS854.USA300HOU_RS07460	24.8	125	90	2	214	338	199	319	6.39e-04	41.2
QMW87445.1	iLB1027_lipid.PHATRDRAFT_50356	28.5	144	89	6	193	336	273	402	1.35e-05	46.6
QMW87446.1	iHN637.CLJU_RS19350	28.7	167	114	3	37	198	6	172	1.18e-14	68.9
QMW87446.1	iLJ478.TM0666	28.2	170	117	2	34	198	17	186	1.17e-12	63.9
QMW87447.1	iLB1027_lipid.PHATRDRAFT_50356	25.6	160	111	4	187	346	273	424	2.44e-06	48.9
QMW87447.1	iYS854.USA300HOU_RS07460	25.0	128	95	1	187	314	195	321	8.42e-06	47.0
QMW87449.1	iYS854.USA300HOU_RS04040	29.3	256	151	11	21	254	24	271	2.77e-14	72.4
QMW87449.1	iYO844.BSU35530	27.9	258	157	10	20	254	29	280	6.02e-12	65.5
QMW87461.1	iSDY_1059.SDY_1586	46.1	241	125	2	5	244	2	238	2.60e-68	211
QMW87461.1	STM_v1_0.STM1511	46.2	247	128	2	5	250	2	244	7.37e-68	209
QMW87461.1	iML1515.b1539	46.1	241	125	2	5	244	2	238	1.04e-67	209
QMW87461.1	iSSON_1240.SSON_1589	46.1	241	125	2	5	244	2	238	1.04e-67	209
QMW87461.1	iJN1463.PP_4862	47.1	240	124	2	6	244	5	242	1.78e-67	209
QMW87461.1	iSF_1195.SF1556	45.6	241	126	2	5	244	2	238	2.96e-67	208
QMW87461.1	iYL1228.KPN_01590	43.8	251	136	2	5	254	2	248	8.67e-67	207
QMW87461.1	iSbBS512_1146.SbBS512_E1701	45.6	241	126	2	5	244	2	238	1.19e-66	206
QMW87461.1	iMM904.YMR226C	43.3	247	136	3	4	246	14	260	2.50e-62	196
QMW87463.1	iLB1027_lipid.PHATRDRAFT_22453	31.1	601	298	13	15	514	1	586	7.04e-77	253
QMW87464.1	iYL1228.KPN_03112	48.7	189	91	2	6	194	11	193	2.32e-59	184
QMW87464.1	STM_v1_0.STM2933	48.7	189	91	2	6	194	11	193	6.61e-59	183
QMW87464.1	iPC815.YPO3364	50.3	181	85	1	15	195	27	202	5.47e-58	181
QMW87464.1	iYO844.BSU15600	50.0	184	92	0	15	198	13	196	1.54e-56	177
QMW87464.1	iML1515.b2750	47.6	189	93	2	6	194	11	193	7.04e-56	175
QMW87464.1	iSDY_1059.SDY_2949	47.6	189	93	2	6	194	11	193	7.04e-56	175
QMW87464.1	iSSON_1240.SSON_2898	47.6	189	93	2	6	194	11	193	7.04e-56	175
QMW87464.1	iSF_1195.SF2773	47.1	189	94	2	6	194	11	193	5.69e-55	173
QMW87464.1	iSbBS512_1146.SbBS512_E3124	47.1	189	94	2	6	194	11	193	1.62e-54	172
QMW87464.1	iCHOv1.100762413	51.2	172	82	1	25	194	49	220	1.13e-49	169
QMW87464.1	iAT_PLT_636.9061	51.2	172	82	1	25	194	49	220	1.13e-49	169
QMW87464.1	iMM1415.23971	51.2	172	82	1	25	194	49	220	1.13e-49	169
QMW87464.1	iCHOv1.100764888	51.7	172	81	1	25	194	211	382	2.21e-48	167
QMW87464.1	iMM904.YKL001C	51.4	183	87	1	15	195	11	193	1.09e-52	167
QMW87465.1	iCN718.ABAYE_RS13935	69.5	302	92	0	1	302	1	302	6.74e-154	432
QMW87465.1	iYL1228.KPN_03114	69.2	302	93	0	1	302	1	302	1.93e-153	431
QMW87465.1	iML1515.b2752	68.5	302	95	0	1	302	1	302	9.09e-152	426
QMW87465.1	iSSON_1240.SSON_2900	68.5	302	95	0	1	302	1	302	9.09e-152	426
QMW87465.1	iSF_1195.SF2775	68.5	302	95	0	1	302	1	302	3.69e-151	425
QMW87465.1	iSbBS512_1146.SbBS512_E3122	68.2	302	96	0	1	302	1	302	7.44e-151	424
QMW87465.1	STM_v1_0.STM2935	68.2	302	96	0	1	302	1	302	3.02e-150	422
QMW87465.1	iSDY_1059.SDY_2951	68.2	302	96	0	1	302	1	302	3.02e-150	422
QMW87465.1	iAF987.Gmet_2859	68.4	297	94	0	6	302	5	301	1.68e-149	421
QMW87465.1	iPC815.YPO3366	67.9	302	97	0	1	302	1	302	4.98e-149	419
QMW87465.1	iJN1463.PP_1303	67.9	302	93	1	5	302	4	305	9.13e-148	416
QMW87466.1	iJN1463.PP_1304	60.0	432	162	2	6	435	11	433	4.46e-174	503
QMW87466.1	iAF987.Gmet_2860	56.5	430	178	1	6	435	11	431	8.25e-166	479
QMW87466.1	iCN718.ABAYE_RS13930	57.7	437	173	2	6	439	11	438	9.13e-166	478
QMW87467.1	iEK1008.Rv2267c	27.2	312	216	6	60	367	69	373	3.49e-39	143
QMW87470.1	iAM_Pb448.PBANKA_080930	39.1	169	99	2	3	171	60	224	4.37e-35	122
QMW87470.1	iAM_Pf480.PF3D7_0907900	36.1	169	104	2	3	171	65	229	1.53e-33	119
QMW87470.1	iAM_Pc455.PCYB_071570	37.6	170	100	2	3	171	65	229	8.51e-33	117
QMW87470.1	iAM_Pv461.PVX_098840	36.7	169	103	2	3	171	10	174	1.67e-32	114
QMW87472.1	iCN900.CD630_05740	49.5	642	313	6	1	641	1	632	6.04e-219	624
QMW87472.1	iLJ478.TM0740	45.9	640	331	6	2	639	3	629	1.07e-201	580
QMW87472.1	iYS854.USA300HOU_RS08915	45.9	641	341	5	2	640	4	640	4.11e-200	576
QMW87472.1	iAF987.Gmet_1411	45.7	639	338	4	2	640	13	642	3.95e-195	563
QMW87476.1	STM_v1_0.STM4306	34.5	58	28	2	192	240	97	153	8.12e-04	39.3
QMW87477.1	iHN637.CLJU_RS07410	52.1	190	90	1	1	189	1	190	8.84e-64	194
QMW87477.1	iYO844.BSU22070	48.6	181	92	1	1	180	1	181	3.82e-56	175
QMW87478.1	iAF692.Mbar_A2872	44.5	431	233	6	5	432	3	430	1.03e-133	391
QMW87478.1	iAF987.Gmet_1825	45.5	431	231	4	5	432	3	432	7.15e-132	386
QMW87478.1	iAF692.Mbar_A0211	46.1	432	228	5	4	432	3	432	9.79e-132	386
QMW87478.1	iAF987.Gmet_1818	45.2	431	233	3	4	432	2	431	6.46e-127	374
QMW87478.1	iCN718.ABAYE_RS11930	45.2	425	224	5	10	432	9	426	1.48e-124	367
QMW87479.1	iAF692.Mbar_A0057	33.7	196	119	3	2	191	8	198	1.84e-34	120
QMW87480.1	iAF692.Mbar_A0058	40.3	544	283	14	3	520	4	531	1.30e-117	359
QMW87480.1	iAF987.Gmet_1827	38.8	538	281	16	3	520	2	511	1.30e-106	330
QMW87481.1	iCN900.CD630_12260	29.3	276	176	8	71	334	70	338	4.34e-29	114
QMW87483.1	iLJ478.TM1469	29.5	315	213	5	88	399	7	315	8.18e-41	146
QMW87483.1	iHN637.CLJU_RS10220	29.5	315	209	5	86	395	5	311	1.20e-40	146
QMW87483.1	iNF517.LLMG_RS11535	28.3	314	216	5	88	395	7	317	5.26e-37	136
QMW87483.1	iCN900.CD630_24590	27.3	311	223	3	86	394	2	311	4.08e-36	134
QMW87486.1	iYO844.BSU33960	39.3	460	265	6	6	465	19	464	3.69e-97	300
QMW87486.1	iYL1228.KPN_02872	40.0	465	263	8	2	460	26	480	2.23e-95	296
QMW87486.1	iML1515.b4031	37.6	495	260	13	1	463	1	478	8.20e-90	281
QMW87486.1	iSSON_1240.SSON_4209	37.4	495	261	13	1	463	1	478	6.41e-89	279
QMW87486.1	iSF_1195.SF4174	37.4	495	261	13	1	463	1	478	7.04e-88	276
QMW87487.1	iCHOv1.100753186	41.9	382	210	7	15	387	19	397	2.26e-94	288
QMW87487.1	iMM1415.19703	39.0	385	209	8	12	387	27	394	1.61e-84	263
QMW87488.1	iML1515.b0584	30.2	169	86	8	108	254	27	185	4.16e-05	47.4
QMW87488.1	iSbBS512_1146.SbBS512_E0485	30.2	169	86	8	108	254	27	185	5.46e-05	47.0
QMW87488.1	iSDY_1059.SDY_0512	30.2	169	86	8	108	254	27	185	5.46e-05	47.0
QMW87488.1	iSF_1195.SF0496	30.2	169	86	8	108	254	27	185	5.46e-05	47.0
QMW87488.1	iSSON_1240.SSON_0534	30.2	169	86	8	108	254	27	185	5.46e-05	47.0
QMW87488.1	STM_v1_0.STM0585	31.2	189	90	14	107	263	28	208	2.80e-04	44.7
QMW87496.1	iYL1228.KPN_02568	45.2	104	55	2	1	104	663	764	3.11e-22	89.4
QMW87496.1	iML1515.b2132	44.3	97	53	1	1	97	663	758	1.30e-20	84.7
QMW87496.1	iSbBS512_1146.SbBS512_E0841	44.3	97	53	1	1	97	663	758	1.30e-20	84.7
QMW87496.1	iSDY_1059.SDY_2156	44.3	97	53	1	1	97	663	758	1.30e-20	84.7
QMW87496.1	iSF_1195.SF2217	44.3	97	53	1	1	97	663	758	1.30e-20	84.7
QMW87496.1	iSSON_1240.SSON_2189	44.3	97	53	1	1	97	663	758	1.30e-20	84.7
QMW87500.1	iMM1415.27419	32.7	715	466	9	21	725	23	732	5.28e-139	426
QMW87500.1	iCHOv1.100757611	31.9	718	470	11	21	725	22	733	8.52e-130	402
QMW87501.1	iCHOv1.100753186	41.8	383	209	8	15	387	19	397	3.05e-94	288
QMW87501.1	iMM1415.19703	38.7	390	207	9	15	392	30	399	6.04e-84	261
QMW87503.1	iCHOv1.100766960	23.8	244	160	7	65	287	101	339	1.19e-15	80.1
QMW87503.1	iMM1415.15212	22.0	236	163	3	88	304	121	354	1.47e-15	79.7
QMW87505.1	iLJ478.TM1624	36.0	747	428	18	54	792	24	728	7.86e-133	415
QMW87506.1	iMM1415.15211	25.9	452	289	10	82	522	83	499	1.23e-40	156
QMW87506.1	iCHOv1.100750552	25.3	443	287	10	90	522	91	499	2.06e-38	150
QMW87507.1	iCHOv1.100756951	26.8	466	286	12	64	513	79	505	4.66e-37	145
QMW87507.1	iMM1415.15211	25.6	429	265	11	88	499	96	487	4.72e-37	145
QMW87507.1	iMM1415.15212	26.7	484	293	14	41	509	67	503	4.28e-36	142
QMW87507.1	iCHOv1.100750552	25.0	428	269	10	88	499	96	487	7.10e-36	142
QMW87507.1	iCHOv1.100756663	26.2	465	290	12	64	513	79	505	1.89e-34	137
QMW87508.1	iML1515.b1617	28.2	408	224	14	100	466	63	442	3.76e-26	114
QMW87508.1	iLJ478.TM1062	26.9	417	243	16	106	490	52	438	1.17e-23	105
QMW87510.1	iPC815.YPO3861	66.4	289	94	1	1	289	1	286	2.61e-140	397
QMW87510.1	iYL1228.KPN_02490	67.4	291	92	1	1	291	1	288	4.56e-140	396
QMW87510.1	iYL1228.KPN_02496	67.4	291	92	1	1	291	1	288	4.56e-140	396
QMW87510.1	iML1515.b3789	66.8	289	93	1	1	289	1	286	7.45e-140	395
QMW87510.1	iSbBS512_1146.SbBS512_E4132	66.8	289	93	1	1	289	1	286	7.45e-140	395
QMW87510.1	iSF_1195.SF3863	66.8	289	93	1	1	289	1	286	7.45e-140	395
QMW87510.1	iSbBS512_1146.SbBS512_E1194	66.8	289	93	1	2	290	5	290	5.88e-139	393
QMW87510.1	iSDY_1059.SDY_3959	66.4	289	94	1	1	289	1	286	8.65e-139	393
QMW87510.1	iSSON_1240.SSON_3961	66.4	289	94	1	1	289	1	286	8.65e-139	393
QMW87510.1	iNF517.LLMG_RS01090	65.3	291	98	1	1	291	1	288	6.14e-138	390
QMW87510.1	iSDY_1059.SDY_2206	66.7	288	93	1	2	289	5	289	6.83e-138	390
QMW87510.1	iML1515.b2039	65.9	287	95	1	2	288	5	288	8.20e-137	388
QMW87510.1	iYL1228.KPN_04289	65.1	289	98	1	1	289	2	287	1.98e-135	384
QMW87510.1	STM_v1_0.STM2095	64.9	291	99	1	2	292	5	292	1.85e-135	384
QMW87510.1	iSF_1195.SF2102	65.6	288	96	1	2	289	5	289	7.51e-135	383
QMW87510.1	iJN1463.PP_1783	63.8	290	102	1	2	291	4	290	8.53e-132	375
QMW87510.1	iHN637.CLJU_RS02620	60.9	289	110	1	2	290	3	288	1.49e-127	364
QMW87511.1	iAF692.Mbar_A0230	51.9	183	87	1	1	182	1	183	3.30e-69	208
QMW87511.1	iYL1228.KPN_02494	59.1	171	68	2	1	169	1	171	2.27e-67	203
QMW87511.1	iYL1228.KPN_02488	59.1	171	68	2	1	169	1	171	3.21e-67	203
QMW87511.1	iSF_1195.SF2101	55.8	181	77	2	1	180	1	179	3.37e-66	200
QMW87511.1	iSbBS512_1146.SbBS512_E1195	56.4	172	73	2	1	171	1	171	1.79e-64	196
QMW87511.1	iHN637.CLJU_RS02745	53.7	175	79	2	4	177	7	180	2.80e-64	196
QMW87511.1	iHN637.CLJU_RS02630	53.7	175	79	2	4	177	7	180	6.60e-64	194
QMW87511.1	STM_v1_0.STM2094	55.0	180	77	3	1	178	2	179	1.83e-61	188
QMW87511.1	iSDY_1059.SDY_2207	55.6	171	74	2	1	169	1	171	5.55e-61	187
QMW87512.1	iHN637.CLJU_RS02740	41.7	295	157	2	1	283	1	292	3.80e-70	218
QMW87512.1	iHN637.CLJU_RS02625	40.6	293	159	3	1	281	1	290	7.84e-70	217
QMW87512.1	iAF987.Gmet_2472	40.7	273	155	3	3	275	2	267	1.02e-66	209
QMW87512.1	iSynCJ816.SGL_RS02095	42.5	280	150	4	3	275	5	280	4.82e-65	205
QMW87513.1	iHN637.CLJU_RS02730	54.2	367	150	4	5	370	2	351	1.15e-143	410
QMW87513.1	iHN637.CLJU_RS02615	53.1	367	154	5	5	370	2	351	8.77e-141	403
QMW87513.1	iAF987.Gmet_2473	53.8	370	155	2	1	370	4	357	3.19e-140	402
QMW87513.1	iSDY_1059.SDY_2204	53.9	362	159	4	7	367	3	357	3.58e-135	389
QMW87513.1	iSbBS512_1146.SbBS512_E1192	54.1	362	158	4	7	367	3	357	7.19e-135	389
QMW87513.1	iSF_1195.SF3862	53.6	360	149	5	5	360	2	347	6.75e-134	386
QMW87513.1	iSF_1195.SF2104	53.3	362	161	4	7	367	3	357	1.17e-133	385
QMW87513.1	STM_v1_0.STM2097	53.6	362	160	5	7	367	3	357	2.36e-133	385
QMW87513.1	iSSON_1240.SSON_3960	53.3	360	150	5	5	360	2	347	3.86e-133	384
QMW87513.1	iML1515.b2041	53.3	362	161	4	7	367	3	357	1.92e-132	382
QMW87513.1	iML1515.b3788	53.1	360	151	5	5	360	2	347	6.31e-132	381
QMW87513.1	iPC815.YPO3862	53.5	359	149	5	5	359	2	346	2.38e-129	374
QMW87513.1	STM_v1_0.STM3922	51.9	360	155	5	5	360	2	347	4.79e-129	374
QMW87513.1	iYL1228.KPN_04288	51.4	360	157	5	5	360	4	349	1.68e-127	370
QMW87519.1	iYO844.BSU40850	43.8	89	50	0	147	235	95	183	1.79e-15	72.0
QMW87519.1	iYL1228.KPN_00440	41.6	89	52	0	147	235	94	182	2.67e-15	71.6
QMW87519.1	iYS854.USA300HOU_RS13870	43.8	80	45	0	161	240	109	188	4.36e-14	68.6
QMW87521.1	iEK1008.Rv0115	44.7	356	182	5	2	348	3	352	4.65e-86	264
QMW87522.1	iAF987.Gmet_0920	48.1	162	83	1	31	191	27	188	9.52e-50	159
QMW87523.1	iAM_Pc455.PCYB_133630	34.6	231	144	6	1	228	1	227	4.70e-33	123
QMW87523.1	iAM_Pv461.PVX_085435	34.2	231	145	6	1	228	1	227	4.11e-32	121
QMW87523.1	iAM_Pf480.PF3D7_1420900	33.3	237	151	6	1	234	1	233	4.55e-32	120
QMW87523.1	iAM_Pb448.PBANKA_102230	32.0	231	151	5	1	228	1	228	1.32e-30	116
QMW87523.1	iIS312.TCDM_10698	32.5	228	146	5	1	223	14	238	1.67e-30	115
QMW87524.1	iEK1008.Rv0114	39.3	135	81	1	14	147	12	146	8.00e-26	96.7
QMW87526.1	iEK1008.Rv3265c	28.8	236	140	8	34	250	27	253	8.94e-23	94.7
QMW87527.1	iML1515.b2047	39.9	326	189	5	136	460	138	457	1.53e-69	228
QMW87533.1	iYO844.BSU12390	56.9	494	211	2	5	496	4	497	1.13e-204	576
QMW87533.1	iML1515.b3091	56.3	494	215	1	4	496	2	495	4.63e-201	567
QMW87533.1	iSbBS512_1146.SbBS512_E3527	55.9	494	217	1	4	496	2	495	4.63e-201	567
QMW87533.1	iSSON_1240.SSON_3244	56.1	494	216	1	4	496	2	495	6.57e-201	566
QMW87533.1	iPC815.YPO0581	55.7	492	217	1	6	496	5	496	2.75e-200	565
QMW87533.1	iSF_1195.SF3131	56.1	494	216	1	4	496	2	495	3.77e-200	565
QMW87533.1	iSDY_1059.SDY_3276	55.7	494	218	1	4	496	2	495	7.58e-200	564
QMW87533.1	iYL1228.KPN_03519	55.5	494	219	1	4	496	2	495	3.06e-199	562
QMW87534.1	iYO844.BSU35960	21.1	213	157	5	120	330	87	290	3.64e-04	41.6
QMW87535.1	iLJ478.TM0067	54.6	339	152	2	4	341	2	339	5.20e-122	354
QMW87536.1	iNF517.LLMG_RS04420	33.8	219	137	4	5	222	2	213	4.81e-37	128
QMW87536.1	iHN637.CLJU_RS05705	30.3	218	146	3	5	222	2	213	5.69e-34	120
QMW87541.1	iAF692.Mbar_A3731	26.8	1383	784	34	57	1400	226	1419	1.12e-128	436
QMW87541.1	iAF692.Mbar_A0797	26.9	1340	756	35	133	1404	148	1331	3.98e-123	419
QMW87542.1	STM_v1_0.STM2199	23.9	631	399	20	110	683	32	638	1.08e-37	149
QMW87542.1	iML1515.b2155	23.8	631	400	20	110	683	32	638	2.72e-36	145
QMW87542.1	iSSON_1240.SSON_2211	23.8	631	400	20	110	683	32	638	2.72e-36	145
QMW87542.1	iYL1228.KPN_02593	26.0	638	372	27	110	683	13	614	1.03e-34	140
QMW87546.1	iYO844.BSU26650	36.4	286	177	2	8	288	3	288	1.03e-57	187
QMW87546.1	iJN1463.PP_0026	35.8	271	173	1	17	286	18	288	6.59e-53	174
QMW87548.1	STM_v1_0.STM2199	26.1	452	285	19	126	558	33	454	5.53e-18	88.2
QMW87548.1	iYL1228.KPN_02593	25.9	468	282	19	126	568	14	441	1.22e-17	87.0
QMW87548.1	iML1515.b2155	26.3	460	288	21	120	558	25	454	8.86e-17	84.3
QMW87548.1	iSSON_1240.SSON_2211	26.3	460	288	21	120	558	25	454	8.86e-17	84.3
QMW87550.1	iYL1228.KPN_02593	25.7	479	270	17	120	563	14	441	3.07e-22	101
QMW87550.1	STM_v1_0.STM2199	27.1	473	273	20	120	563	33	462	4.04e-21	98.2
QMW87552.1	iCHOv1.100756951	27.6	464	279	11	78	535	103	515	1.66e-42	162
QMW87552.1	iCHOv1.100756663	28.0	464	277	12	78	535	103	515	5.62e-42	160
QMW87552.1	iMM1415.15212	27.1	483	286	13	60	535	97	520	8.72e-42	160
QMW87552.1	iMM1415.15211	29.0	373	215	9	144	507	153	484	7.27e-40	154
QMW87552.1	iCHOv1.100750552	28.7	373	216	9	144	507	153	484	1.80e-39	153
QMW87554.1	iPC815.YPO1913	37.0	522	295	10	89	596	84	585	8.71e-94	300
QMW87555.1	iPC815.YPO1914	34.9	573	361	5	8	575	22	587	4.40e-92	294
QMW87555.1	iPC815.YPO1913	34.4	520	325	8	67	574	70	585	2.09e-88	285
QMW87555.1	iAF987.Gmet_2349	33.1	523	322	6	65	568	56	569	5.07e-84	272
QMW87556.1	iJN1463.PP_0376	26.1	138	98	2	34	170	13	147	2.81e-08	54.7
QMW87563.1	iIT341.HP1161	43.3	164	89	2	1	164	1	160	2.71e-41	135
QMW87563.1	iPC815.YPO2635	37.3	169	105	1	1	168	1	169	5.30e-41	135
QMW87563.1	iYL1228.KPN_00707	39.4	165	99	1	4	167	4	168	2.19e-40	134
QMW87563.1	iSynCJ816.SGL_RS08960	43.7	167	89	2	1	164	1	165	1.84e-40	134
QMW87563.1	iML1515.b0684	39.0	164	99	1	5	167	5	168	4.40e-40	133
QMW87563.1	iSbBS512_1146.SbBS512_E0566	39.0	164	99	1	5	167	44	207	1.31e-39	133
QMW87563.1	iSDY_1059.SDY_0624	39.0	164	99	1	5	167	5	168	4.40e-40	133
QMW87563.1	iSSON_1240.SSON_0638	39.0	164	99	1	5	167	5	168	4.40e-40	133
QMW87563.1	STM_v1_0.STM0694	39.6	164	98	1	5	167	5	168	1.25e-39	132
QMW87563.1	iSF_1195.SF0609	37.8	164	101	1	5	167	5	168	8.07e-38	127
QMW87564.1	iCN900.CD630_08410	79.3	391	81	0	1	391	1	391	9.63e-231	634
QMW87568.1	iYO844.BSU40850	40.4	109	59	3	89	194	77	182	1.05e-15	71.6
QMW87568.1	iNF517.LLMG_RS08595	40.2	92	51	1	103	194	71	158	3.42e-15	69.7
QMW87568.1	iYS854.USA300HOU_RS07115	58.9	56	23	0	139	194	163	218	9.20e-14	67.4
QMW87568.1	iYL1228.KPN_00440	40.2	92	51	2	104	194	93	181	8.27e-14	66.6
QMW87568.1	iML1515.b2033	36.3	124	68	3	89	205	76	195	1.31e-13	66.2
QMW87570.1	STM_v1_0.STM2082	34.1	264	122	7	124	385	261	474	2.31e-29	118
QMW87571.1	iAF987.Gmet_0069	33.6	122	73	2	1	117	1	119	5.33e-16	71.6
QMW87573.1	iPC815.YPO2161	46.7	347	168	6	3	344	1	335	7.93e-97	290
QMW87573.1	iSDY_1059.SDY_1506	45.5	343	178	4	3	344	1	335	3.63e-95	286
QMW87573.1	iML1515.b1767	45.5	343	178	4	3	344	1	335	1.46e-94	284
QMW87573.1	iSSON_1240.SSON_1388	45.5	343	178	4	3	344	1	335	1.46e-94	284
QMW87573.1	iSbBS512_1146.SbBS512_E2022	45.5	343	178	4	3	344	1	335	2.06e-94	284
QMW87573.1	STM_v1_0.STM1294	45.8	343	177	4	3	344	1	335	8.28e-94	282
QMW87573.1	iSF_1195.SF1456	44.9	343	180	4	3	344	1	335	6.66e-93	280
QMW87573.1	iYL1228.KPN_01203	44.9	345	177	5	3	344	1	335	3.56e-90	273
QMW87574.1	iHN637.CLJU_RS07905	35.5	262	157	6	1	256	1	256	7.82e-51	166
QMW87574.1	iAF692.Mbar_A3623	38.3	248	142	5	12	256	17	256	2.33e-50	165
QMW87574.1	iMM904.YGL026C	36.4	239	147	3	3	237	4	241	3.75e-45	160
QMW87574.1	iAF987.Gmet_2477	35.1	248	156	3	1	245	1	246	6.80e-48	159
QMW87575.1	iLJ478.TM0139	36.7	207	117	7	7	206	4	203	2.93e-35	123
QMW87576.1	iAF987.Gmet_2494	43.1	260	142	3	3	256	6	265	5.69e-59	187
QMW87576.1	iHN637.CLJU_RS07890	40.0	255	150	3	4	257	2	254	2.90e-54	175
QMW87576.1	iJN1463.PP_0422	39.5	256	149	2	4	253	6	261	1.57e-52	171
QMW87577.1	iAF987.Gmet_2495	35.7	350	204	6	1	331	2	349	4.88e-55	182
QMW87577.1	iAF692.Mbar_A3624	34.4	331	209	4	1	326	1	328	1.57e-53	179
QMW87577.1	iLJ478.TM0141	31.1	328	222	1	5	328	254	581	9.29e-49	171
QMW87577.1	iLB1027_lipid.PHATRDRAFT_28937	36.1	332	195	7	14	330	18	347	6.65e-49	167
QMW87577.1	iLB1027_lipid.PHATRDRAFT_14230	36.1	332	195	7	14	330	18	347	6.65e-49	167
QMW87578.1	iHN637.CLJU_RS07880	50.8	187	87	4	3	186	2	186	8.86e-61	187
QMW87578.1	iSynCJ816.SGL_RS13880	47.9	192	91	4	3	186	2	192	2.02e-58	181
QMW87578.1	iLJ478.TM0141	47.6	189	95	3	2	187	46	233	4.13e-54	180
QMW87578.1	iAF987.Gmet_2496	49.5	186	90	3	3	186	2	185	7.53e-57	177
QMW87578.1	iSDY_1059.SDY_3522	48.1	187	93	3	3	187	2	186	4.05e-56	175
QMW87578.1	iJN1463.PP_0420	45.9	194	94	5	3	188	2	192	1.11e-55	174
QMW87578.1	iSF_1195.SF3379	47.6	187	94	3	3	187	2	186	8.13e-56	174
QMW87578.1	iSSON_1240.SSON_3491	47.6	187	94	3	3	187	2	186	8.13e-56	174
QMW87578.1	iML1515.b3360	47.6	187	94	3	3	187	2	186	1.15e-55	174
QMW87578.1	iSbBS512_1146.SbBS512_E3736	47.6	187	94	3	3	187	2	186	4.65e-55	172
QMW87578.1	STM_v1_0.STM3469	47.8	186	93	3	3	186	2	185	9.35e-55	171
QMW87578.1	iYL1228.KPN_03746	46.8	186	95	3	3	186	2	185	1.07e-53	169
QMW87579.1	iLJ478.TM0142	36.7	466	266	9	9	463	6	453	2.26e-84	266
QMW87579.1	iAF987.Gmet_2497	36.5	474	270	9	11	463	23	486	1.55e-78	252
QMW87579.1	iCN718.ABAYE_RS17400	35.5	485	270	11	11	465	22	493	7.65e-77	248
QMW87579.1	iJN1463.PP_0417	34.2	474	282	8	12	463	22	487	6.16e-74	240
QMW87580.1	iLJ478.TM0138	60.9	381	146	3	10	390	3	380	2.93e-164	465
QMW87580.1	iHN637.CLJU_RS07900	56.6	385	163	3	9	390	2	385	2.50e-151	432
QMW87580.1	iAF987.Gmet_2482	56.7	386	163	3	5	387	3	387	3.95e-149	427
QMW87580.1	iCN718.ABAYE_RS03585	54.9	384	169	3	7	387	15	397	2.02e-147	423
QMW87582.1	iJN1463.PP_2492	52.2	385	180	3	1	381	1	385	7.40e-131	380
QMW87582.1	iML1515.b3011	50.5	386	185	4	1	380	1	386	5.96e-128	372
QMW87583.1	iAF987.Gmet_0043	27.7	242	162	7	303	533	27	266	1.45e-16	82.4
QMW87585.1	iJN1463.PP_3931	35.8	609	373	7	8	614	12	604	5.29e-112	348
QMW87586.1	iAF987.Gmet_0880	26.7	307	201	6	1	288	1	302	1.32e-21	94.4
QMW87587.1	STM_v1_0.STM2501	40.4	671	366	11	12	664	7	661	3.51e-170	503
QMW87587.1	iYL1228.KPN_02826	39.6	671	369	10	12	664	7	659	4.66e-170	503
QMW87587.1	iSF_1195.SF2545	39.0	694	391	12	12	685	7	688	3.94e-169	501
QMW87587.1	iSDY_1059.SDY_2690	39.0	694	391	12	12	685	7	688	5.57e-169	500
QMW87587.1	iML1515.b2501	39.0	694	391	12	12	685	7	688	7.87e-169	500
QMW87587.1	iSbBS512_1146.SbBS512_E2875	39.0	694	391	12	12	685	7	688	7.87e-169	500
QMW87587.1	iSSON_1240.SSON_2583	39.0	694	391	12	12	685	7	688	1.11e-168	499
QMW87587.1	iPC815.YPO2836	38.7	698	386	13	12	685	7	686	3.41e-167	496
QMW87589.1	iSynCJ816.SGL_RS11925	43.7	718	370	9	26	729	27	724	1.07e-196	573
QMW87590.1	iLJ478.TM0402	51.5	427	174	6	69	484	22	426	2.09e-136	400
QMW87590.1	iSynCJ816.SGL_RS15695	48.7	433	192	7	63	484	73	486	3.67e-128	381
QMW87593.1	iAF987.Gmet_0213	60.2	407	161	1	1	407	1	406	6.10e-185	519
QMW87593.1	iSynCJ816.SGL_RS15455	58.3	410	170	1	1	410	1	409	1.87e-184	518
QMW87593.1	iHN637.CLJU_RS07005	57.0	407	170	1	1	407	1	402	1.59e-176	498
QMW87594.1	iAF987.Gmet_2992	48.9	280	123	5	5	266	1	278	8.53e-83	249
QMW87594.1	iYO844.BSU32170	48.0	279	121	6	6	263	5	280	1.10e-78	239
QMW87595.1	iYL1228.KPN_04282	30.7	88	56	2	12	95	19	105	1.23e-08	48.1
QMW87595.1	iML1515.b3781	29.5	88	57	2	12	95	19	105	4.85e-08	46.6
QMW87595.1	STM_v1_0.STM3915	29.5	88	57	2	12	95	19	105	4.85e-08	46.6
QMW87595.1	iSbBS512_1146.SbBS512_E4140	29.5	88	57	2	12	95	19	105	4.85e-08	46.6
QMW87595.1	iSDY_1059.SDY_3968	29.5	88	57	2	12	95	37	123	6.70e-08	46.6
QMW87595.1	iSF_1195.SF3854	29.5	88	57	2	12	95	37	123	6.70e-08	46.6
QMW87595.1	iSSON_1240.SSON_3952	29.5	88	57	2	12	95	37	123	6.70e-08	46.6
QMW87596.1	iYL1228.KPN_00695	65.5	554	190	1	1	554	1	553	1.63e-275	761
QMW87596.1	iML1515.b0674	65.3	554	191	1	1	554	1	553	3.11e-273	755
QMW87596.1	iSDY_1059.SDY_0608	65.2	554	192	1	1	554	1	553	8.88e-273	754
QMW87596.1	iSSON_1240.SSON_0627	64.8	554	194	1	1	554	1	553	1.46e-271	751
QMW87596.1	iSbBS512_1146.SbBS512_E0577	64.8	554	194	1	1	554	1	553	2.07e-271	750
QMW87596.1	STM_v1_0.STM0680	64.8	554	194	1	1	554	1	553	1.19e-270	748
QMW87596.1	iPC815.YPO2623	65.2	554	192	1	1	554	1	553	6.50e-268	741
QMW87597.1	iHN637.CLJU_RS08535	45.5	473	227	6	1	445	1	470	4.83e-143	417
QMW87597.1	iEK1008.Rv3858c	44.0	477	229	9	1	445	1	471	1.45e-131	388
QMW87598.1	iHN637.CLJU_RS08530	54.0	1519	655	13	20	1519	8	1501	0.0	1517
QMW87598.1	iSynCJ816.SGL_RS04160	49.7	1515	721	16	20	1518	28	1517	0.0	1405
QMW87599.1	iAF987.Gmet_1487	52.3	618	282	6	1	614	1	609	1.56e-213	608
QMW87599.1	iAF987.Gmet_0104	51.2	617	290	5	1	614	1	609	7.11e-207	591
QMW87599.1	iHN637.CLJU_RS19905	47.7	614	315	4	1	614	1	608	1.87e-196	564
QMW87599.1	iCN900.CD630_01200	47.5	615	317	4	1	614	1	610	3.23e-195	561
QMW87600.1	iJN1463.PP_2000	26.8	492	270	17	36	519	17	426	2.65e-29	121
QMW87600.1	iCN718.ABAYE_RS06820	27.9	433	247	15	97	519	51	428	5.35e-29	120
QMW87600.1	iPC815.YPO2772	24.3	518	286	16	39	535	21	453	4.10e-27	115
QMW87600.1	STM_v1_0.STM2362	24.7	554	289	19	8	535	2	453	5.49e-27	114
QMW87600.1	iML1515.b2312	24.5	554	290	19	8	535	2	453	3.17e-26	112
QMW87600.1	iYL1228.KPN_02702	23.5	549	302	16	8	535	2	453	3.17e-26	112
QMW87600.1	iSbBS512_1146.SbBS512_E2690	24.5	554	290	19	8	535	2	453	3.17e-26	112
QMW87600.1	iSF_1195.SF2388	24.5	554	290	19	8	535	2	453	3.17e-26	112
QMW87600.1	iSSON_1240.SSON_2370	24.5	554	290	19	8	535	2	453	3.17e-26	112
QMW87600.1	iSDY_1059.SDY_2511	24.4	554	291	19	8	535	2	453	1.82e-25	110
QMW87601.1	iMM904.YJL130C	46.4	399	192	4	2	388	20	408	1.21e-114	367
QMW87601.1	iAT_PLT_636.1373	44.7	385	178	5	6	388	54	405	1.12e-110	353
QMW87601.1	iCHOv1.100760467	45.2	385	176	5	6	388	48	399	1.48e-110	353
QMW87601.1	iMM1415.227231	44.5	389	181	5	2	388	44	399	3.88e-110	352
QMW87601.1	iLB1027_lipid.PHATRDRAFT_24195	49.2	380	160	6	15	388	2	354	2.79e-109	349
QMW87601.1	iMM904.YOR303W	47.1	391	168	8	4	385	8	368	9.13e-117	345
QMW87601.1	iMM1415.69719	44.0	386	186	6	4	388	81	437	6.36e-104	336
QMW87601.1	iCHOv1.100689232	43.8	386	187	6	4	388	2	358	4.02e-103	334
QMW87602.1	iMM904.YJL130C	57.4	1072	431	9	6	1067	439	1494	0.0	1187
QMW87602.1	iCHOv1.100689232	56.3	1064	435	9	6	1057	394	1439	0.0	1157
QMW87602.1	iMM1415.69719	56.5	1064	433	10	6	1057	473	1518	0.0	1156
QMW87602.1	iLB1027_lipid.PHATRDRAFT_24195	55.5	1075	440	13	2	1057	371	1426	0.0	1145
QMW87602.1	iCHOv1.100760467	53.3	1088	475	13	5	1074	422	1494	0.0	1113
QMW87602.1	iMM1415.227231	53.2	1088	476	13	5	1074	422	1494	0.0	1112
QMW87602.1	iAT_PLT_636.1373	53.9	1072	458	13	5	1057	428	1482	0.0	1104
QMW87602.1	iMM904.YJR109C	52.5	1098	485	12	3	1074	26	1112	0.0	1100
QMW87603.1	iCN900.CD630_27790	36.5	342	213	4	8	348	6	344	4.75e-82	253
QMW87606.1	iCN900.CD630_16140	39.7	224	134	1	260	482	37	260	1.92e-46	162
QMW87606.1	iYO844.BSU35940	27.7	476	309	14	8	455	3	471	1.62e-38	146
QMW87608.1	iJN1463.PP_2667	26.7	210	148	4	152	357	39	246	1.26e-08	55.1
QMW87610.1	iSF_1195.SF2720	31.4	121	82	1	19	138	564	684	3.60e-14	68.6
QMW87610.1	iSDY_1059.SDY_2893	31.4	121	82	1	19	138	564	684	4.89e-14	68.2
QMW87610.1	iSSON_1240.SSON_2841	31.4	121	82	1	19	138	564	684	4.89e-14	68.2
QMW87610.1	iLJ478.TM1396	32.8	125	79	3	19	140	561	683	6.65e-14	67.8
QMW87610.1	iSbBS512_1146.SbBS512_E3180	30.6	121	83	1	19	138	564	684	1.68e-13	66.6
QMW87610.1	STM_v1_0.STM2827	28.9	121	85	1	19	138	564	684	5.75e-13	65.1
QMW87610.1	iCN900.CD630_12820	28.9	121	85	1	19	138	566	686	3.64e-12	62.8
QMW87610.1	iYS854.USA300HOU_RS08615	26.9	134	97	1	6	138	552	685	6.73e-12	62.0
QMW87617.1	iAF987.Gmet_1825	57.4	430	182	1	3	431	4	433	5.24e-181	511
QMW87617.1	iAF987.Gmet_1818	55.0	431	194	0	2	432	3	433	7.68e-173	490
QMW87617.1	iAF692.Mbar_A0211	54.1	431	196	2	3	432	5	434	7.56e-166	473
QMW87618.1	iAF692.Mbar_A0210	34.8	138	89	1	2	138	5	142	1.55e-26	96.7
QMW87624.1	iCN900.CD630_31950	31.6	960	469	16	7	935	4	806	1.07e-158	486
QMW87626.1	iML1515.b1634	25.1	462	292	14	4	459	18	431	7.31e-37	142
QMW87626.1	iSbBS512_1146.SbBS512_E1824	25.1	462	292	14	4	459	18	431	7.31e-37	142
QMW87626.1	iSDY_1059.SDY_1857	25.3	462	291	14	4	459	18	431	7.31e-37	142
QMW87626.1	iSSON_1240.SSON_1524	25.1	462	292	14	4	459	18	431	7.31e-37	142
QMW87626.1	iSF_1195.SF1659	25.3	462	291	14	4	459	18	431	1.00e-36	141
QMW87626.1	iML1515.b3496	24.9	510	332	11	4	501	11	481	7.81e-36	139
QMW87626.1	iSbBS512_1146.SbBS512_E3826	24.9	510	332	11	4	501	11	481	1.46e-35	138
QMW87626.1	iSDY_1059.SDY_3566	26.0	447	291	8	4	449	11	418	5.24e-36	138
QMW87626.1	iSSON_1240.SSON_3731	24.7	510	333	10	4	501	11	481	1.46e-35	138
QMW87626.1	iYS854.USA300HOU_RS03930	25.7	475	280	13	2	451	19	445	2.06e-34	135
QMW87630.1	iYL1228.KPN_04585	24.9	193	124	7	112	289	96	282	5.08e-07	50.4
QMW87630.1	iML1515.b4192	24.9	193	124	7	112	289	96	282	3.79e-06	47.8
QMW87630.1	iSbBS512_1146.SbBS512_E4722	24.9	193	124	7	112	289	96	282	3.79e-06	47.8
QMW87630.1	iSDY_1059.SDY_4361	24.9	193	124	7	112	289	73	259	3.57e-06	47.8
QMW87630.1	iSF_1195.SF4347	24.9	193	124	7	112	289	98	284	3.80e-06	47.8
QMW87630.1	iSSON_1240.SSON_4374	24.9	193	124	7	112	289	98	284	3.80e-06	47.8
QMW87630.1	STM_v1_0.STM4382	23.8	193	126	7	112	289	96	282	2.11e-05	45.4
QMW87633.1	iML1515.b1985	20.3	202	157	3	7	205	39	239	3.21e-05	45.8
QMW87635.1	iHN637.CLJU_RS01075	56.1	535	230	4	3	535	2	533	7.01e-211	595
QMW87635.1	iYO844.BSU37150	53.6	532	242	4	4	533	2	530	1.57e-207	587
QMW87635.1	iYS854.USA300HOU_RS11480	51.9	536	254	3	4	537	2	535	5.76e-203	575
QMW87635.1	iAF987.Gmet_1276	53.4	534	243	5	3	534	2	531	3.80e-199	565
QMW87635.1	iNF517.LLMG_RS02375	49.3	537	266	5	3	536	2	535	5.19e-191	545
QMW87635.1	iJN1463.PP_1610	51.4	541	245	7	4	532	2	536	3.51e-188	538
QMW87643.1	iCN718.ABAYE_RS18875	38.6	464	269	5	159	616	149	602	5.03e-95	305
QMW87643.1	iJN1463.PP_1805	39.0	449	246	8	161	588	189	630	2.62e-84	278
QMW87644.1	iSbBS512_1146.SbBS512_E1203	56.6	433	143	7	6	438	1	388	4.76e-162	461
QMW87644.1	STM_v1_0.STM2080	55.2	433	149	6	6	438	1	388	1.57e-160	457
QMW87644.1	iYL1228.KPN_02493	57.0	433	141	7	6	438	1	388	2.22e-160	457
QMW87644.1	iSSON_1240.SSON_2099	55.2	433	149	6	6	438	1	388	2.08e-158	452
QMW87644.1	iML1515.b2028	55.2	433	149	6	6	438	1	388	4.19e-158	451
QMW87644.1	iSDY_1059.SDY_2213	54.7	433	151	6	6	438	1	388	3.40e-157	449
QMW87644.1	iNF517.LLMG_RS08135	53.9	432	154	5	7	438	3	389	9.45e-150	430
QMW87645.1	iSbBS512_1146.SbBS512_E1204	53.5	344	140	4	14	351	4	333	3.75e-124	360
QMW87645.1	iAF987.Gmet_2330	52.9	344	143	5	13	350	4	334	1.87e-122	355
QMW87645.1	iYL1228.KPN_02492	53.5	344	140	5	14	351	4	333	2.31e-120	350
QMW87646.1	iSF_1195.SF3860	57.8	379	148	5	4	381	16	383	6.34e-149	427
QMW87646.1	iML1515.b3786	57.5	379	149	5	4	381	2	369	1.58e-148	425
QMW87646.1	iSDY_1059.SDY_3962	57.3	379	150	5	4	381	16	383	7.30e-148	424
QMW87646.1	iSSON_1240.SSON_3958	57.3	379	150	5	4	381	16	383	7.30e-148	424
QMW87646.1	iSbBS512_1146.SbBS512_E4135	57.3	379	150	5	4	381	2	369	9.06e-148	423
QMW87646.1	iAF987.Gmet_1489	55.9	379	158	4	6	383	1	371	6.39e-147	421
QMW87646.1	iPC815.YPO3864	56.7	381	149	7	4	381	2	369	6.90e-145	416
QMW87646.1	iJN1463.PP_1811	56.1	383	155	4	1	382	1	371	1.59e-144	415
QMW87646.1	STM_v1_0.STM3920	55.7	379	156	4	4	381	2	369	7.43e-142	408
QMW87646.1	iYL1228.KPN_04286	57.2	369	146	5	18	385	1	358	3.60e-141	406
QMW87647.1	iYS854.USA300HOU_RS00870	42.4	403	219	5	2	398	3	398	2.37e-116	345
QMW87649.1	iYO844.BSU35600	24.0	275	204	4	4	275	3	275	2.53e-20	93.2
QMW87651.1	iHN637.CLJU_RS19350	35.4	113	63	4	74	182	66	172	9.49e-13	63.5
QMW87652.1	iYO844.BSU35590	25.9	352	243	9	1	343	1	343	1.22e-21	95.1
QMW87654.1	iYS854.USA300HOU_RS02965	24.2	132	91	5	247	375	353	478	2.50e-04	42.7
QMW87655.1	iML1515.b2047	36.8	193	106	4	1	189	273	453	2.82e-32	120
QMW87656.1	iAF987.Gmet_0886	31.3	415	240	7	12	421	8	382	5.46e-54	184
QMW87656.1	iML1515.b2253	30.4	408	235	8	12	414	7	370	4.11e-49	171
QMW87656.1	iSSON_1240.SSON_2314	30.4	408	235	8	12	414	18	381	3.94e-48	168
QMW87656.1	STM_v1_0.STM2297	30.4	408	235	9	12	414	13	376	3.64e-47	166
QMW87661.1	iHN637.CLJU_RS05595	43.6	250	137	2	1	250	1	246	1.25e-42	147
QMW87662.1	iHN637.CLJU_RS05570	46.1	453	224	8	1	444	1	442	7.49e-121	359
QMW87663.1	iHN637.CLJU_RS05575	41.7	331	175	7	2	324	8	328	1.31e-72	227
QMW87664.1	iHN637.CLJU_RS05585	49.2	189	95	1	2	189	3	191	5.64e-61	188
QMW87665.1	iHN637.CLJU_RS05590	46.0	189	102	0	2	190	3	191	2.25e-52	166
QMW87665.1	iYL1228.KPN_00243	46.4	194	98	1	2	189	3	196	7.87e-49	157
QMW87666.1	iCHOv1.100759306	49.0	341	164	3	1	335	17	353	1.15e-112	331
QMW87666.1	iYO844.BSU38860	50.8	331	158	3	5	335	3	328	7.14e-113	331
QMW87666.1	iAT_PLT_636.2582	49.0	341	164	3	1	335	1	337	1.93e-112	330
QMW87666.1	iMM1415.74246	49.3	339	162	3	3	335	2	336	1.87e-112	330
QMW87666.1	iCN900.CD630_27140	49.5	331	162	3	5	335	3	328	2.50e-110	324
QMW87666.1	iMM904.YBR019C	47.3	336	169	5	5	334	14	347	8.41e-99	306
QMW87666.1	iPC815.YPO1139	45.0	333	179	2	5	337	3	331	8.73e-101	300
QMW87666.1	STM_v1_0.STM0776	44.0	332	182	2	4	335	2	329	4.98e-100	298
QMW87667.1	iCN900.CD630_35660	34.9	255	154	4	7	253	10	260	6.26e-40	140
QMW87669.1	iNF517.LLMG_RS11025	36.9	833	477	19	1	820	1	797	6.48e-146	448
QMW87669.1	iAF987.Gmet_1416	34.5	823	514	11	1	820	1	801	1.11e-144	445
QMW87669.1	iSF_1195.SF1518	34.5	838	487	23	1	820	1	794	1.27e-136	424
QMW87669.1	iSbBS512_1146.SbBS512_E1955	34.5	838	487	23	1	820	1	794	1.79e-136	424
QMW87669.1	iSSON_1240.SSON_1445	34.5	838	487	23	1	820	1	794	1.79e-136	424
QMW87669.1	STM_v1_0.STM1338	34.7	833	492	20	1	820	1	794	2.52e-136	423
QMW87669.1	iPC815.YPO2428	34.8	833	491	21	1	820	1	794	3.53e-136	423
QMW87669.1	iSDY_1059.SDY_1808	34.2	838	489	23	1	820	1	794	2.08e-134	418
QMW87669.1	iYL1228.KPN_02175	34.4	834	493	23	1	820	1	794	2.93e-134	418
QMW87669.1	iCN718.ABAYE_RS15755	33.9	824	508	19	1	820	1	791	3.45e-131	410
QMW87674.1	iSynCJ816.SGL_RS17200	25.8	519	247	16	5	399	9	513	1.38e-23	105
QMW87674.1	iEK1008.Rv0684	23.6	492	239	13	1	369	10	487	2.45e-23	104
QMW87674.1	iSynCJ816.SGL_RS10930	23.2	491	237	14	1	369	7	479	7.14e-22	99.8
QMW87676.1	iML1515.b0019	41.3	431	201	5	4	431	1	382	1.18e-91	282
QMW87676.1	iSbBS512_1146.SbBS512_E0019	41.1	431	202	5	4	431	1	382	1.18e-91	282
QMW87676.1	iSSON_1240.SSON_0021	41.1	431	202	5	4	431	1	382	1.18e-91	282
QMW87676.1	iSF_1195.SF0016	41.3	431	201	5	4	431	1	382	3.34e-91	281
QMW87676.1	iSDY_1059.SDY_0018	40.8	431	203	5	4	431	1	382	1.33e-90	279
QMW87676.1	iYL1228.KPN_00016	39.8	427	205	5	7	430	8	385	7.28e-89	275
QMW87676.1	STM_v1_0.STM0039	40.5	430	204	5	4	430	1	381	8.33e-89	275
QMW87676.1	iIT341.HP1552	41.3	426	237	7	6	429	13	427	5.13e-88	274
QMW87676.1	iPC815.YPO0470	39.3	433	212	4	8	438	6	389	1.99e-88	274
QMW87676.1	iJN1463.PP_1132	38.4	422	210	4	9	428	13	386	2.64e-83	261
QMW87680.1	iSynCJ816.SGL_RS14865	52.1	240	114	1	44	283	12	250	4.36e-88	262
QMW87684.1	iCN900.CD630_10600	33.2	304	184	7	11	305	5	298	4.29e-40	141
QMW87684.1	iNF517.LLMG_RS07670	32.1	274	179	3	34	301	20	292	1.21e-39	140
QMW87684.1	iSDY_1059.SDY_2837	32.9	292	176	4	28	302	20	308	1.38e-34	127
QMW87685.1	iAF987.Gmet_2940	60.9	910	324	8	1	904	1	884	0.0	1054
QMW87685.1	iLJ478.TM0272	58.1	909	346	8	1	905	1	878	0.0	1002
QMW87685.1	iHN637.CLJU_RS04010	57.2	904	352	5	3	905	4	873	0.0	993
QMW87685.1	iCN900.CD630_24100	57.0	906	355	6	1	905	1	872	0.0	981
QMW87688.1	iAF987.Gmet_2935	26.3	137	89	4	44	172	54	186	1.90e-05	43.5
QMW87689.1	iEK1008.Rv3206c	46.3	229	105	3	2	219	22	243	5.71e-62	198
QMW87689.1	iAF987.Gmet_1568	43.3	238	117	3	2	230	9	237	7.61e-63	196
QMW87689.1	iEK1008.Rv3116	46.8	222	102	3	2	215	21	234	1.83e-59	191
QMW87689.1	iAF987.Gmet_2855	41.8	225	128	2	2	224	9	232	5.25e-61	191
QMW87689.1	iLB1027_lipid.PHATRDRAFT_20318	40.8	245	121	5	2	230	61	297	2.61e-54	180
QMW87690.1	iPC815.YPO3743	48.5	367	185	4	2	367	5	368	5.36e-114	336
QMW87690.1	iSDY_1059.SDY_3737	47.1	367	190	4	2	367	4	367	6.33e-113	333
QMW87690.1	iSSON_1240.SSON_4162	47.1	367	190	4	2	367	4	367	6.33e-113	333
QMW87690.1	iML1515.b3990	47.1	367	190	4	2	367	4	367	8.96e-113	333
QMW87690.1	STM_v1_0.STM4159	46.9	367	191	4	2	367	4	367	1.80e-112	332
QMW87690.1	iSF_1195.SF4062	46.9	367	191	4	2	367	4	367	5.10e-112	331
QMW87690.1	iYL1228.KPN_04371	46.3	367	193	4	2	367	4	367	1.89e-109	325
QMW87691.1	iCN718.ABAYE_RS17505	63.9	571	184	5	8	561	28	593	4.55e-268	745
QMW87691.1	iJN1463.PP_4922	63.0	578	184	6	7	561	24	594	1.91e-267	743
QMW87691.1	iPC815.YPO3739	61.0	580	204	5	3	561	38	616	2.54e-264	738
QMW87691.1	iML1515.b3994	61.3	576	201	4	7	561	27	601	8.71e-265	737
QMW87691.1	iSSON_1240.SSON_4167	61.1	576	202	4	7	561	27	601	5.01e-264	735
QMW87691.1	iYO844.BSU08790	63.8	564	180	6	7	564	17	562	2.32e-264	734
QMW87691.1	iSF_1195.SF4066	61.1	576	202	4	7	561	27	601	1.01e-263	734
QMW87691.1	iSbBS512_1146.SbBS512_E4485	61.1	576	202	4	7	561	27	601	2.03e-263	733
QMW87691.1	STM_v1_0.STM4164	60.9	576	203	4	7	561	27	601	1.16e-262	731
QMW87691.1	iYL1228.KPN_04376	60.8	576	204	4	7	561	27	601	1.91e-261	728
QMW87691.1	iSDY_1059.SDY_3732	60.9	576	203	4	7	561	27	601	1.91e-261	728
QMW87692.1	iSSON_1240.SSON_4163	64.2	257	90	1	1	257	24	278	2.88e-110	318
QMW87692.1	iML1515.b3991	64.6	254	88	1	4	257	2	253	2.47e-110	318
QMW87692.1	iSbBS512_1146.SbBS512_E4481	64.6	254	88	1	4	257	2	253	7.07e-110	317
QMW87692.1	iSF_1195.SF4063	63.4	257	92	1	1	257	24	278	1.66e-109	317
QMW87692.1	iSDY_1059.SDY_3736	63.4	257	92	1	1	257	24	278	4.73e-109	315
QMW87692.1	iYL1228.KPN_04372	64.6	254	88	1	4	257	2	253	1.16e-108	313
QMW87692.1	STM_v1_0.STM4160	65.0	254	87	1	4	257	2	253	1.16e-108	313
QMW87692.1	iPC815.YPO3742	63.2	261	88	1	4	256	2	262	1.58e-107	311
QMW87693.1	iHN637.CLJU_RS16295	36.4	176	107	1	26	201	31	201	4.17e-35	122
QMW87693.1	iAF692.Mbar_A3318	35.9	184	112	3	23	206	38	215	1.82e-34	121
QMW87693.1	iSynCJ816.SGL_RS03970	38.3	180	105	2	23	202	162	335	2.97e-31	116
QMW87694.1	STM_v1_0.STM4161	28.8	66	47	0	1	66	1	66	5.66e-10	49.3
QMW87694.1	iSDY_1059.SDY_3735	25.8	66	49	0	1	66	1	66	1.62e-09	48.1
QMW87694.1	iML1515.b4407	25.8	66	49	0	1	66	1	66	6.55e-09	46.6
QMW87694.1	iYL1228.KPN_04373	30.3	66	46	0	1	66	1	66	6.55e-09	46.6
QMW87694.1	iSSON_1240.SSON_4164	25.8	66	49	0	1	66	1	66	6.55e-09	46.6
QMW87695.1	iAF987.Gmet_0043	28.4	243	160	5	420	651	27	266	1.12e-14	77.0
QMW87696.1	STM_v1_0.STM1431	49.7	193	95	2	13	205	1	191	3.36e-68	206
QMW87696.1	iML1515.b1656	48.7	193	97	2	13	205	1	191	9.58e-68	205
QMW87696.1	iSbBS512_1146.SbBS512_E1853	48.7	193	97	2	13	205	1	191	9.58e-68	205
QMW87696.1	iSDY_1059.SDY_1882	48.7	193	97	2	13	205	1	191	9.58e-68	205
QMW87696.1	iSF_1195.SF1684	48.7	193	97	2	13	205	1	191	9.58e-68	205
QMW87696.1	iSSON_1240.SSON_1500	48.7	193	97	2	13	205	1	191	9.58e-68	205
QMW87696.1	iJN1463.PP_0915	49.0	192	96	2	13	204	1	190	7.43e-66	201
QMW87696.1	iYL1228.KPN_01994	48.1	189	96	2	13	201	1	187	1.47e-64	197
QMW87696.1	iYO844.BSU25020	50.0	198	90	5	13	203	1	196	1.12e-63	195
QMW87696.1	iNF517.LLMG_RS02190	46.5	200	98	4	13	203	1	200	2.94e-62	192
QMW87696.1	iYS854.USA300HOU_RS08290	46.2	197	96	3	13	203	1	193	7.71e-61	188
QMW87696.1	iSynCJ816.SGL_RS09370	47.9	194	94	5	13	201	1	192	3.11e-60	186
QMW87711.1	iAF987.Gmet_1548	29.5	190	122	6	174	359	235	416	1.92e-10	61.6
QMW87712.1	iJN1463.PP_3426	23.4	1078	753	21	3	1035	5	1054	9.05e-54	204
QMW87712.1	iJN1463.PP_0043	22.0	1070	750	23	2	1020	6	1041	4.53e-51	195
QMW87712.1	iAF987.Gmet_3509	21.5	1023	751	24	23	1017	27	1025	1.75e-50	193
QMW87712.1	iJN1463.PP_1385	23.4	1052	740	22	1	1015	1	1023	1.32e-49	191
QMW87712.1	iJN1463.PP_2410	22.3	1076	741	28	1	1020	5	1041	6.75e-48	185
QMW87714.1	iML1515.b3266	18.4	1069	748	31	43	1068	36	1023	1.09e-15	82.0
QMW87714.1	iAF987.Gmet_1547	21.8	1094	671	38	58	1080	55	1035	1.12e-13	75.5
QMW87715.1	iML1515.b0046	31.2	170	107	5	8	171	2	167	1.72e-18	78.2
QMW87716.1	iAF987.Gmet_0903	45.8	373	199	3	8	379	14	384	1.80e-115	340
QMW87717.1	iCN900.CD630_10100	31.2	381	247	7	5	381	4	373	4.95e-53	180
QMW87717.1	iYS854.USA300HOU_RS03790	30.9	391	248	9	5	380	6	389	1.14e-50	174
QMW87717.1	iEK1008.Rv3332	34.1	346	198	9	52	378	49	383	9.54e-50	171
QMW87718.1	iCN900.CD630_10100	30.4	381	250	7	5	381	4	373	5.57e-57	190
QMW87718.1	iYS854.USA300HOU_RS03790	29.5	393	251	8	5	380	6	389	6.45e-50	172
QMW87719.1	iYL1228.KPN_04282	41.4	116	57	1	2	117	4	108	2.30e-23	86.7
QMW87719.1	iML1515.b3781	40.5	116	58	1	2	117	4	108	3.26e-23	86.3
QMW87719.1	STM_v1_0.STM3915	40.5	116	58	1	2	117	4	108	3.26e-23	86.3
QMW87719.1	iSbBS512_1146.SbBS512_E4140	40.5	116	58	1	2	117	4	108	3.26e-23	86.3
QMW87719.1	iSDY_1059.SDY_3968	40.5	116	58	1	2	117	22	126	5.27e-23	86.3
QMW87719.1	iSF_1195.SF3854	40.5	116	58	1	2	117	22	126	5.27e-23	86.3
QMW87719.1	iSSON_1240.SSON_3952	40.5	116	58	1	2	117	22	126	5.27e-23	86.3
QMW87719.1	iIT341.HP0824	43.5	115	50	4	4	117	5	105	8.54e-23	85.1
QMW87719.1	iPC815.YPO3868	40.5	116	58	1	2	117	4	108	7.28e-22	82.8
QMW87720.1	iAF987.Gmet_3507	25.4	409	276	9	1	390	1	399	2.01e-12	68.2
QMW87720.1	iJN1463.PP_0045	23.0	383	258	9	13	383	26	383	1.08e-11	65.9
QMW87721.1	iAF987.Gmet_3508	28.0	300	205	3	71	361	100	397	7.52e-34	129
QMW87722.1	iAF987.Gmet_3509	36.6	1032	622	8	5	1018	2	1019	5.38e-234	691
QMW87723.1	iAF987.Gmet_0043	24.8	250	163	6	213	442	20	264	1.24e-11	66.2
QMW87724.1	iAF987.Gmet_1706	36.9	149	89	3	24	171	2	146	6.09e-21	89.4
QMW87726.1	iAF987.Gmet_1469	28.4	613	359	15	8	552	5	605	2.45e-64	220
QMW87727.1	iCN900.CD630_36160	39.1	478	273	6	9	482	5	468	1.08e-101	312
QMW87727.1	iJN1463.PP_5066	38.6	477	277	6	4	476	22	486	2.59e-92	292
QMW87728.1	iJN1463.PP_0745	50.2	402	183	2	10	394	11	412	1.46e-127	373
QMW87728.1	iLJ478.TM0819	48.7	386	197	1	10	394	14	399	5.41e-117	345
QMW87731.1	iAF987.Gmet_0069	46.2	39	21	0	80	118	77	115	4.12e-05	45.1
QMW87731.1	iAF987.Gmet_1914	29.8	57	40	0	65	121	57	113	2.21e-04	43.1
QMW87731.1	iAF987.Gmet_3476	26.3	99	69	2	68	162	69	167	2.15e-04	43.1
QMW87737.1	iYL1228.KPN_03021	25.8	182	117	3	10	180	9	183	1.76e-11	60.5
QMW87737.1	iYO844.BSU09240	26.4	231	122	8	8	211	4	213	1.83e-10	58.2
QMW87737.1	iEK1008.Rv3400	25.9	216	125	6	5	185	22	237	2.67e-10	58.2
QMW87737.1	STM_v1_0.STM2820	26.9	182	115	4	10	180	9	183	8.28e-10	55.8
QMW87737.1	iML1515.b2690	26.7	176	123	4	10	180	9	183	1.14e-09	55.5
QMW87737.1	iSDY_1059.SDY_2887	26.1	180	119	3	10	180	9	183	1.14e-09	55.5
QMW87737.1	iSSON_1240.SSON_2834	26.7	176	123	4	10	180	9	183	1.14e-09	55.5
QMW87737.1	iSynCJ816.SGL_RS06685	24.3	235	145	7	8	210	4	237	3.92e-09	54.7
QMW87738.1	iAF987.Gmet_1642	48.5	260	134	0	10	269	3	262	1.63e-88	263
QMW87738.1	iCN900.CD630_15130	46.0	263	142	0	11	273	2	264	3.90e-81	245
QMW87740.1	iCN900.CD630_27440	35.1	676	402	16	84	737	72	732	5.05e-125	389
QMW87740.1	iYO844.BSU27600	32.4	722	450	17	36	737	28	731	5.74e-123	384
QMW87740.1	iHN637.CLJU_RS16615	32.0	727	459	14	31	737	11	722	4.03e-120	376
QMW87740.1	iYS854.USA300HOU_RS08695	32.6	721	444	14	36	737	29	726	3.46e-114	361
QMW87740.1	iAF987.Gmet_2325	32.9	717	448	14	32	737	19	713	9.59e-114	359
QMW87744.1	iSynCJ816.SGL_RS08220	58.7	383	152	4	5	387	12	388	6.23e-143	411
QMW87744.1	iAF987.Gmet_3193	53.2	385	173	5	3	387	12	389	9.75e-130	377
QMW87744.1	iYO844.BSU02230	53.4	386	169	6	2	385	5	381	3.96e-127	370
QMW87749.1	iMM904.YJR121W	64.4	500	147	5	4	503	42	510	6.55e-217	608
QMW87749.1	iMM1415.11947	65.2	497	142	5	6	502	61	526	1.55e-212	598
QMW87749.1	iAT_PLT_636.506	65.2	497	142	5	6	502	61	526	3.12e-212	597
QMW87749.1	iCHOv1.100763024	65.0	497	143	5	6	502	66	531	1.06e-211	596
QMW87749.1	iAF987.Gmet_3406	63.8	503	143	5	1	499	1	468	1.56e-212	595
QMW87749.1	iCN900.CD630_34680	64.3	493	141	5	5	497	4	461	1.78e-212	595
QMW87749.1	iAM_Pv461.PVX_100735	63.9	501	158	5	2	502	68	545	5.50e-210	592
QMW87749.1	iAM_Pf480.PF3D7_1235700	64.1	498	156	5	5	502	59	533	2.07e-209	590
QMW87749.1	iAM_Pc455.PCYB_146140	63.9	498	157	5	5	502	35	509	1.27e-209	590
QMW87749.1	iHN637.CLJU_RS01190	63.4	495	144	4	5	499	4	461	4.79e-210	589
QMW87749.1	iAM_Pb448.PBANKA_145030	62.7	498	163	5	5	502	58	532	1.28e-207	585
QMW87749.1	iLJ478.TM1610	61.8	495	153	4	6	499	7	466	2.29e-204	575
QMW87749.1	iYO844.BSU36810	61.7	501	150	5	6	499	4	469	3.16e-203	572
QMW87749.1	iLB1027_lipid.PHATRDRAFT_54086	62.6	495	155	7	6	495	26	495	7.98e-201	567
QMW87749.1	iML1515.b3732	61.7	494	152	5	6	499	4	460	6.18e-200	563
QMW87749.1	STM_v1_0.STM3865	61.7	494	152	5	6	499	4	460	6.18e-200	563
QMW87749.1	iSbBS512_1146.SbBS512_E4189	61.7	494	152	5	6	499	4	460	6.18e-200	563
QMW87749.1	iSF_1195.SF3812	61.7	494	152	5	6	499	4	460	6.18e-200	563
QMW87749.1	iSSON_1240.SSON_3887	61.7	494	152	5	6	499	4	460	6.18e-200	563
QMW87749.1	iYL1228.KPN_04137	61.3	494	154	5	6	499	4	460	2.50e-199	561
QMW87749.1	iSDY_1059.SDY_4016	61.5	494	153	5	6	499	4	460	5.03e-199	561
QMW87749.1	iPC815.YPO4121	61.3	494	154	5	6	499	4	460	7.13e-199	560
QMW87749.1	iSynCJ816.SGL_RS09705	60.5	501	166	4	5	501	10	482	4.59e-198	559
QMW87749.1	iNF517.LLMG_RS09735	60.0	498	161	7	6	499	4	467	9.21e-197	555
QMW87749.1	iYS854.USA300HOU_RS11360	60.8	497	156	7	5	497	3	464	1.92e-196	555
QMW87751.1	iAF987.Gmet_3359	30.6	196	104	7	166	356	53	221	1.55e-17	80.5
QMW87752.1	iHN637.CLJU_RS01165	46.3	67	33	1	21	84	13	79	1.27e-08	47.0
QMW87752.1	iYO844.BSU36860	46.9	64	34	0	21	84	6	69	1.99e-08	46.2
QMW87752.1	iSynCJ816.SGL_RS02695	39.7	68	41	0	17	84	9	76	2.03e-07	43.9
QMW87754.1	iMM904.YDR298C	24.6	175	128	2	10	180	36	210	1.97e-11	60.1
QMW87755.1	iLJ478.TM1612	58.4	519	185	7	5	517	3	496	1.55e-204	577
QMW87755.1	iAF987.Gmet_3408	55.9	524	204	6	5	526	3	501	5.14e-198	561
QMW87755.1	iHN637.CLJU_RS01180	56.4	518	198	4	4	517	2	495	2.01e-195	554
QMW87755.1	iYO844.BSU36830	55.1	515	203	6	5	516	3	492	5.00e-193	548
QMW87755.1	iMM1415.11946	56.3	513	202	4	8	517	49	542	4.11e-192	548
QMW87755.1	iIT341.HP1134	54.6	500	202	4	5	504	4	478	1.20e-191	545
QMW87755.1	iMM904.YBL099W	54.2	520	215	4	8	523	43	543	5.09e-191	545
QMW87755.1	iSynCJ816.SGL_RS02675	56.7	513	198	4	5	517	4	492	1.95e-190	541
QMW87755.1	iCHOv1.100770431	56.2	516	201	5	8	517	49	545	2.42e-189	541
QMW87755.1	iNF517.LLMG_RS09745	57.6	498	186	5	5	502	3	475	5.01e-190	540
QMW87755.1	iYS854.USA300HOU_RS11370	55.8	505	199	4	5	509	3	483	7.61e-190	540
QMW87755.1	iCN900.CD630_34700	55.6	514	204	3	4	517	2	491	4.67e-188	535
QMW87755.1	iEK1008.Rv1308	50.5	525	238	4	5	526	6	511	2.48e-182	523
QMW87756.1	iYO844.BSU36820	35.7	297	176	3	1	296	1	283	2.43e-52	172
QMW87756.1	iAF987.Gmet_3407	38.2	296	169	4	1	296	1	282	7.12e-48	161
QMW87756.1	iYS854.USA300HOU_RS11365	31.8	296	190	2	1	296	1	284	6.23e-46	156
QMW87756.1	iIT341.HP1133	33.7	303	186	4	1	295	1	296	1.22e-45	155
QMW87759.1	iML1515.b0874	30.3	175	107	6	31	203	136	297	4.08e-17	77.4
QMW87762.1	iHN637.CLJU_RS02625	33.6	247	153	5	52	297	48	284	3.60e-33	123
QMW87762.1	iHN637.CLJU_RS02740	29.4	296	193	8	4	297	3	284	3.66e-32	120
QMW87762.1	iAF692.Mbar_A0232	29.6	297	169	9	5	299	9	267	2.35e-30	115
QMW87762.1	iCHOv1.100772831	28.7	289	187	6	2	285	29	303	3.08e-29	113
QMW87762.1	iMM1415.108645	28.4	289	188	6	2	285	18	292	2.54e-29	113
QMW87767.1	iYO844.BSU30870	25.4	240	151	9	69	306	98	311	4.78e-13	68.6
QMW87769.1	iAF987.Gmet_1706	36.8	114	68	2	8	119	3	114	4.39e-16	75.5
QMW87769.1	iAF987.Gmet_0069	34.5	116	72	2	7	118	4	119	1.56e-13	68.2
QMW87771.1	iCN900.CD630_25150	48.9	519	263	2	36	553	16	533	9.28e-181	520
QMW87771.1	iHN637.CLJU_RS16400	48.3	518	267	1	36	553	19	535	2.52e-178	513
QMW87773.1	iNF517.LLMG_RS08030	50.9	556	269	3	1	554	1	554	6.09e-197	561
QMW87773.1	iYS854.USA300HOU_RS09195	51.9	547	258	3	3	548	5	547	9.90e-196	558
QMW87773.1	iCN900.CD630_07180	50.7	558	266	4	2	554	4	557	1.56e-195	558
QMW87773.1	iHN637.CLJU_RS18540	50.1	555	274	3	2	554	4	557	1.17e-192	550
QMW87773.1	iLJ478.TM1766	48.6	545	275	4	13	555	1	542	9.34e-183	525
QMW87774.1	iYS854.USA300HOU_RS11410	57.0	423	165	3	2	424	6	411	4.00e-166	472
QMW87774.1	iLJ478.TM0720	57.3	429	160	4	4	426	9	420	5.48e-165	470
QMW87774.1	iAF987.Gmet_1605	56.5	423	166	2	4	426	8	412	1.03e-164	469
QMW87774.1	iYO844.BSU36900	56.6	424	166	3	3	426	7	412	7.85e-162	461
QMW87774.1	iHN637.CLJU_RS05640	55.8	421	166	4	4	424	10	410	2.49e-160	457
QMW87774.1	iCN900.CD630_27260	55.1	425	169	3	2	426	7	409	1.16e-158	453
QMW87774.1	iJN1463.PP_0671	55.1	425	174	3	2	426	10	417	3.67e-158	452
QMW87774.1	iML1515.b2551	56.2	422	169	3	4	425	12	417	5.20e-158	452
QMW87774.1	iSbBS512_1146.SbBS512_E2916	56.2	422	169	3	4	425	12	417	5.20e-158	452
QMW87774.1	iSF_1195.SF2598	56.2	422	169	3	4	425	12	417	5.20e-158	452
QMW87774.1	iSDY_1059.SDY_2741	55.9	422	170	3	4	425	12	417	2.10e-157	450
QMW87774.1	iSSON_1240.SSON_2634	55.9	422	170	3	4	425	12	417	2.10e-157	450
QMW87774.1	STM_v1_0.STM2555	55.5	422	172	3	4	425	12	417	2.98e-157	450
QMW87774.1	iYL1228.KPN_02876	55.5	422	172	3	4	425	12	417	1.20e-156	448
QMW87774.1	iCN718.ABAYE_RS06300	54.7	422	175	2	4	425	11	416	4.87e-156	447
QMW87774.1	iSynCJ816.SGL_RS04690	56.5	421	166	3	4	424	13	416	4.52e-154	442
QMW87774.1	iJN1463.PP_0322	53.7	421	179	2	4	424	12	416	9.14e-154	441
QMW87774.1	iPC815.YPO2907	55.2	415	170	3	11	425	19	417	2.79e-150	432
QMW87776.1	iYL1228.KPN_04656	43.5	138	77	1	8	144	7	144	2.27e-36	122
QMW87776.1	STM_v1_0.STM4459	40.6	138	81	1	8	144	7	144	1.68e-33	115
QMW87776.1	iSDY_1059.SDY_4263	39.9	138	82	1	8	144	7	144	1.68e-33	115
QMW87776.1	iSF_1195.SF4246	40.6	138	81	1	8	144	7	144	3.37e-33	114
QMW87776.1	iPC815.YPO3589	40.6	138	81	1	8	144	7	144	3.47e-33	114
QMW87776.1	iML1515.b4244	39.9	138	82	1	8	144	7	144	9.56e-33	113
QMW87776.1	iSbBS512_1146.SbBS512_E4839	39.9	138	82	1	8	144	7	144	9.56e-33	113
QMW87776.1	iSSON_1240.SSON_4425	39.9	138	82	1	8	144	7	144	9.56e-33	113
QMW87777.1	iCN900.CD630_01840	53.1	305	137	4	1	302	2	303	1.44e-101	300
QMW87777.1	iPC815.YPO3588	53.4	305	137	5	3	304	7	309	3.92e-100	296
QMW87777.1	iYL1228.KPN_04657	53.3	304	137	5	4	304	8	309	2.24e-99	294
QMW87777.1	iML1515.b4245	52.8	301	137	5	4	301	8	306	5.16e-98	291
QMW87777.1	iSbBS512_1146.SbBS512_E4838	52.8	301	137	5	4	301	8	306	5.16e-98	291
QMW87777.1	iSDY_1059.SDY_4264	52.8	301	137	5	4	301	8	306	5.16e-98	291
QMW87777.1	iSF_1195.SF4245	52.8	301	137	5	4	301	8	306	5.16e-98	291
QMW87777.1	iSSON_1240.SSON_4426	52.8	301	137	5	4	301	8	306	5.16e-98	291
QMW87777.1	STM_v1_0.STM4460	52.3	304	140	5	4	304	8	309	5.91e-97	288
QMW87777.1	iAF692.Mbar_A1168	49.5	305	148	3	2	302	4	306	8.06e-94	280
QMW87777.1	iHN637.CLJU_RS17595	46.9	305	158	3	1	302	2	305	7.98e-91	272
QMW87778.1	iAF987.Gmet_0354	27.6	801	436	22	10	734	24	756	2.75e-79	271
QMW87778.1	iJN1463.PP_5084	27.1	774	434	17	35	738	34	747	2.94e-75	260
QMW87780.1	iAF987.Gmet_1275	45.7	256	122	6	1	246	1	249	8.57e-64	199
QMW87781.1	iAF987.Gmet_2529	23.0	422	301	9	15	423	40	450	1.25e-23	102
QMW87784.1	iCN900.CD630_28350	34.6	482	308	4	6	483	13	491	9.57e-85	269
QMW87784.1	iML1515.b1336	31.5	479	324	4	6	483	25	500	2.70e-78	253
QMW87791.1	iAF987.Gmet_0069	24.6	122	89	1	308	426	2	123	8.01e-07	50.8
QMW87796.1	iEK1008.Rv0125	23.6	191	115	7	13	180	73	255	1.88e-06	48.9
QMW87797.1	iHN637.CLJU_RS07875	27.6	330	211	11	21	329	151	473	8.78e-28	112
QMW87797.1	iCN718.ABAYE_RS15585	33.0	297	174	12	46	325	162	450	2.00e-27	111
QMW87797.1	iNF517.LLMG_RS05860	29.3	273	166	8	78	330	162	427	1.43e-24	103
QMW87797.1	iYO844.BSU00740	27.5	309	192	8	37	326	159	454	1.10e-24	103
QMW87797.1	iIT341.HP0293	30.7	257	156	7	82	320	96	348	2.25e-24	103
QMW87797.1	iYS854.USA300HOU_RS03855	28.2	323	199	10	29	327	66	379	2.44e-24	101
QMW87797.1	iHN637.CLJU_RS17715	32.8	259	153	10	81	324	189	441	6.12e-24	101
QMW87797.1	iYL1228.KPN_02328	33.2	214	126	7	123	325	235	442	6.21e-24	101
QMW87798.1	iYS854.USA300HOU_RS03860	27.4	179	113	7	3	169	2	175	1.95e-09	54.7
QMW87800.1	iCN900.CD630_25260	50.3	674	311	13	2	666	4	662	8.95e-232	659
QMW87800.1	iNF517.LLMG_RS00845	49.7	630	301	11	5	630	3	620	1.59e-214	614
QMW87802.1	iLJ478.TM1840	24.3	367	179	19	8	361	57	337	5.93e-15	77.4
QMW87803.1	iMM904.YML059C	28.6	238	156	8	15	241	1371	1605	1.67e-12	67.0
QMW87804.1	iML1515.b2205	31.0	200	108	9	301	484	11	196	9.09e-17	79.3
QMW87804.1	iSDY_1059.SDY_0873	31.0	200	108	9	301	484	11	196	9.09e-17	79.3
QMW87804.1	iSF_1195.SF2289	31.0	200	108	9	301	484	11	196	9.09e-17	79.3
QMW87804.1	iSSON_1240.SSON_2263	31.0	200	108	9	301	484	11	196	9.09e-17	79.3
QMW87804.1	STM_v1_0.STM2258	31.0	200	108	9	301	484	11	196	2.56e-15	75.1
QMW87807.1	iAF987.Gmet_1092	57.1	280	111	2	3	277	9	284	1.66e-111	324
QMW87814.1	iAF692.Mbar_A2180	55.9	499	215	3	7	500	8	506	2.44e-197	558
QMW87816.1	iYO844.BSU16100	61.2	278	108	0	1	278	1	278	8.75e-124	355
QMW87816.1	iYS854.USA300HOU_RS06270	57.7	284	120	0	1	284	1	284	3.38e-119	343
QMW87816.1	iAF987.Gmet_2260	57.4	284	120	1	1	284	1	283	4.67e-119	342
QMW87816.1	iAF987.Gmet_2068	57.7	284	119	1	1	284	1	283	7.86e-119	342
QMW87816.1	iPC815.YPO1116	57.5	285	121	0	1	285	1	285	1.72e-116	336
QMW87816.1	iSF_1195.SF0568	57.5	285	121	0	1	285	1	285	9.56e-116	334
QMW87816.1	iML1515.b0729	57.5	285	121	0	1	285	1	285	1.36e-115	333
QMW87816.1	iAF987.Gmet_0730	57.6	278	118	0	1	278	1	278	1.45e-115	333
QMW87816.1	iSbBS512_1146.SbBS512_E0648	57.5	285	121	0	1	285	1	285	1.36e-115	333
QMW87816.1	iSSON_1240.SSON_0680	57.5	285	121	0	1	285	1	285	1.36e-115	333
QMW87816.1	iCN718.ABAYE_RS04455	57.1	282	119	1	1	280	1	282	2.44e-115	333
QMW87816.1	iJN1463.PP_4185	57.4	284	121	0	1	284	1	284	9.24e-115	332
QMW87816.1	STM_v1_0.STM0739	56.5	285	124	0	1	285	1	285	7.79e-115	332
QMW87816.1	iYL1228.KPN_00735	56.1	285	125	0	1	285	1	285	2.22e-114	330
QMW87816.1	iSDY_1059.SDY_0667	57.2	285	122	0	1	285	1	285	4.48e-114	330
QMW87817.1	iYS854.USA300HOU_RS06265	48.0	383	191	2	1	375	1	383	1.30e-115	341
QMW87817.1	iCN718.ABAYE_RS04450	47.2	362	183	2	1	354	1	362	1.26e-110	328
QMW87817.1	iYO844.BSU16090	46.3	361	187	1	1	354	1	361	1.15e-110	328
QMW87817.1	iPC815.YPO1115	45.5	382	200	2	1	374	1	382	7.18e-110	326
QMW87817.1	iAF987.Gmet_2261	46.8	361	185	1	1	354	1	361	1.35e-109	325
QMW87817.1	iAF987.Gmet_0729	47.9	378	188	3	1	370	1	377	1.85e-109	325
QMW87817.1	iJN1463.PP_4186	44.8	384	204	2	1	376	1	384	1.16e-108	323
QMW87817.1	iAF987.Gmet_2069	46.8	361	185	1	1	354	1	361	3.18e-108	322
QMW87817.1	iML1515.b0728	47.1	357	182	1	1	350	1	357	4.65e-108	322
QMW87817.1	iSF_1195.SF0569	47.1	357	182	1	1	350	1	357	4.65e-108	322
QMW87817.1	iSSON_1240.SSON_0679	47.1	357	182	1	1	350	1	357	4.65e-108	322
QMW87817.1	iSbBS512_1146.SbBS512_E0647	47.1	357	182	1	1	350	1	357	1.87e-107	320
QMW87817.1	iSDY_1059.SDY_0666	46.8	357	183	1	1	350	1	357	5.30e-107	319
QMW87817.1	STM_v1_0.STM0738	46.2	357	185	1	1	350	1	357	2.13e-106	317
QMW87817.1	iYL1228.KPN_00734	46.5	357	184	1	1	350	1	357	4.26e-106	317
QMW87818.1	iYO844.BSU15900	46.0	285	153	1	3	286	5	289	8.16e-78	239
QMW87818.1	iAF987.Gmet_1600	43.1	295	165	2	2	294	4	297	2.90e-73	227
QMW87818.1	iYS854.USA300HOU_RS06180	43.5	294	161	2	3	294	5	295	8.39e-70	218
QMW87818.1	iJN1463.PP_1913	43.5	294	163	3	3	294	6	298	7.54e-69	216
QMW87819.1	iCN900.CD630_15990	48.8	256	127	3	8	263	9	260	5.17e-75	229
QMW87819.1	iAF987.Gmet_2909	42.9	261	144	3	4	262	223	480	9.80e-64	207
QMW87821.1	iCN900.CD630_30650	32.4	518	306	13	2	494	3	501	5.08e-71	234
QMW87822.1	iCN900.CD630_30640	55.9	433	191	0	5	437	3	435	5.89e-172	489
QMW87822.1	iHN637.CLJU_RS08960	52.3	434	207	0	4	437	2	435	1.64e-165	472
QMW87822.1	iLJ478.TM1667	53.6	433	201	0	5	437	3	435	3.81e-160	459
QMW87822.1	iYL1228.KPN_03929	50.3	433	214	1	6	437	8	440	1.44e-157	452
QMW87822.1	STM_v1_0.STM3661	50.1	433	215	1	6	437	4	436	5.81e-156	448
QMW87822.1	iPC815.YPO4038	50.6	433	213	1	6	437	4	436	1.30e-154	444
QMW87822.1	iSbBS512_1146.SbBS512_E3959	49.4	433	218	1	6	437	4	436	6.22e-153	440
QMW87822.1	iSSON_1240.SSON_3820	49.4	433	218	1	6	437	4	436	6.22e-153	440
QMW87823.1	iML1515.b4031	48.7	499	216	9	1	480	1	478	3.02e-147	429
QMW87823.1	iSSON_1240.SSON_4209	48.5	499	217	9	1	480	1	478	8.57e-147	428
QMW87823.1	iSF_1195.SF4174	48.1	499	219	9	1	480	1	478	7.87e-145	423
QMW87831.1	iMM904.YDL100C	25.9	336	215	8	13	318	19	350	2.11e-22	98.6
QMW87832.1	iYO844.BSU25790	37.1	350	197	4	7	347	4	339	4.17e-62	201
QMW87833.1	iCN900.CD630_04870	28.7	279	168	8	241	508	13	271	4.36e-25	104
QMW87835.1	iHN637.CLJU_RS00920	38.4	1128	549	20	15	1132	13	1004	6.38e-264	773
QMW87847.1	iAF987.Gmet_0043	20.2	386	266	9	534	900	25	387	1.10e-11	68.2
QMW87850.1	iSbBS512_1146.SbBS512_E0626	25.3	281	159	11	14	279	9	253	2.66e-10	62.0
QMW87850.1	iML1515.b0709	25.3	281	159	11	14	279	9	253	3.52e-10	61.6
QMW87850.1	iSF_1195.SF0588	25.3	281	159	11	14	279	9	253	3.52e-10	61.6
QMW87850.1	iSSON_1240.SSON_0660	24.9	281	160	11	14	279	9	253	1.09e-09	60.1
QMW87852.1	iML1515.b3092	56.6	468	198	5	1	466	1	465	7.03e-192	541
QMW87852.1	iSF_1195.SF3132	56.6	468	198	5	1	466	1	465	7.03e-192	541
QMW87852.1	iSSON_1240.SSON_3245	56.6	468	198	5	1	466	1	465	7.03e-192	541
QMW87852.1	iSbBS512_1146.SbBS512_E3528	56.4	468	199	5	1	466	1	465	2.84e-191	540
QMW87852.1	iYL1228.KPN_03520	56.5	464	197	5	5	466	1	461	4.04e-190	537
QMW87852.1	STM_v1_0.STM3137	56.3	469	200	5	1	466	1	467	1.53e-188	533
QMW87852.1	iPC815.YPO0579	53.2	468	214	5	1	466	1	465	3.76e-179	509
QMW87854.1	iSF_1195.SF1572	45.0	482	257	3	1	476	1	480	1.02e-136	402
QMW87854.1	iML1515.b1521	45.0	482	257	3	1	476	1	480	1.44e-136	402
QMW87854.1	iYO844.BSU12380	44.3	474	252	5	1	471	1	465	7.43e-136	400
QMW87854.1	iSSON_1240.SSON_1607	45.0	482	256	4	1	476	1	479	2.55e-134	396
QMW87854.1	iYL1228.KPN_01640	43.2	482	266	3	1	476	1	480	1.41e-128	381
QMW87857.1	iAF692.Mbar_A0230	57.1	170	72	1	1	169	1	170	1.95e-66	201
QMW87857.1	iSF_1195.SF2101	56.0	182	77	2	1	181	1	180	8.56e-65	196
QMW87857.1	iYL1228.KPN_02488	53.6	183	83	2	1	181	1	183	3.11e-63	192
QMW87857.1	iYL1228.KPN_02494	52.7	184	85	2	1	182	1	184	1.78e-62	191
QMW87857.1	iHN637.CLJU_RS02630	57.1	170	71	2	2	170	5	173	3.37e-62	190
QMW87857.1	iSDY_1059.SDY_2207	56.5	177	75	2	1	175	1	177	2.13e-61	188
QMW87857.1	iSbBS512_1146.SbBS512_E1195	54.5	176	78	2	1	175	1	175	4.28e-61	187
QMW87857.1	iML1515.b2038	55.0	171	75	2	1	170	1	170	6.07e-61	187
QMW87857.1	iHN637.CLJU_RS02745	54.1	170	76	2	2	170	5	173	1.34e-60	186
QMW87857.1	STM_v1_0.STM2094	52.5	183	85	2	1	182	2	183	5.34e-59	182
QMW87858.1	iAF987.Gmet_1430	58.9	443	176	2	1	437	1	443	3.67e-186	525
QMW87861.1	iCN718.ABAYE_RS01030	52.7	404	188	3	7	408	3	405	2.83e-138	400
QMW87861.1	iJN1463.PP_4909	51.6	399	190	2	7	404	14	410	3.19e-134	390
QMW87863.1	iAF987.Gmet_1248	23.3	348	253	8	13	353	7	347	8.11e-21	92.0
QMW87864.1	iYS854.USA300HOU_RS08720	50.0	356	172	2	1	356	4	353	4.00e-120	352
QMW87864.1	iJN1463.PP_0833	47.5	364	182	3	1	364	1	355	9.49e-109	323
QMW87866.1	iAF987.Gmet_1167	40.4	52	31	0	44	95	72	123	1.16e-04	42.0
QMW87866.1	iCN718.ABAYE_RS12870	26.3	118	84	2	39	153	48	165	9.06e-04	38.9
QMW87879.1	iMM904.YBR034C	30.7	153	99	5	47	194	57	207	1.89e-07	50.8
QMW87879.1	iAM_Pc455.PCYB_122070	30.0	120	69	4	4	118	8	117	8.28e-07	48.5
QMW87879.1	iIT341.HP0416	29.6	152	85	8	38	182	152	288	2.12e-06	47.8
QMW87879.1	iAM_Pv461.PVX_083045	35.8	81	48	2	42	118	43	123	6.79e-06	45.8
QMW87882.1	iAF987.Gmet_1919	27.0	122	84	1	7	128	2	118	5.22e-08	54.3
QMW87882.1	iAF987.Gmet_3476	27.9	147	91	5	9	147	11	150	1.45e-06	50.1
QMW87882.1	iAF987.Gmet_2999	26.9	234	147	7	10	236	10	226	2.17e-06	49.3
QMW87882.1	iAF987.Gmet_1914	27.1	118	81	1	7	124	1	113	2.62e-06	49.3
QMW87884.1	iML1515.b3265	23.7	198	133	4	234	413	175	372	1.48e-06	49.7
QMW87884.1	iSbBS512_1146.SbBS512_E3648	23.7	198	133	4	234	413	175	372	1.48e-06	49.7
QMW87885.1	iJN1463.PP_4210	21.4	182	131	3	554	723	406	587	5.26e-06	49.7
QMW87886.1	iCN900.CD630_19470	48.9	219	111	1	2	219	10	228	2.91e-67	206
QMW87896.1	iYO844.BSU17000	39.4	368	223	0	27	394	25	392	1.56e-95	290
QMW87897.1	iSynCJ816.SGL_RS16525	26.5	302	202	8	7	290	130	429	2.50e-20	90.9
QMW87897.1	iEK1008.Rv2252	30.2	258	152	11	51	291	61	307	1.44e-20	90.1
QMW87897.1	iYS854.USA300HOU_RS10305	31.4	226	145	4	2	220	3	225	3.61e-19	86.3
QMW87898.1	iCN900.CD630_27390	51.9	591	274	6	3	587	9	595	3.15e-210	598
QMW87898.1	iAF987.Gmet_1357	49.6	589	287	5	3	585	10	594	1.97e-203	580
QMW87898.1	iYS854.USA300HOU_RS08675	49.4	585	284	7	3	579	4	584	3.37e-195	559
QMW87900.1	iAF987.Gmet_0710	69.4	294	90	0	1	294	1	294	6.76e-150	421
QMW87901.1	iAF987.Gmet_0711	54.9	337	149	3	36	370	5	340	2.85e-127	369
QMW87903.1	iAF692.Mbar_A1172	30.7	202	135	3	1	198	1	201	1.35e-27	104
QMW87903.1	iAF692.Mbar_A2394	28.7	202	139	4	1	198	1	201	1.41e-24	97.4
QMW87909.1	iJN1463.PP_3427	30.3	412	286	1	53	464	53	463	8.37e-58	197
QMW87909.1	iJN1463.PP_4211	29.6	443	291	8	33	464	32	464	7.01e-51	179
QMW87910.1	iJN1463.PP_3426	46.1	1049	550	5	2	1038	3	1048	2.62e-299	860
QMW87912.1	iSSON_1240.SSON_2047	29.0	279	151	4	12	244	186	463	5.78e-32	122
QMW87912.1	iPC815.YPO2288	28.7	279	152	4	12	244	198	475	1.21e-30	119
QMW87912.1	iML1515.b1982	28.3	279	153	4	12	244	186	463	1.05e-30	118
QMW87912.1	iSbBS512_1146.SbBS512_E0986	28.3	279	153	4	12	244	84	361	3.09e-31	118
QMW87912.1	STM_v1_0.STM2009	28.0	279	154	4	12	244	186	463	1.44e-30	118
QMW87912.1	iSF_1195.SF2053	28.3	279	153	4	12	244	186	463	1.44e-30	118
QMW87912.1	iYL1228.KPN_02445	28.7	279	152	4	12	244	186	463	2.74e-30	117
QMW87912.1	iSDY_1059.SDY_2253	28.0	279	154	4	12	244	186	463	3.78e-30	117
QMW87912.1	iJN1463.PP_4779	35.1	202	119	5	53	244	267	466	9.44e-29	113
QMW87915.1	iAF987.Gmet_1842	36.3	267	149	6	9	256	6	270	3.45e-49	162
QMW87915.1	iYO844.BSU15530	40.6	224	125	4	36	254	34	254	3.59e-48	159
QMW87915.1	iNF517.LLMG_RS05610	43.2	234	114	11	29	249	28	255	5.03e-43	146
QMW87916.1	iAF987.Gmet_1841	57.5	301	128	0	3	303	5	305	5.65e-123	353
QMW87918.1	iML1515.b2411	42.2	673	372	7	3	665	4	669	9.55e-181	528
QMW87918.1	iSSON_1240.SSON_2500	42.2	673	372	7	3	665	4	669	9.55e-181	528
QMW87918.1	iSDY_1059.SDY_2608	42.1	673	373	7	3	665	4	669	1.53e-179	525
QMW87918.1	iSF_1195.SF2466	42.1	673	373	7	3	665	4	669	2.16e-179	525
QMW87918.1	STM_v1_0.STM2427	41.4	676	373	8	3	665	4	669	9.78e-178	521
QMW87918.1	iYL1228.KPN_02758	41.0	673	380	7	3	665	4	669	8.83e-176	516
QMW87918.1	iYS854.USA300HOU_RS10340	39.7	670	382	10	2	662	3	659	2.30e-166	491
QMW87919.1	iLJ478.TM1521	45.0	289	155	2	7	292	3	290	2.55e-82	249
QMW87919.1	iYO844.BSU16770	45.4	269	147	0	9	277	6	274	1.28e-81	248
QMW87919.1	iAF987.Gmet_0211	40.2	286	169	2	7	292	3	286	2.54e-73	226
QMW87920.1	iCHOv1.100754792	26.3	631	392	14	13	580	376	996	1.07e-51	193
QMW87921.1	iCN900.CD630_20200	40.1	882	410	13	8	817	9	844	3.00e-197	584
QMW87941.1	iML1515.b2700	58.6	111	46	0	262	372	13	123	4.66e-33	121
QMW87950.1	iYO844.BSU02750	38.1	239	138	5	5	235	1	237	1.08e-50	165
QMW87953.1	iAF987.Gmet_1919	26.5	200	140	1	3	202	5	197	1.43e-14	71.2
QMW87953.1	iAF987.Gmet_1914	32.0	125	85	0	2	126	3	127	1.19e-13	68.9
QMW87953.1	iAF987.Gmet_1706	29.2	195	129	3	1	189	1	192	2.03e-13	67.8
QMW87954.1	iCN900.CD630_00500	52.0	494	215	4	5	497	9	481	5.01e-175	500
QMW87981.1	iSbBS512_1146.SbBS512_E3468	20.9	206	150	2	267	459	225	430	1.64e-06	50.1
QMW87981.1	iML1515.b3035	20.9	206	150	2	267	459	223	428	2.16e-06	49.7
QMW87981.1	iSDY_1059.SDY_3205	20.9	206	150	2	267	459	225	430	2.16e-06	49.7
QMW87981.1	iSSON_1240.SSON_3173	20.9	206	150	2	267	459	225	430	2.16e-06	49.7
QMW87981.1	iSF_1195.SF3075	20.4	206	151	2	267	459	223	428	8.71e-06	47.8
QMW87985.1	iAF987.Gmet_0043	24.7	288	180	6	913	1194	154	410	5.07e-16	82.8
QMW87988.1	iCHOv1.100689106	29.3	123	61	5	62	177	9	112	1.10e-05	47.0
QMW87988.1	iAT_PLT_636.10327	27.6	123	63	5	62	177	10	113	3.43e-05	45.4
QMW87988.1	iYO844.BSU09530	30.0	130	80	5	54	177	1	125	4.63e-05	45.1
QMW87988.1	iMM1415.58810	27.6	123	63	5	62	177	10	113	6.05e-05	44.7
QMW87995.1	iML1515.b3885	28.9	180	122	2	6	184	4	178	1.81e-17	76.6
QMW87997.1	iCHOv1.100773401	35.1	259	136	9	2	235	4	255	2.80e-35	128
QMW87997.1	iMM1415.235033	35.3	258	137	9	2	235	4	255	6.10e-35	127
QMW87997.1	iLJ478.TM1724	36.1	191	112	2	1	181	3	193	3.14e-31	115
QMW88005.1	iAF987.Gmet_0043	23.5	400	260	9	942	1334	38	398	5.61e-19	92.4
QMW88007.1	iML1515.b1617	28.1	509	273	23	37	493	4	471	4.56e-35	141
QMW88012.1	iPC815.YPO1661	54.4	890	382	8	15	883	13	899	0.0	925
QMW88012.1	iCN900.CD630_33730	53.2	897	380	6	18	879	26	917	2.88e-317	894
QMW88012.1	STM_v1_0.STM3763	54.9	867	371	8	34	882	43	907	8.37e-311	877
QMW88012.1	iJN1463.PP_2645	52.8	869	387	6	34	882	54	919	4.71e-308	871
QMW88012.1	STM_v1_0.STM4456	52.2	871	395	9	16	879	43	899	8.55e-299	847
QMW88012.1	iYL1228.KPN_04654	52.5	865	390	9	22	879	49	899	1.72e-298	846
QMW88012.1	iSDY_1059.SDY_4261	50.9	892	412	7	1	879	17	895	8.53e-298	844
QMW88012.1	iML1515.b4242	50.9	892	412	7	1	879	17	895	1.21e-297	843
QMW88012.1	iSSON_1240.SSON_4423	50.9	892	412	7	1	879	17	895	1.21e-297	843
QMW88012.1	iSbBS512_1146.SbBS512_E4841	50.9	892	412	7	1	879	17	895	1.71e-297	843
QMW88012.1	iSF_1195.SF4248	50.7	892	414	7	1	879	17	895	2.42e-297	843
QMW88013.1	iAF987.Gmet_0043	23.1	251	156	8	224	453	32	266	4.48e-08	55.1
QMW88014.1	iAF987.Gmet_1706	32.9	152	93	4	4	153	3	147	6.98e-15	72.0
QMW88014.1	iAF987.Gmet_1914	26.7	116	85	0	4	119	4	119	2.79e-14	70.9
QMW88014.1	iAF987.Gmet_1919	34.0	103	68	0	3	105	4	106	5.23e-14	69.7
QMW88014.1	iAF987.Gmet_0069	32.8	122	74	3	3	118	4	123	5.81e-14	69.3
QMW88014.1	iAF987.Gmet_2999	32.5	117	75	2	4	117	10	125	7.46e-14	69.3
QMW88016.1	iLJ478.TM1193	30.7	592	342	17	39	584	60	629	1.47e-67	245
QMW88017.1	iLJ478.TM1193	35.1	1083	583	27	22	1089	6	983	1.20e-204	619
QMW88018.1	iAF987.Gmet_1991	24.2	223	153	5	264	479	187	400	5.78e-11	64.7
QMW88018.1	iAF987.Gmet_0043	26.7	232	156	6	271	492	39	266	2.65e-10	62.4
QMW88020.1	iLJ478.TM1062	25.9	617	346	28	376	951	3	549	2.30e-30	127
QMW88021.1	iAF987.Gmet_1991	26.2	145	102	2	586	725	191	335	3.17e-08	57.0
QMW88027.1	iSynCJ816.SGL_RS08770	23.1	238	139	5	1	238	1	194	2.15e-10	58.2
QMW88030.1	iYS854.USA300HOU_RS14040	34.4	349	191	8	1	328	1	332	3.43e-60	196
QMW88030.1	iPC815.YPO1415	34.8	339	201	5	1	326	1	332	4.62e-59	192
QMW88030.1	iML1515.b0945	35.7	339	198	6	1	326	1	332	1.42e-57	189
QMW88030.1	iSbBS512_1146.SbBS512_E2372	35.7	339	198	6	1	326	1	332	1.42e-57	189
QMW88030.1	iSSON_1240.SSON_0949	35.7	339	198	6	1	326	1	332	1.42e-57	189
QMW88030.1	STM_v1_0.STM1058	36.0	339	197	6	1	326	1	332	2.82e-57	188
QMW88030.1	iSF_1195.SF0946	35.7	339	198	6	1	326	1	332	2.82e-57	188
QMW88030.1	iSDY_1059.SDY_0918	35.7	339	198	6	1	326	1	332	3.97e-57	187
QMW88030.1	iYL1228.KPN_00974	35.1	339	200	5	1	326	1	332	6.72e-55	182
QMW88030.1	iJN1463.PP_2095	35.9	340	193	8	1	325	1	330	2.92e-54	180
QMW88036.1	iLJ478.TM1724	31.7	243	153	3	54	287	6	244	4.90e-39	137
QMW88036.1	iCN900.CD630_25770	32.0	247	148	4	53	286	3	242	6.00e-36	129
QMW88036.1	iCN900.CD630_11820	32.9	243	143	5	58	287	11	246	1.83e-35	127
QMW88036.1	iHN637.CLJU_RS20765	33.7	246	147	4	53	287	6	246	3.52e-35	127
QMW88036.1	iNF517.LLMG_RS08950	34.0	244	145	5	54	288	6	242	3.11e-35	127
QMW88036.1	iAM_Pf480.PF3D7_0922900	33.1	245	149	4	54	288	61	300	1.21e-34	127
QMW88036.1	iYO844.BSU15910	32.8	244	150	4	54	287	5	244	4.70e-35	126
QMW88036.1	iAF987.Gmet_1601	33.6	244	147	4	54	287	6	244	7.03e-34	123
QMW88036.1	iPC815.YPO2539	29.8	245	157	4	54	287	10	250	8.54e-34	123
QMW88037.1	iMM904.YML059C	29.9	194	122	3	1	185	1366	1554	9.91e-20	88.2
QMW88039.1	iMM904.YJR153W	25.4	260	130	7	113	363	86	290	2.95e-13	70.5
QMW88044.1	iJN1463.PP_0525	28.5	151	84	6	97	241	50	182	1.36e-05	48.9
QMW88051.1	STM_v1_0.STM0444	22.4	416	273	11	24	428	22	398	3.66e-14	73.9
QMW88056.1	iML1515.b0584	31.3	150	90	5	194	341	34	172	4.30e-05	47.4
QMW88056.1	iSbBS512_1146.SbBS512_E0485	31.3	150	90	5	194	341	34	172	4.30e-05	47.4
QMW88056.1	iSDY_1059.SDY_0512	31.3	150	90	5	194	341	34	172	4.30e-05	47.4
QMW88056.1	iSF_1195.SF0496	31.3	150	90	5	194	341	34	172	4.30e-05	47.4
QMW88056.1	iSSON_1240.SSON_0534	31.3	150	90	5	194	341	34	172	4.30e-05	47.4
QMW88056.1	STM_v1_0.STM0585	31.5	149	89	5	194	340	38	175	5.66e-05	47.0
QMW88058.1	STM_v1_0.STM0585	33.3	150	86	6	27	174	38	175	2.36e-04	44.7
QMW88058.1	iML1515.b0584	32.7	150	87	6	27	174	34	171	7.01e-04	43.1
QMW88058.1	iSDY_1059.SDY_0512	32.7	150	87	6	27	174	34	171	7.01e-04	43.1
QMW88058.1	iSF_1195.SF0496	32.7	150	87	6	27	174	34	171	7.01e-04	43.1
QMW88058.1	iSSON_1240.SSON_0534	32.7	150	87	6	27	174	34	171	7.01e-04	43.1
QMW88058.1	iSbBS512_1146.SbBS512_E0485	32.7	150	87	6	27	174	34	171	9.21e-04	42.7
QMW88062.1	iSDY_1059.SDY_1022	31.4	156	89	7	28	178	29	171	3.51e-05	47.4
QMW88062.1	iML1515.b0584	31.2	154	88	6	34	182	34	174	1.82e-04	45.1
QMW88062.1	iSDY_1059.SDY_0512	31.2	154	88	6	34	182	34	174	1.82e-04	45.1
QMW88062.1	iSF_1195.SF0496	31.2	154	88	6	34	182	34	174	1.82e-04	45.1
QMW88062.1	iSSON_1240.SSON_0534	31.2	154	88	6	34	182	34	174	1.82e-04	45.1
QMW88062.1	STM_v1_0.STM0585	30.5	154	89	6	34	182	38	178	3.14e-04	44.3
QMW88062.1	iSbBS512_1146.SbBS512_E0485	30.5	154	89	6	34	182	34	174	5.41e-04	43.5
QMW88067.1	iMM1415.15211	27.9	416	253	11	100	507	109	485	6.17e-39	151
QMW88067.1	iCHOv1.100750552	26.9	416	257	11	100	507	109	485	4.07e-37	146
QMW88067.1	iMM1415.15212	26.4	424	264	10	105	521	126	508	5.20e-35	140
QMW88071.1	iHN637.CLJU_RS05810	28.0	243	111	6	17	197	24	264	3.71e-27	104
QMW88074.1	iAF987.Gmet_2999	40.0	145	80	2	12	149	10	154	5.50e-24	101
QMW88075.1	iAF987.Gmet_1431	68.1	307	97	1	3	309	2	307	4.58e-161	451
QMW88084.1	iAF692.Mbar_A2943	24.6	211	116	7	30	236	391	562	6.39e-05	45.1
QMW88091.1	iHN637.CLJU_RS14495	28.2	227	149	4	45	269	30	244	3.84e-18	85.5
QMW88091.1	iNF517.LLMG_RS10105	25.2	242	170	4	33	271	18	251	2.45e-15	77.0
QMW88093.1	iYS854.USA300HOU_RS00270	27.2	162	113	3	13	174	3	159	1.43e-15	70.1
QMW88096.1	iCN900.CD630_06820	24.9	469	322	11	6	457	9	464	1.01e-26	112
QMW88103.1	iLB1027_lipid.PHATRDRAFT_51454	42.9	161	82	4	41	197	3	157	1.41e-38	130
QMW88103.1	iJN1463.PP_4801	38.5	182	100	4	38	219	35	204	3.63e-35	124
QMW88103.1	iML1515.b0630	37.4	211	114	5	9	219	12	204	2.89e-33	119
QMW88103.1	iSbBS512_1146.SbBS512_E0621	37.4	211	114	5	9	219	12	204	2.89e-33	119
QMW88105.1	iCN900.CD630_21150	44.6	744	382	10	14	733	87	824	8.91e-186	550
QMW88105.1	iSynCJ816.SGL_RS05435	44.7	733	388	9	14	733	12	740	1.18e-186	549
QMW88105.1	iYS854.USA300HOU_RS13880	41.5	737	403	10	11	738	78	795	9.76e-183	541
QMW88105.1	iYO844.BSU33500	43.8	746	388	10	6	737	74	802	2.18e-181	537
QMW88105.1	STM_v1_0.STM0353	43.5	740	391	9	14	735	18	748	2.03e-180	533
QMW88105.1	iAF692.Mbar_A1889	42.6	755	392	14	14	738	211	954	1.03e-171	517
QMW88106.1	iAF692.Mbar_A1889	26.0	73	54	0	28	100	3	75	1.30e-04	39.7
QMW88111.1	iLJ478.TM1185	49.4	158	72	2	6	163	16	165	6.27e-43	140
QMW88111.1	iPC815.YPO1441	48.3	145	67	2	6	150	12	148	3.01e-38	128
QMW88113.1	iAF987.Gmet_3159	42.3	752	423	5	10	752	4	753	1.42e-201	595
QMW88114.1	iAF692.Mbar_A0669	32.4	377	236	4	7	375	5	370	2.91e-43	166
QMW88114.1	iAF692.Mbar_A1651	29.8	389	261	7	4	389	2	381	7.16e-40	156
QMW88115.1	iYO844.BSU29190	47.5	324	164	3	4	327	2	319	5.18e-101	299
QMW88115.1	iLJ478.TM0209	47.8	324	162	2	4	326	2	319	7.77e-98	291
QMW88115.1	iCN900.CD630_33950	47.8	324	163	3	4	327	2	319	4.43e-97	289
QMW88115.1	iYS854.USA300HOU_RS09010	48.2	328	159	4	4	327	2	322	1.97e-96	288
QMW88115.1	iHN637.CLJU_RS01590	45.8	323	169	3	4	326	2	318	2.37e-91	275
QMW88115.1	iNF517.LLMG_RS05680	47.4	302	154	2	4	305	2	298	1.54e-89	271
QMW88118.1	iAF987.Gmet_1653	57.8	244	103	0	1	244	1	244	1.61e-104	302
QMW88118.1	STM_v1_0.STM0772	58.9	246	101	0	3	248	5	250	7.23e-104	301
QMW88118.1	iYL1228.KPN_00768	58.9	246	101	0	3	248	5	250	2.07e-103	300
QMW88118.1	iML1515.b0755	58.5	246	102	0	3	248	5	250	4.16e-103	299
QMW88118.1	iSbBS512_1146.SbBS512_E0676	58.5	246	102	0	3	248	5	250	4.16e-103	299
QMW88118.1	iSF_1195.SF0549	58.5	246	102	0	3	248	5	250	4.16e-103	299
QMW88118.1	iSSON_1240.SSON_0707	58.5	246	102	0	3	248	5	250	4.16e-103	299
QMW88118.1	iSDY_1059.SDY_0702	58.5	246	102	0	3	248	5	250	1.19e-102	298
QMW88118.1	iPC815.YPO1133	56.5	246	107	0	3	248	5	250	7.90e-101	293
QMW88118.1	iAM_Pf480.PF3D7_1120100	57.1	245	105	0	4	248	6	250	3.70e-99	289
QMW88118.1	iAM_Pb448.PBANKA_092810	56.7	245	106	0	4	248	6	250	3.02e-98	286
QMW88118.1	iAM_Pv461.PVX_091640	56.3	245	107	0	4	248	6	250	8.62e-98	285
QMW88118.1	iAM_Pc455.PCYB_092620	55.9	245	108	0	4	248	77	321	1.03e-95	283
QMW88118.1	iAT_PLT_636.5223	54.8	250	110	2	3	249	5	254	5.33e-95	278
QMW88118.1	iCHOv1.100766080	54.8	250	110	2	3	249	5	254	1.52e-94	277
QMW88118.1	iMM1415.18648	54.4	250	111	2	3	249	5	254	2.16e-94	277
QMW88118.1	iMM1415.56012	54.2	251	108	3	3	248	5	253	9.76e-93	273
QMW88119.1	iML1515.b2097	66.9	347	115	0	3	349	4	350	4.98e-175	489
QMW88119.1	iSbBS512_1146.SbBS512_E1141	66.9	347	115	0	3	349	4	350	4.98e-175	489
QMW88119.1	iSDY_1059.SDY_2270	66.9	347	115	0	3	349	28	374	1.17e-174	489
QMW88119.1	iSF_1195.SF2159	66.9	347	115	0	3	349	4	350	1.42e-174	488
QMW88119.1	iSSON_1240.SSON_2145	66.6	347	116	0	3	349	28	374	4.76e-174	488
QMW88119.1	STM_v1_0.STM2141	66.6	347	116	0	3	349	4	350	4.07e-174	487
QMW88119.1	iYL1228.KPN_02549	66.3	347	117	0	3	349	4	350	1.17e-173	486
QMW88120.1	iYS854.USA300HOU_RS10275	30.0	160	110	1	1	158	2	161	5.06e-19	78.6
QMW88122.1	iCHOv1.100689102	25.5	98	70	2	6	100	23	120	5.07e-06	43.9
QMW88132.1	iNF517.LLMG_RS11185	31.9	91	59	1	120	207	6	96	1.02e-07	50.4
QMW88132.1	iJN1463.PP_1381	34.6	78	50	1	133	210	26	102	2.65e-06	46.6
QMW88133.1	iNF517.LLMG_RS12210	33.5	337	199	11	37	366	5	323	1.19e-43	154
QMW88151.1	iCN900.CD630_35200	32.2	283	183	3	16	294	15	292	2.43e-38	137
QMW88151.1	iAF987.Gmet_0858	29.2	291	201	3	5	292	3	291	4.08e-35	128
QMW88155.1	iEK1008.Rv2581c	34.4	221	131	4	1	210	1	218	1.81e-36	127
QMW88155.1	iCN900.CD630_27420	33.6	211	131	5	1	210	1	203	2.28e-32	115
QMW88156.1	iJN1463.PP_0988	52.9	934	433	3	8	941	13	939	0.0	944
QMW88156.1	iSynCJ816.SGL_RS11955	52.1	952	431	6	4	941	31	971	0.0	943
QMW88156.1	iLB1027_lipid.PHATRDRAFT_22187	51.1	960	443	7	4	943	35	988	0.0	942
QMW88156.1	iPC815.YPO0905	52.3	945	435	7	4	940	12	948	0.0	937
QMW88156.1	iSSON_1240.SSON_3056	52.6	943	423	8	9	940	17	946	0.0	935
QMW88156.1	iSF_1195.SF2889	52.6	943	423	8	9	940	17	946	0.0	933
QMW88156.1	iML1515.b2903	52.6	943	423	8	9	940	17	946	0.0	933
QMW88156.1	iSDY_1059.SDY_3178	52.5	943	424	8	9	940	17	946	0.0	932
QMW88156.1	iYL1228.KPN_03339	52.4	948	427	8	4	940	12	946	0.0	931
QMW88156.1	STM_v1_0.STM3053	52.3	943	426	8	9	940	17	946	0.0	928
QMW88156.1	iSbBS512_1146.SbBS512_E3324	52.2	943	427	8	9	940	17	946	0.0	928
QMW88156.1	iMM1415.104174	48.8	952	464	8	4	943	66	1006	5.38e-320	908
QMW88156.1	iJN1463.PP_5192	51.8	938	436	8	9	940	19	946	6.44e-317	897
QMW88156.1	iMM904.YMR189W	47.9	969	465	16	4	943	65	1022	9.52e-302	862
QMW88156.1	iEK1008.Rv1832	49.8	946	442	9	7	941	8	931	8.45e-303	861
QMW88157.1	iYO844.BSU38110	23.0	148	98	3	4	141	2	143	1.86e-09	55.1
QMW88161.1	iHN637.CLJU_RS01885	31.4	315	202	4	4	306	3	315	8.74e-40	141
QMW88161.1	iLJ478.TM0327	31.7	325	190	7	1	306	1	312	3.08e-39	140
QMW88161.1	iLJ478.TM1401	31.7	281	169	6	29	291	25	300	5.27e-39	139
QMW88161.1	iCHOv1.100774394	33.4	296	171	8	20	296	20	308	1.56e-35	134
QMW88161.1	iMM1415.236539	33.4	296	171	8	20	296	20	308	1.56e-35	134
QMW88161.1	iSynCJ816.SGL_RS08600	33.6	301	163	9	13	291	12	297	2.01e-35	133
QMW88161.1	iAF987.Gmet_2378	33.6	277	164	7	39	297	33	307	1.15e-34	131
QMW88161.1	iEK1008.Rv2996c	34.0	268	162	3	38	291	33	299	3.67e-34	130
QMW88161.1	iHN637.CLJU_RS05700	30.7	287	185	3	23	296	22	307	1.73e-35	129
QMW88162.1	iYO844.BSU10020	48.4	353	176	4	5	353	6	356	9.45e-111	327
QMW88163.1	iYS854.USA300HOU_RS07595	22.6	318	225	8	18	327	13	317	4.19e-11	64.3
QMW88164.1	iYL1228.KPN_00244	49.4	421	195	7	6	424	3	407	1.03e-134	392
QMW88165.1	iYL1228.KPN_00243	53.8	208	86	2	1	208	1	198	1.45e-66	202
QMW88166.1	iYL1228.KPN_00242	54.9	206	90	2	7	211	8	211	7.70e-71	214
QMW88168.1	iYL1228.KPN_00240	43.4	419	189	4	4	384	3	411	4.03e-108	323
QMW88169.1	iYL1228.KPN_00239	34.2	450	286	6	4	447	1	446	2.30e-81	258
QMW88173.1	iYS854.USA300HOU_RS14480	30.6	124	73	5	7	122	49	167	1.40e-08	55.1
QMW88183.1	iSbBS512_1146.SbBS512_E4050	27.6	268	180	5	1	266	1	256	2.18e-19	86.7
QMW88183.1	iSSON_1240.SSON_3782	27.6	268	180	5	1	266	1	256	2.18e-19	86.7
QMW88183.1	iYO844.BSU35690	27.5	287	173	11	9	281	3	268	2.66e-17	81.6
QMW88183.1	iYO844.BSU35680	28.4	218	141	6	9	222	11	217	1.01e-16	80.5
QMW88183.1	iYS854.USA300HOU_RS01340	28.2	209	132	7	6	210	2	196	2.02e-16	79.3
QMW88183.1	iYO844.BSU35550	39.8	98	58	1	8	104	8	105	8.34e-17	78.2
QMW88184.1	iYO844.BSU35600	22.2	428	323	6	4	426	3	425	1.10e-28	118
QMW88187.1	iYS854.USA300HOU_RS05150	33.6	229	141	4	157	378	269	493	1.10e-33	130
QMW88188.1	iML1515.b1022	26.6	188	123	6	37	213	73	256	9.59e-08	52.4
QMW88188.1	iSbBS512_1146.SbBS512_E4050	29.4	102	66	2	36	132	3	103	1.37e-07	51.6
QMW88188.1	iSSON_1240.SSON_3782	29.4	102	66	2	36	132	3	103	1.37e-07	51.6
QMW88188.1	iCHOv1.100689420	32.4	108	59	3	42	137	34	139	1.13e-06	48.5
QMW88190.1	iAF987.Gmet_0043	23.2	423	249	9	920	1327	26	387	8.60e-19	91.7
QMW88193.1	iCN900.CD630_04310	23.8	529	314	15	13	523	9	466	5.22e-24	105
QMW88195.1	iJN1463.PP_4903	33.6	295	177	7	32	317	47	331	8.15e-36	132
QMW88195.1	STM_v1_0.STM4349	33.1	266	154	7	71	320	83	340	1.53e-33	127
QMW88195.1	iML1515.b4161	33.7	267	151	8	71	320	75	332	4.91e-33	125
QMW88195.1	iSDY_1059.SDY_4431	33.3	267	152	8	71	320	62	319	3.84e-33	125
QMW88195.1	iSbBS512_1146.SbBS512_E4693	33.3	267	152	8	71	320	75	332	6.82e-33	125
QMW88195.1	iSSON_1240.SSON_4346	33.3	267	152	8	71	320	62	319	5.34e-33	125
QMW88195.1	iSF_1195.SF4320	33.3	267	152	8	71	320	86	343	1.15e-32	124
QMW88195.1	iPC815.YPO0365	30.3	310	193	10	24	320	33	332	1.80e-31	121
QMW88195.1	iYL1228.KPN_04558	32.1	265	159	7	71	320	75	333	2.63e-31	120
QMW88197.1	iEK1008.Rv2485c	24.3	222	146	7	44	243	160	381	4.15e-05	45.4
QMW88198.1	iML1515.b1985	22.7	247	183	3	14	252	40	286	8.55e-12	66.6
QMW88199.1	iAF987.Gmet_2727	35.3	116	64	4	134	249	289	393	4.03e-09	56.2
QMW88199.1	iAF987.Gmet_1832	38.5	104	54	3	147	249	421	515	4.85e-08	53.1
QMW88200.1	iJN1463.PP_5107	48.8	215	110	0	10	224	5	219	1.70e-61	192
QMW88201.1	iAF692.Mbar_A1586	31.1	402	252	6	10	411	9	385	1.51e-50	183
QMW88207.1	iAF987.Gmet_1504	36.2	367	223	4	1	361	1	362	3.54e-76	239
QMW88211.1	iJN1463.PP_0762	40.6	318	183	3	2	316	6	320	8.22e-74	229
QMW88213.1	iYL1228.KPN_00737	26.7	386	249	12	9	379	11	377	2.92e-28	113
QMW88213.1	STM_v1_0.STM0741	26.2	386	251	13	9	379	11	377	3.73e-27	110
QMW88213.1	iML1515.b0734	26.8	384	251	12	9	379	11	377	2.50e-26	108
QMW88213.1	iSSON_1240.SSON_0686	26.8	384	251	12	9	379	11	377	2.50e-26	108
QMW88213.1	iPC815.YPO1118	27.4	369	231	10	9	360	11	359	6.44e-26	107
QMW88214.1	iCN718.ABAYE_RS08510	43.7	513	274	6	5	513	2	503	5.51e-134	398
QMW88214.1	iSDY_1059.SDY_0953	41.8	519	267	7	9	513	4	501	3.26e-129	385
QMW88214.1	STM_v1_0.STM1792	41.8	519	267	7	9	513	4	501	6.51e-129	385
QMW88214.1	iSF_1195.SF0980	41.6	519	268	7	9	513	4	501	6.51e-129	385
QMW88214.1	iML1515.b0733	42.7	513	271	8	9	513	4	501	1.67e-128	384
QMW88214.1	iSSON_1240.SSON_0685	42.7	513	271	8	9	513	5	502	1.72e-128	384
QMW88214.1	iML1515.b0978	41.8	519	267	8	9	513	4	501	1.84e-128	384
QMW88214.1	iSbBS512_1146.SbBS512_E2337	41.4	519	269	7	9	513	4	501	1.84e-128	384
QMW88214.1	iSSON_1240.SSON_0984	41.6	519	268	7	9	513	4	501	1.84e-128	384
QMW88214.1	iYL1228.KPN_00736	41.1	526	261	7	9	513	5	502	4.36e-126	378
QMW88214.1	iPC815.YPO1117	42.3	511	276	6	9	513	4	501	5.97e-126	377
QMW88214.1	STM_v1_0.STM0740	42.0	512	276	7	9	513	4	501	7.55e-124	372
QMW88216.1	STM_v1_0.STM3186	22.8	461	294	11	17	458	9	426	1.28e-13	72.4
QMW88216.1	iSbBS512_1146.SbBS512_E3468	24.0	412	267	10	55	449	38	420	1.25e-12	69.3
QMW88216.1	iML1515.b3035	24.0	412	267	10	55	449	36	418	1.65e-12	68.9
QMW88216.1	iSSON_1240.SSON_3173	24.0	412	267	10	55	449	38	420	1.66e-12	68.9
QMW88216.1	iSDY_1059.SDY_3205	25.1	311	205	6	154	449	123	420	2.20e-12	68.6
QMW88216.1	iSF_1195.SF3075	22.8	408	277	8	55	449	36	418	2.91e-12	68.2
QMW88217.1	iJN1463.PP_4209	28.0	364	219	8	36	371	38	386	3.52e-24	102
QMW88218.1	iCN900.CD630_19470	45.5	220	118	2	5	223	10	228	1.12e-62	195
QMW88218.1	iJN1463.PP_4210	45.1	224	121	2	4	226	5	227	2.93e-55	187
QMW88219.1	iJN1463.PP_4210	37.6	399	233	6	10	406	270	654	1.36e-62	212
QMW88221.1	iAF987.Gmet_2999	33.0	103	58	5	7	101	12	111	7.12e-06	45.8
QMW88223.1	iML1515.b2431	34.3	277	172	6	38	311	27	296	2.43e-42	147
QMW88224.1	iLJ478.TM1155	46.7	484	238	4	4	482	25	493	9.26e-154	447
QMW88224.1	iSynCJ816.SGL_RS06375	48.1	486	240	9	6	482	24	506	2.74e-148	433
QMW88224.1	iAF987.Gmet_2619	44.7	492	265	3	1	485	9	500	7.85e-146	427
QMW88225.1	iMM904.YHR183W	52.7	491	216	5	8	489	4	487	4.95e-178	508
QMW88225.1	iMM1415.110208	50.3	487	235	3	6	491	3	483	8.68e-175	499
QMW88225.1	iMM904.YGR256W	52.5	491	217	5	8	489	7	490	1.18e-174	499
QMW88225.1	iCHOv1.100765199	50.7	487	233	3	6	491	3	483	4.03e-173	495
QMW88225.1	iAT_PLT_636.5226	50.1	487	236	3	6	491	3	483	3.26e-172	493
QMW88225.1	iSynCJ816.SGL_RS12985	50.6	476	226	4	6	477	3	473	1.48e-158	458
QMW88225.1	iYO844.BSU23860	50.5	475	224	5	5	477	2	467	1.71e-158	457
QMW88226.1	iAF692.Mbar_A0034	69.7	347	100	2	2	348	3	344	4.72e-178	498
QMW88226.1	iAF987.Gmet_1311	68.6	350	104	3	1	350	1	344	2.78e-169	475
QMW88226.1	STM_v1_0.STM2109	64.6	359	112	3	2	350	3	356	1.19e-166	469
QMW88226.1	iML1515.b2053	64.1	359	114	3	2	350	3	356	9.75e-166	467
QMW88226.1	iSbBS512_1146.SbBS512_E1179	64.1	359	114	3	2	350	3	356	9.75e-166	467
QMW88226.1	iSF_1195.SF2116	64.1	359	114	3	2	350	3	356	9.75e-166	467
QMW88226.1	iSSON_1240.SSON_2106	64.1	359	114	3	2	350	3	356	9.75e-166	467
QMW88226.1	iAF987.Gmet_1488	63.7	350	120	3	1	350	1	343	7.12e-160	451
QMW88226.1	iLB1027_lipid.PHATRDRAFT_25417	63.5	351	120	4	2	349	7	352	3.33e-159	450
QMW88227.1	iAF692.Mbar_A0035	52.8	354	120	3	1	354	1	307	9.33e-130	373
QMW88227.1	iAF987.Gmet_1312	50.8	356	136	3	1	356	1	317	6.91e-122	353
QMW88228.1	iAF987.Gmet_1469	26.7	615	373	12	3	550	2	605	5.39e-54	192
QMW88228.1	iAF987.Gmet_1613	28.1	538	325	13	23	549	24	510	2.19e-47	176
QMW88230.1	iHN637.CLJU_RS14330	61.0	648	251	1	15	662	15	660	2.90e-295	820
QMW88230.1	iCN900.CD630_11910	55.3	656	291	1	7	662	7	660	9.53e-266	744
QMW88238.1	iYO844.BSU07840	28.9	609	328	22	25	564	43	615	6.81e-54	197
QMW88239.1	iAF987.Gmet_1991	23.2	224	151	8	414	626	191	404	2.03e-07	53.9
QMW88240.1	iHN637.CLJU_RS10465	30.4	79	52	2	647	724	475	551	1.17e-06	51.6
QMW88241.1	iYS854.USA300HOU_RS09450	29.9	174	102	7	57	221	35	197	1.80e-04	41.6
QMW88244.1	iCN900.CD630_04310	23.5	553	298	21	2	514	5	472	6.50e-18	86.3
QMW88244.1	STM_v1_0.STM0247	29.6	243	134	8	1	230	1	219	7.33e-18	84.7
QMW88244.1	iSbBS512_1146.SbBS512_E0193	29.6	243	134	8	1	230	1	219	2.39e-17	83.2
QMW88244.1	iSSON_1240.SSON_0213	29.6	243	134	8	1	230	1	219	2.39e-17	83.2
QMW88244.1	iML1515.b0199	29.6	243	134	8	1	230	1	219	3.21e-17	82.8
QMW88244.1	iSDY_1059.SDY_0218	29.2	243	135	8	1	230	1	219	4.31e-17	82.4
QMW88244.1	iCN900.CD630_07520	30.9	233	139	6	1	230	1	214	1.35e-17	82.0
QMW88244.1	iYL1228.KPN_00213	29.2	243	135	8	1	230	1	219	7.76e-17	81.6
QMW88244.1	iYO844.BSU32750	27.8	216	133	6	19	230	23	219	1.37e-16	80.9
QMW88244.1	iSF_1195.SF0190	29.2	243	135	8	1	230	1	219	1.40e-16	80.9
QMW88244.1	iCN900.CD630_14890	29.5	234	142	6	1	230	1	215	2.68e-16	79.7
QMW88244.1	iYL1228.KPN_00838	28.9	246	127	5	1	230	1	214	8.31e-17	79.7
QMW88244.1	iPC815.YPO2060	28.3	219	115	4	1	215	4	184	1.02e-16	79.7
QMW88244.1	iYL1228.KPN_02696	28.3	240	146	4	2	230	6	230	2.74e-16	78.6
QMW88244.1	iJN1463.PP_2416	29.6	216	112	5	7	211	17	203	4.01e-16	78.2
QMW88244.1	iYS854.USA300HOU_RS04405	27.7	224	136	8	13	230	16	219	1.07e-15	78.2
QMW88244.1	iML1515.b2306	28.3	240	146	4	2	230	6	230	5.01e-16	77.8
QMW88244.1	iYL1228.KPN_02373	29.9	221	109	6	1	215	4	184	4.47e-16	77.8
QMW88244.1	iSbBS512_1146.SbBS512_E2684	28.3	240	146	4	2	230	6	230	5.01e-16	77.8
QMW88244.1	iSDY_1059.SDY_2505	28.3	240	146	4	2	230	6	230	5.01e-16	77.8
QMW88244.1	iSF_1195.SF2382	28.3	240	146	4	2	230	6	230	5.01e-16	77.8
QMW88244.1	iSSON_1240.SSON_2364	28.3	240	146	4	2	230	6	230	5.01e-16	77.8
QMW88260.1	iAF987.Gmet_0043	22.4	388	272	9	664	1036	26	399	3.91e-17	85.9
QMW88264.1	iAF987.Gmet_3509	22.5	1044	754	21	2	1008	4	1029	9.38e-53	200
QMW88264.1	iJN1463.PP_3426	22.5	1047	744	24	5	1001	5	1034	1.61e-49	190
QMW88264.1	iJN1463.PP_0043	22.3	1054	744	23	2	1001	4	1036	3.70e-49	189
QMW88265.1	STM_v1_0.STM3390	25.1	370	233	13	7	341	12	372	4.81e-08	53.9
QMW88266.1	iYS854.USA300HOU_RS12590	45.7	427	229	2	6	430	1	426	5.26e-121	358
QMW88269.1	iYL1228.KPN_03153	63.4	593	212	2	1	591	1	590	7.60e-282	780
QMW88269.1	iML1515.b2802	62.7	593	216	2	1	591	1	590	3.08e-281	778
QMW88269.1	iSF_1195.SF2816	62.7	593	216	2	1	591	1	590	3.08e-281	778
QMW88269.1	STM_v1_0.STM2976	62.7	593	216	2	1	591	1	590	4.14e-279	773
QMW88269.1	iSDY_1059.SDY_3020	61.9	593	221	2	1	591	1	590	2.25e-276	766
QMW88270.1	iYL1228.KPN_01603	31.9	182	117	5	26	202	26	205	9.90e-23	90.9
QMW88270.1	STM_v1_0.STM2916	33.5	182	114	6	26	202	31	210	8.49e-22	88.6
QMW88270.1	iML1515.b2738	31.9	182	117	5	26	202	31	210	1.74e-20	85.1
QMW88270.1	iSbBS512_1146.SbBS512_E3136	31.9	182	117	5	26	202	31	210	1.74e-20	85.1
QMW88270.1	iSSON_1240.SSON_2886	31.9	182	117	5	26	202	31	210	1.74e-20	85.1
QMW88271.1	iPC815.YPO0330	39.7	459	267	3	10	466	2	452	1.66e-109	332
QMW88271.1	iYO844.BSU31200	38.2	468	282	3	9	475	3	464	2.95e-107	327
QMW88271.1	iHN637.CLJU_RS20995	37.5	469	286	4	9	476	4	466	1.42e-104	320
QMW88271.1	iML1515.b3904	39.4	475	273	5	4	474	2	465	4.55e-101	311
QMW88271.1	iSF_1195.SF3981	39.5	473	275	5	4	474	2	465	4.55e-101	311
QMW88271.1	iYL1228.KPN_04213	39.4	467	273	3	10	474	7	465	2.47e-100	309
QMW88271.1	iSSON_1240.SSON_4074	39.3	473	276	5	4	474	2	465	1.12e-98	305
QMW88271.1	STM_v1_0.STM4047	40.3	474	259	7	10	474	7	465	4.43e-98	303
QMW88273.1	iYL1228.KPN_03152	33.2	425	267	4	10	430	3	414	2.13e-71	231
QMW88273.1	iSF_1195.SF2815	32.9	420	265	4	15	430	23	429	3.17e-71	231
QMW88273.1	iSSON_1240.SSON_2958	32.9	420	265	4	15	430	23	429	1.24e-70	229
QMW88273.1	iML1515.b2801	32.9	420	265	4	15	430	23	429	1.74e-70	229
QMW88276.1	iSDY_1059.SDY_1022	27.9	154	94	6	194	342	30	171	8.58e-04	43.1
QMW88281.1	iAF987.Gmet_1914	27.8	126	88	2	311	435	4	127	1.58e-06	50.4
QMW88283.1	iCN900.CD630_10270	31.4	398	211	13	4	398	10	348	1.20e-57	193
QMW88284.1	iCN900.CD630_10260	49.2	248	114	4	18	265	1	236	5.61e-71	218
QMW88285.1	iCN900.CD630_10240	60.5	344	135	1	7	350	3	345	9.39e-146	419
QMW88285.1	iYS854.USA300HOU_RS05485	54.7	360	161	2	9	367	4	362	1.24e-132	387
QMW88286.1	iIT341.HP0824	30.9	110	46	4	253	362	17	96	2.97e-07	48.1
QMW88286.1	iYS854.USA300HOU_RS05725	48.8	43	21	1	256	298	19	60	2.84e-07	48.1
QMW88286.1	iML1515.b3781	45.2	42	22	1	257	298	24	64	8.06e-07	47.0
QMW88286.1	STM_v1_0.STM3915	45.2	42	22	1	257	298	24	64	8.06e-07	47.0
QMW88286.1	iSbBS512_1146.SbBS512_E4140	45.2	42	22	1	257	298	24	64	8.06e-07	47.0
QMW88286.1	iSDY_1059.SDY_3968	45.2	42	22	1	257	298	42	82	1.17e-06	47.0
QMW88286.1	iSF_1195.SF3854	45.2	42	22	1	257	298	42	82	1.17e-06	47.0
QMW88286.1	iSSON_1240.SSON_3952	45.2	42	22	1	257	298	42	82	1.17e-06	47.0
QMW88286.1	iYL1228.KPN_04282	44.2	43	23	1	256	298	23	64	1.10e-06	46.6
QMW88286.1	iPC815.YPO3868	33.0	94	36	3	256	349	23	89	1.08e-06	46.6
QMW88286.1	iAF692.Mbar_A2310	29.9	97	39	3	255	350	2	70	2.39e-06	45.1
QMW88286.1	iJN1463.PP_5215	40.5	42	24	1	257	298	25	65	9.70e-06	43.9
QMW88286.1	iJN1463.PP_0510	53.1	32	15	0	255	286	27	58	8.75e-05	43.5
QMW88287.1	iAF987.Gmet_3159	42.9	750	418	5	10	750	4	752	6.81e-212	622
QMW88288.1	iMM1415.14936	28.6	594	361	8	11	547	29	616	8.20e-63	219
QMW88288.1	iAT_PLT_636.2998	31.2	513	294	11	11	468	30	538	9.09e-62	215
QMW88288.1	iMM904.YLR258W	28.2	625	352	12	11	551	10	621	9.37e-62	215
QMW88288.1	iCHOv1.100769788	28.3	594	363	8	11	547	29	616	5.47e-61	214
QMW88288.1	iMM1415.232493	28.6	605	360	13	2	547	25	616	3.70e-61	213
QMW88288.1	iCHOv1.100770628	28.3	605	362	13	2	547	25	616	1.22e-59	209
QMW88288.1	iMM904.YFR015C	27.7	635	361	13	1	551	1	621	8.70e-59	207
QMW88289.1	iCN900.CD630_29590	38.9	144	86	1	6	147	12	155	1.60e-21	84.7
QMW88290.1	iCN900.CD630_29600	30.9	359	220	10	254	604	290	628	1.36e-30	126
QMW88290.1	iAF692.Mbar_A0391	26.8	399	245	15	234	603	255	635	1.07e-27	117
QMW88292.1	iCN900.CD630_29550	38.9	435	243	12	27	439	23	456	5.50e-83	262
QMW88292.1	iAF692.Mbar_A0385	35.5	453	269	9	8	438	3	454	3.64e-81	257
QMW88292.1	iMM904.YBR127C	37.2	425	239	10	42	440	66	488	5.34e-78	251
QMW88292.1	iAM_Pb448.PBANKA_100380	36.3	441	247	13	30	439	53	490	5.89e-78	250
QMW88292.1	iAM_Pc455.PCYB_031390	35.8	441	249	13	30	439	53	490	1.26e-76	246
QMW88292.1	iAM_Pv461.PVX_000935	35.8	441	249	13	30	439	53	490	2.50e-76	246
QMW88292.1	iAM_Pf480.PF3D7_0406100	35.8	441	249	13	30	439	53	490	4.94e-76	245
QMW88293.1	iCN900.CD630_29560	43.5	519	281	8	17	529	14	526	2.36e-138	414
QMW88293.1	iAF692.Mbar_A0386	42.5	503	275	7	31	529	28	520	1.22e-134	404
QMW88300.1	iYS854.USA300HOU_RS12030	29.0	231	139	8	2	211	3	229	3.17e-25	101
QMW88300.1	iYO844.BSU30450	27.2	206	145	4	1	204	1	203	9.34e-24	97.4
QMW88300.1	iSDY_1059.SDY_2375	28.3	223	147	5	2	215	339	557	1.53e-22	96.7
QMW88300.1	iSF_1195.SF0845	28.4	215	143	4	2	207	339	551	2.07e-22	96.3
QMW88300.1	iSSON_1240.SSON_0887	28.4	215	143	4	2	207	339	551	2.07e-22	96.3
QMW88300.1	iSbBS512_1146.SbBS512_E2443	28.4	215	143	4	2	207	339	551	5.16e-22	95.1
QMW88300.1	iML1515.b0886	27.9	215	144	4	2	207	339	551	1.28e-21	94.0
QMW88300.1	STM_v1_0.STM0956	28.8	215	142	4	2	207	339	551	1.28e-21	94.0
QMW88300.1	iJN1463.PP_4935	29.8	218	139	4	2	207	355	570	2.43e-21	93.2
QMW88306.1	iEK1008.Rv0125	28.6	280	167	7	118	386	76	333	1.08e-20	93.2
QMW88307.1	iSDY_1059.SDY_1403	36.3	336	196	8	43	372	12	335	4.18e-41	147
QMW88307.1	iML1515.b1325	36.6	317	184	7	61	372	17	321	4.39e-40	144
QMW88307.1	iSbBS512_1146.SbBS512_E1559	36.6	317	184	7	61	372	17	321	4.39e-40	144
QMW88307.1	iSF_1195.SF1331	36.6	317	184	7	61	372	17	321	4.39e-40	144
QMW88307.1	iSSON_1240.SSON_1813	38.2	296	166	7	61	351	17	300	4.07e-39	141
QMW88308.1	iML1515.b2175	34.5	119	64	5	188	303	79	186	2.40e-11	61.6
QMW88310.1	iYO844.BSU03860	27.0	189	122	4	2	178	3	187	4.25e-10	56.6
QMW88310.1	iNF517.LLMG_RS02910	25.6	172	114	3	18	178	24	192	1.11e-09	55.5
QMW88310.1	iJN1463.PP_1674	28.0	175	97	5	8	160	18	185	2.72e-08	51.2
QMW88311.1	iYO844.BSU23270	42.4	198	108	3	1	197	1	193	2.69e-45	149
QMW88311.1	iNF517.LLMG_RS07705	41.3	201	112	4	1	200	1	196	2.69e-45	149
QMW88313.1	iAF987.Gmet_0069	24.2	120	83	3	5	117	6	124	8.85e-05	42.4
QMW88315.1	iJN1463.PP_5326	64.5	251	89	0	2	252	31	281	3.79e-114	328
QMW88315.1	iCN900.CD630_32610	63.1	252	92	1	1	252	4	254	4.97e-113	324
QMW88315.1	iAF692.Mbar_A1781	60.9	248	96	1	5	252	12	258	1.79e-109	315
QMW88315.1	iHN637.CLJU_RS06095	61.5	247	94	1	6	252	4	249	2.16e-108	312
QMW88315.1	iYO844.BSU24950	62.4	242	91	0	11	252	19	260	4.46e-108	312
QMW88315.1	iPC815.YPO4114	60.1	248	99	0	5	252	11	258	3.40e-107	310
QMW88315.1	STM_v1_0.STM3854	60.5	248	98	0	5	252	10	257	4.67e-107	309
QMW88315.1	iML1515.b3725	60.1	248	99	0	5	252	10	257	9.40e-107	308
QMW88315.1	iSbBS512_1146.SbBS512_E4203	60.1	248	99	0	5	252	10	257	9.40e-107	308
QMW88315.1	iSDY_1059.SDY_4025	60.1	248	99	0	5	252	10	257	9.40e-107	308
QMW88315.1	iSF_1195.SF3730	60.1	248	99	0	5	252	10	257	9.40e-107	308
QMW88315.1	iSSON_1240.SSON_3909	60.1	248	99	0	5	252	10	257	9.40e-107	308
QMW88315.1	iYL1228.KPN_04130	60.1	248	99	0	5	252	10	257	1.89e-106	308
QMW88315.1	iYO844.BSU24960	59.5	247	100	0	6	252	23	269	1.15e-105	306
QMW88315.1	iYS854.USA300HOU_RS07055	56.0	250	110	0	3	252	34	283	3.72e-105	305
QMW88315.1	iAF987.Gmet_2704	60.0	250	97	2	4	252	5	252	1.23e-103	300
QMW88315.1	iNF517.LLMG_RS09490	60.1	243	97	0	10	252	11	253	3.64e-103	299
QMW88315.1	iSynCJ816.SGL_RS14185	56.7	254	99	2	8	252	18	269	1.26e-102	298
QMW88316.1	iAF692.Mbar_A1780	52.9	289	133	1	1	289	21	306	5.82e-98	290
QMW88317.1	iAF692.Mbar_A1779	55.0	258	110	3	138	392	36	290	3.26e-88	268
QMW88318.1	iAF692.Mbar_A1778	45.7	247	133	1	23	269	55	300	4.66e-69	215
QMW88319.1	iAF987.Gmet_0058	52.6	565	246	5	14	576	8	552	6.31e-215	608
QMW88319.1	iSbBS512_1146.SbBS512_E0570	53.0	566	243	8	16	579	10	554	9.92e-202	574
QMW88319.1	iYL1228.KPN_00701	52.7	566	246	7	16	579	10	555	2.06e-201	573
QMW88319.1	iSSON_1240.SSON_0634	53.0	566	243	8	16	579	10	554	2.82e-201	573
QMW88319.1	STM_v1_0.STM0686	52.5	566	247	7	16	579	10	555	8.32e-201	572
QMW88319.1	iSF_1195.SF0613	52.8	566	244	8	16	579	10	554	1.61e-200	571
QMW88319.1	iSDY_1059.SDY_0614	52.7	566	245	8	16	579	10	554	3.24e-200	570
QMW88319.1	iJN1463.PP_2904	51.2	562	254	7	16	575	23	566	1.17e-198	567
QMW88319.1	iPC815.YPO2630	51.9	561	247	8	16	574	10	549	5.39e-194	555
QMW88321.1	iNF517.LLMG_RS09290	31.7	202	128	4	11	212	9	200	2.13e-28	105
QMW88323.1	iMM1415.11757	27.8	133	81	5	24	145	70	198	4.59e-05	42.0
QMW88323.1	iAT_PLT_636.10935	27.8	133	81	6	24	145	69	197	1.14e-04	40.8
QMW88323.1	iIS312.TCDM_10705	26.5	132	84	5	20	141	141	269	5.79e-04	38.9
QMW88326.1	iCN900.CD630_26230	39.4	236	123	4	2	223	6	235	2.49e-46	153
QMW88327.1	iSynCJ816.SGL_RS16405	32.4	324	211	4	3	319	2	324	1.33e-50	171
QMW88329.1	iAF987.Gmet_2475	31.2	491	259	9	1	485	1	418	8.51e-62	207
QMW88329.1	iCN900.CD630_32530	32.5	493	247	12	1	478	1	422	2.34e-58	198
QMW88329.1	iHN637.CLJU_RS17100	29.1	498	275	13	1	481	1	437	3.40e-58	198
QMW88329.1	iLJ478.TM0166	32.5	424	197	10	1	410	1	349	1.32e-54	188
QMW88330.1	iML1515.b1010	33.6	122	80	1	2	122	3	124	1.87e-16	69.7
QMW88330.1	iSDY_1059.SDY_0985	33.6	122	80	1	2	122	3	124	1.87e-16	69.7
QMW88330.1	iSF_1195.SF1013	33.6	122	80	1	2	122	3	124	3.72e-16	68.9
QMW88332.1	iAF692.Mbar_A0230	56.3	183	79	1	1	182	1	183	4.91e-74	220
QMW88332.1	iHN637.CLJU_RS02745	54.5	178	79	2	4	180	7	183	6.93e-68	204
QMW88332.1	iHN637.CLJU_RS02630	54.8	177	78	2	4	179	7	182	2.31e-67	203
QMW88332.1	iSF_1195.SF2101	56.7	178	74	2	1	177	1	176	1.29e-66	201
QMW88332.1	iSbBS512_1146.SbBS512_E1195	57.3	171	71	2	1	170	1	170	2.40e-65	198
QMW88333.1	iYS854.USA300HOU_RS04040	33.6	321	185	6	12	331	9	302	1.11e-41	149
QMW88333.1	iYO844.BSU35530	33.0	321	190	5	6	325	9	305	5.05e-40	144
QMW88334.1	iEK1008.Rv3265c	27.6	246	149	9	27	252	26	262	1.37e-15	74.7
QMW88335.1	iAF987.Gmet_1430	56.2	443	188	2	1	437	1	443	4.17e-168	479
QMW88335.1	iPC815.YPO2174	51.5	441	210	2	1	437	1	441	9.03e-152	437
QMW88336.1	iYL1228.KPN_02492	58.9	350	128	1	1	350	1	334	2.30e-149	424
QMW88336.1	iSbBS512_1146.SbBS512_E1204	58.6	350	129	1	1	350	1	334	2.37e-144	411
QMW88336.1	iAF987.Gmet_2330	58.4	346	129	1	3	348	4	334	8.40e-143	407
QMW88338.1	iYO844.BSU35590	23.4	188	131	6	179	361	202	381	5.17e-08	53.9
QMW88338.1	iSynCJ816.SGL_RS09310	28.4	197	123	8	123	309	127	315	6.88e-08	53.5
QMW88340.1	iAF987.Gmet_3529	34.5	194	113	6	75	260	104	291	1.31e-23	99.4
QMW88341.1	iEK1008.Rv3782	27.0	244	164	4	6	235	8	251	1.07e-16	78.2
QMW88342.1	STM_v1_0.STM2089	29.0	297	196	9	3	293	8	295	3.89e-27	107
QMW88344.1	STM_v1_0.STM2091	46.5	359	184	4	1	355	1	355	4.38e-104	310
QMW88345.1	iPC815.YPO3115	55.8	258	112	2	1	257	5	261	6.85e-109	314
QMW88345.1	STM_v1_0.STM2092	56.2	258	111	2	1	257	1	257	1.32e-105	306
QMW88345.1	iSynCJ816.SGL_RS03545	53.3	257	118	2	1	256	1	256	8.46e-104	301
QMW88346.1	iYS854.USA300HOU_RS05150	25.1	227	162	4	164	382	265	491	5.68e-17	82.0
QMW88346.1	iYO844.BSU35730	21.4	220	165	4	163	378	300	515	3.19e-14	73.9
QMW88347.1	iYO844.BSU35680	34.9	218	126	8	9	218	11	220	1.52e-22	98.6
QMW88355.1	iCN900.CD630_25870	44.8	400	216	5	1	398	1	397	7.94e-113	335
QMW88355.1	iYO844.BSU15700	44.8	400	216	4	1	397	1	398	2.93e-109	326
QMW88355.1	iPC815.YPO0048	43.5	395	221	2	2	396	4	396	2.65e-101	306
QMW88361.1	iJN1463.PP_1904	42.1	330	186	4	3	328	22	350	3.29e-84	258
QMW88361.1	iCN718.ABAYE_RS07990	43.5	322	173	5	8	325	13	329	4.34e-80	247
QMW88361.1	iML1515.b3972	43.3	337	174	7	2	330	3	330	2.08e-77	240
QMW88361.1	iSDY_1059.SDY_3756	43.6	337	173	7	2	330	3	330	2.93e-77	239
QMW88361.1	iSbBS512_1146.SbBS512_E4460	43.0	337	175	7	2	330	3	330	9.32e-76	236
QMW88361.1	iSF_1195.SF4050	43.0	337	175	7	2	330	3	330	1.32e-75	235
QMW88361.1	iSSON_1240.SSON_4145	43.0	337	175	7	2	330	3	330	1.32e-75	235
QMW88361.1	STM_v1_0.STM4137	41.6	332	189	4	2	331	3	331	7.42e-75	233
QMW88363.1	iCN900.CD630_17920	59.4	315	127	1	1	315	1	314	4.32e-127	365
QMW88363.1	iYS854.USA300HOU_RS02905	53.3	315	146	1	1	315	1	314	1.52e-113	331
QMW88364.1	iPC815.YPO0059	59.6	391	155	2	7	394	12	402	2.32e-162	461
QMW88364.1	iYL1228.KPN_03962	58.3	396	163	1	1	394	1	396	1.53e-161	459
QMW88364.1	iML1515.b3617	58.7	397	161	2	1	394	1	397	3.69e-160	455
QMW88364.1	iSF_1195.SF3657	58.7	397	161	2	1	394	1	397	3.69e-160	455
QMW88364.1	iSDY_1059.SDY_4050	58.7	397	161	2	1	394	1	397	1.05e-159	454
QMW88364.1	iSbBS512_1146.SbBS512_E4045	58.4	397	162	2	1	394	1	397	1.49e-159	454
QMW88364.1	iSSON_1240.SSON_3787	58.4	397	162	2	1	394	1	397	3.00e-159	453
QMW88364.1	STM_v1_0.STM3709	58.4	397	162	2	1	394	1	397	1.22e-158	451
QMW88366.1	iYS854.USA300HOU_RS10275	31.1	161	109	1	1	159	1	161	5.25e-22	86.3
QMW88367.1	iJN1463.PP_5227	42.2	348	186	4	37	374	39	381	8.31e-81	253
QMW88367.1	iCN718.ABAYE_RS04825	38.1	362	216	4	15	374	26	381	5.12e-76	241
QMW88367.1	iIT341.HP0290	38.1	367	220	3	10	374	8	369	1.06e-75	239
QMW88368.1	iPC815.YPO3719	33.1	447	282	5	3	436	18	460	2.19e-66	219
QMW88368.1	STM_v1_0.STM4220	32.4	447	285	5	3	436	6	448	2.45e-65	216
QMW88368.1	iYL1228.KPN_04412	31.8	447	288	5	3	436	6	448	4.82e-65	215
QMW88368.1	iSF_1195.SF4181	32.7	447	284	5	3	436	6	448	2.62e-64	213
QMW88368.1	iSSON_1240.SSON_4202	32.7	447	284	5	3	436	6	448	2.62e-64	213
QMW88368.1	iML1515.b4024	32.7	447	284	5	3	436	6	448	3.67e-64	213
QMW88368.1	iSbBS512_1146.SbBS512_E4529	32.7	447	284	5	3	436	6	448	3.67e-64	213
QMW88368.1	iSDY_1059.SDY_4227	32.4	447	285	5	3	436	6	448	1.42e-63	211
QMW88368.1	iAF692.Mbar_A0861	32.5	465	270	14	3	433	4	458	4.45e-58	197
QMW88369.1	iCN900.CD630_14890	36.2	221	139	2	5	224	1	220	1.18e-43	149
QMW88369.1	iIT341.HP1576	37.7	204	124	3	5	206	2	204	1.60e-41	144
QMW88369.1	iYO844.BSU30420	39.9	188	110	3	15	200	19	205	9.90e-40	136
QMW88369.1	iCN900.CD630_19470	37.2	199	122	3	9	205	17	214	1.29e-39	136
QMW88370.1	iML1515.b2026	52.8	195	91	1	2	196	9	202	4.30e-68	206
QMW88370.1	iSSON_1240.SSON_2097	51.8	195	93	1	2	196	9	202	7.03e-67	203
QMW88370.1	iSDY_1059.SDY_2215	51.8	195	93	1	2	196	9	202	9.97e-67	203
QMW88370.1	iSbBS512_1146.SbBS512_E1206	51.3	195	94	1	2	196	9	202	2.84e-66	202
QMW88370.1	iSF_1195.SF2088	51.8	195	93	1	2	196	9	202	1.15e-65	200
QMW88370.1	STM_v1_0.STM2078	50.8	195	95	1	2	196	9	202	2.31e-65	199
QMW88370.1	iYL1228.KPN_02482	50.3	195	96	1	2	196	5	198	2.27e-64	197
QMW88370.1	iPC815.YPO1542	49.2	195	98	1	2	196	9	202	2.39e-60	187
QMW88371.1	iYO844.BSU34870	55.2	252	111	1	1	250	1	252	2.31e-96	282
QMW88371.1	iLJ478.TM1036	56.8	250	107	1	1	250	1	249	4.53e-94	276
QMW88371.1	iCN718.ABAYE_RS01735	51.0	251	122	1	1	250	1	251	1.66e-91	270
QMW88371.1	iHN637.CLJU_RS05755	54.8	252	112	1	1	250	1	252	6.96e-91	268
QMW88371.1	iJN1463.PP_0293	50.8	254	120	1	2	250	3	256	2.53e-89	264
QMW88371.1	iSynCJ816.SGL_RS10250	53.0	253	115	2	2	250	3	255	8.49e-89	263
QMW88371.1	iAF987.Gmet_0389	51.2	252	121	1	1	250	1	252	2.64e-88	261
QMW88371.1	iCN900.CD630_15530	52.2	251	119	1	1	250	1	251	5.13e-88	261
QMW88372.1	iPC815.YPO1544	38.6	236	140	1	4	234	2	237	5.28e-60	189
QMW88372.1	iSDY_1059.SDY_2217	38.6	236	140	1	4	234	3	238	6.18e-59	186
QMW88372.1	iSbBS512_1146.SbBS512_E1208	38.1	236	141	1	4	234	2	237	2.40e-58	184
QMW88372.1	iSF_1195.SF2086	38.1	236	141	1	4	234	2	237	2.40e-58	184
QMW88372.1	iSSON_1240.SSON_2095	38.6	236	140	1	4	234	3	238	2.48e-58	184
QMW88372.1	iML1515.b2024	38.1	236	141	1	4	234	2	237	4.81e-58	184
QMW88372.1	STM_v1_0.STM2076	39.0	236	139	2	4	234	2	237	4.81e-58	184
QMW88372.1	iCN900.CD630_15520	39.5	233	139	2	4	236	3	233	1.51e-55	177
QMW88372.1	iYL1228.KPN_02480	38.1	236	141	1	4	234	2	237	1.75e-55	177
QMW88372.1	iHN637.CLJU_RS05745	38.4	232	139	3	4	234	3	231	6.26e-54	173
QMW88372.1	iNF517.LLMG_RS06545	38.8	232	140	2	3	233	2	232	8.15e-54	173
QMW88373.1	iPC815.YPO1545	43.4	198	108	3	1	196	1	196	5.36e-53	167
QMW88373.1	iYL1228.KPN_02479	43.4	198	108	3	1	196	1	196	4.33e-52	165
QMW88373.1	iSF_1195.SF2085	43.4	198	108	3	1	196	1	196	2.47e-51	163
QMW88373.1	iML1515.b2023	42.9	198	109	3	1	196	1	196	3.50e-51	163
QMW88373.1	iSbBS512_1146.SbBS512_E1209	42.9	198	109	3	1	196	1	196	3.50e-51	163
QMW88373.1	iSDY_1059.SDY_2218	42.9	198	109	3	1	196	1	196	3.50e-51	163
QMW88373.1	iSSON_1240.SSON_2094	42.9	198	109	3	1	196	1	196	3.50e-51	163
QMW88373.1	STM_v1_0.STM2075	43.4	198	108	3	1	196	2	197	1.02e-50	162
QMW88373.1	iCN718.ABAYE_RS01780	40.8	201	111	5	2	195	3	202	2.19e-46	151
QMW88374.1	iSynCJ816.SGL_RS13830	51.4	282	135	2	4	285	5	284	1.42e-106	310
QMW88376.1	iYO844.BSU33400	49.4	261	128	3	2	260	7	265	6.61e-76	232
QMW88376.1	iHN637.CLJU_RS08755	44.3	253	139	1	6	258	10	260	9.21e-69	214
QMW88381.1	iML1515.b0543	29.7	74	52	0	35	108	33	106	4.22e-04	36.6
QMW88384.1	iNF517.LLMG_RS11185	38.3	81	50	0	321	401	41	121	6.75e-15	70.5
QMW88388.1	iML1515.b3943	24.4	303	205	6	12	307	9	294	2.83e-12	65.9
QMW88389.1	iCN900.CD630_27330	45.0	389	207	3	1	384	1	387	1.99e-122	358
QMW88389.1	iCN900.CD630_26960	42.0	388	217	3	2	381	3	390	3.45e-112	333
QMW88392.1	STM_v1_0.STM1522	28.1	342	242	3	14	353	13	352	2.12e-23	100
QMW88392.1	iYL1228.KPN_01628	27.9	341	244	2	14	353	13	352	1.88e-22	97.8
QMW88392.1	iSF_1195.SF1566	27.5	342	244	3	14	353	13	352	2.35e-20	91.3
QMW88392.1	iML1515.b1528	27.2	342	245	3	14	353	13	352	4.35e-20	90.9
QMW88392.1	iSSON_1240.SSON_1600	27.2	342	245	3	14	353	13	352	4.35e-20	90.9
QMW88393.1	iCN900.CD630_31890	33.8	151	97	2	51	200	3	151	6.14e-23	91.3
QMW88394.1	iNF517.LLMG_RS03870	49.7	585	282	7	3	584	4	579	2.59e-197	564
QMW88398.1	iCN900.CD630_03960	31.7	271	164	6	323	587	4	259	2.45e-26	109
QMW88400.1	iYO844.BSU11010	25.6	234	158	8	72	303	59	278	4.02e-04	41.6
QMW88401.1	iAF692.Mbar_A2125	33.7	258	153	5	4	245	2	257	1.10e-35	128
QMW88403.1	iCN900.CD630_31890	62.9	178	66	0	1	178	1	178	1.16e-82	241
QMW88406.1	STM_v1_0.STM2252	30.9	81	53	1	171	248	99	179	1.67e-05	44.7
QMW88406.1	iYL1228.KPN_02079	31.0	84	55	1	168	248	96	179	3.16e-04	40.8
QMW88406.1	iJN1463.PP_4325	32.8	58	37	1	171	228	102	157	4.41e-04	40.4
QMW88408.1	STM_v1_0.STM4277	45.9	449	227	3	52	492	38	478	1.34e-147	430
QMW88408.1	iML1515.b4070	46.3	449	225	5	52	492	38	478	4.00e-144	421
QMW88408.1	iSbBS512_1146.SbBS512_E4591	46.3	449	225	5	52	492	38	478	4.00e-144	421
QMW88408.1	iSSON_1240.SSON_4251	46.3	449	225	5	52	492	38	478	4.00e-144	421
QMW88408.1	iSF_1195.SF4130	46.1	449	226	5	52	492	38	478	9.13e-143	418
QMW88409.1	iAF987.Gmet_0295	32.4	145	78	3	25	165	16	144	1.93e-23	90.9
QMW88411.1	iYL1228.KPN_02593	30.8	130	82	2	34	157	14	141	1.57e-09	60.8
QMW88411.1	iML1515.b2155	30.5	128	85	2	34	157	33	160	3.67e-09	59.7
QMW88411.1	iSSON_1240.SSON_2211	30.5	128	85	2	34	157	33	160	3.67e-09	59.7
QMW88411.1	STM_v1_0.STM2199	30.8	130	82	2	34	157	33	160	4.83e-09	59.3
QMW88411.1	iIT341.HP0807	30.7	153	88	6	39	176	53	202	6.90e-09	58.9
QMW88411.1	iJN1463.PP_0525	33.1	136	84	4	20	152	47	178	6.25e-09	58.9
QMW88422.1	iML1515.b4322	63.0	389	138	2	5	387	2	390	1.46e-183	514
QMW88422.1	STM_v1_0.STM3135	62.7	389	139	2	5	387	2	390	2.08e-183	514
QMW88422.1	iSF_1195.SF4198	62.7	389	139	2	5	387	2	390	2.08e-183	514
QMW88422.1	iSSON_1240.SSON_4477	62.5	389	140	2	5	387	2	390	8.43e-183	512
QMW88422.1	iSbBS512_1146.SbBS512_E4792	62.0	389	142	2	5	387	2	390	7.98e-181	507
QMW88422.1	iPC815.YPO1283	59.6	391	148	3	5	387	2	390	7.73e-170	479
QMW88422.1	iYL1228.KPN_02604	59.3	386	151	2	5	384	2	387	9.98e-168	474
QMW88423.1	iSynCJ816.SGL_RS07245	34.9	261	148	5	10	268	7	247	7.65e-38	133
QMW88423.1	iHN637.CLJU_RS20765	34.6	260	150	5	7	264	4	245	1.82e-35	127
QMW88423.1	iHN637.CLJU_RS17225	34.9	258	148	5	9	264	8	247	7.45e-35	125
QMW88423.1	iLJ478.TM1724	34.1	258	153	4	7	264	3	243	6.76e-35	125
QMW88423.1	iSSON_1240.SSON_4451	32.2	264	164	4	1	264	1	249	8.82e-34	122
QMW88423.1	iML1515.b4266	32.2	264	164	4	1	264	1	249	1.24e-33	122
QMW88423.1	iCN900.CD630_11820	31.9	263	159	5	4	264	1	245	2.16e-33	121
QMW88423.1	iYO844.BSU15910	32.8	259	156	4	7	264	2	243	2.82e-33	121
QMW88423.1	iCN900.CD630_25770	31.9	260	159	4	7	265	1	243	7.62e-33	120
QMW88423.1	iAF987.Gmet_1601	31.2	260	160	4	6	264	2	243	7.80e-33	120
QMW88423.1	iJN1463.PP_2794	35.7	263	148	5	3	264	7	249	9.66e-33	120
QMW88424.1	iCN900.CD630_03000	25.0	248	156	10	119	353	90	320	1.64e-08	55.1
QMW88424.1	iLJ478.TM0114	22.4	294	193	10	80	352	44	323	1.31e-07	52.4
QMW88427.1	iCN900.CD630_30840	44.1	374	208	1	3	375	2	375	1.31e-109	325
QMW88427.1	STM_v1_0.STM0525	43.3	379	206	3	3	377	2	375	3.20e-107	319
QMW88427.1	iYL1228.KPN_03536	45.1	355	194	1	3	356	2	356	4.38e-107	319
QMW88427.1	iSbBS512_1146.SbBS512_E3234	44.1	370	204	2	3	371	2	369	5.68e-105	313
QMW88427.1	iSDY_1059.SDY_3318	44.3	370	203	2	3	371	29	396	1.88e-104	313
QMW88427.1	iPC815.YPO3980	43.2	373	209	2	3	374	2	372	1.03e-104	313
QMW88427.1	iML1515.b3124	44.1	370	204	2	3	371	2	369	2.28e-104	312
QMW88427.1	iSF_1195.SF3161	44.1	370	204	2	3	371	29	396	5.33e-104	312
QMW88427.1	iSSON_1240.SSON_3279	43.8	370	205	2	3	371	29	396	8.56e-103	309
QMW88427.1	iYO844.BSU40040	43.9	376	208	2	3	377	2	375	3.04e-102	306
QMW88427.1	iHN637.CLJU_RS18905	44.0	377	206	4	3	376	2	376	1.43e-101	305
QMW88427.1	iHN637.CLJU_RS13885	41.5	381	217	3	1	377	1	379	9.19e-101	303
QMW88427.1	STM_v1_0.STM3247	43.1	355	201	1	3	356	2	356	2.69e-100	301
QMW88427.1	STM_v1_0.STM2959	42.7	370	209	2	3	371	2	369	3.35e-98	296
QMW88427.1	iYS854.USA300HOU_RS13175	41.7	381	214	4	1	377	3	379	6.70e-98	295
QMW88427.1	iML1515.b0514	41.6	375	215	3	3	374	2	375	2.77e-97	294
QMW88428.1	iJN1463.PP_1376	31.7	123	80	3	336	455	74	195	4.03e-08	55.1
QMW88432.1	iCN718.ABAYE_RS14975	67.0	418	138	0	387	804	5	422	4.17e-214	609
QMW88433.1	iCN718.ABAYE_RS14970	54.6	383	172	1	2	382	3	385	7.55e-149	426
QMW88435.1	iSDY_1059.SDY_0829	25.2	258	166	11	1	250	4	242	4.39e-08	52.4
QMW88435.1	iSF_1195.SF0727	25.2	258	166	11	1	250	4	242	4.39e-08	52.4
QMW88435.1	iML1515.b0777	25.4	260	163	12	1	250	4	242	8.00e-08	51.6
QMW88436.1	iCN718.ABAYE_RS14960	58.7	208	86	0	1	208	1	208	5.82e-86	253
QMW88437.1	iAF987.Gmet_0043	24.1	386	251	11	410	776	25	387	4.43e-22	100
QMW88438.1	iMM904.YBR218C	38.1	97	59	1	79	174	1074	1170	9.29e-13	65.1
QMW88438.1	iMM904.YGL062W	41.9	105	50	3	80	174	1066	1169	1.71e-12	64.3
QMW88438.1	iAF987.Gmet_0816	53.8	65	30	0	108	172	1082	1146	5.81e-12	62.8
QMW88438.1	iAT_PLT_636.56922	57.7	52	22	0	110	161	651	702	1.37e-11	61.6
QMW88438.1	iAT_PLT_636.5095	31.6	114	72	2	65	174	617	728	4.65e-11	60.1
QMW88438.1	iMM1415.110821	28.5	165	108	5	17	174	563	724	6.31e-11	59.7
QMW88438.1	iCHOv1.100765530	27.8	169	112	5	13	174	558	723	8.56e-11	59.3
QMW88439.1	iYO844.BSU24340	55.2	444	197	2	1	442	1	444	3.23e-177	505
QMW88439.1	iAF692.Mbar_A1587	51.9	480	229	2	1	479	1	479	3.07e-173	496
QMW88439.1	iYS854.USA300HOU_RS08155	53.8	442	202	2	2	441	1	442	5.44e-166	476
QMW88439.1	iCN900.CD630_19380	51.4	449	217	1	1	448	1	449	7.13e-162	466
QMW88439.1	iAF987.Gmet_0984	53.4	442	204	2	1	441	1	441	3.20e-161	464
QMW88439.1	iHN637.CLJU_RS20745	51.2	445	216	1	1	444	1	445	7.63e-160	461
QMW88439.1	iSynCJ816.SGL_RS13980	51.7	439	211	1	4	441	5	443	3.18e-159	459
QMW88440.1	iLJ478.TM0716	60.5	516	199	3	1	514	3	515	1.80e-222	623
QMW88440.1	iCHOv1.100759926	60.9	511	186	3	8	514	39	539	4.58e-219	615
QMW88440.1	iLB1027_lipid.PHATRDRAFT_45886	61.7	499	179	3	18	514	93	581	4.62e-217	612
QMW88440.1	iAT_PLT_636.5096	59.4	529	185	3	8	514	39	559	4.98e-216	608
QMW88442.1	iHN637.CLJU_RS10610	45.9	492	263	3	6	496	10	499	2.42e-127	380
QMW88445.1	iAF987.Gmet_1919	31.7	123	73	4	8	123	6	124	8.24e-10	57.8
QMW88452.1	iCN900.CD630_19470	50.2	203	100	1	18	219	26	228	2.89e-63	196
QMW88452.1	iJN1463.PP_4210	48.1	206	107	0	17	222	22	227	5.44e-59	196
QMW88452.1	iYO844.BSU30420	48.8	203	103	1	15	216	19	221	1.89e-59	187
QMW88453.1	iML1515.b3265	23.0	213	129	5	219	404	160	364	4.57e-06	48.1
QMW88453.1	iSbBS512_1146.SbBS512_E3648	23.0	213	129	5	219	404	160	364	4.57e-06	48.1
QMW88453.1	STM_v1_0.STM3390	22.5	213	130	5	219	404	160	364	1.02e-04	43.9
QMW88453.1	iML1515.b0463	23.0	213	129	5	219	404	161	365	1.37e-04	43.5
QMW88453.1	iSDY_1059.SDY_0456	23.0	209	130	5	219	402	161	363	1.37e-04	43.5
QMW88454.1	iAF987.Gmet_1919	31.1	119	77	1	5	123	4	117	2.89e-08	55.1
QMW88454.1	iAF987.Gmet_1914	29.4	109	72	1	6	114	4	107	2.06e-07	52.8
QMW88457.1	iML1515.b1022	34.4	93	57	1	51	143	72	160	1.15e-07	53.1
QMW88458.1	STM_v1_0.STM2992	27.0	137	89	3	1	134	291	419	3.04e-05	42.4
QMW88458.1	iML1515.b2818	27.2	136	88	3	1	133	291	418	5.59e-05	41.6
QMW88458.1	iSbBS512_1146.SbBS512_E3044	27.2	136	88	3	1	133	291	418	5.59e-05	41.6
QMW88458.1	iSDY_1059.SDY_3035	27.2	136	88	3	1	133	291	418	5.59e-05	41.6
QMW88458.1	iSF_1195.SF2829	27.2	136	88	3	1	133	291	418	5.59e-05	41.6
QMW88458.1	iYL1228.KPN_03226	27.2	136	88	3	1	133	291	418	7.57e-05	41.2
QMW88458.1	iSSON_1240.SSON_2975	27.2	136	88	3	1	133	291	418	1.39e-04	40.4
QMW88458.1	iPC815.YPO1022	24.8	137	90	4	1	133	290	417	4.68e-04	38.9
QMW88460.1	iHN637.CLJU_RS10450	49.1	391	199	0	4	394	3	393	1.17e-132	385
QMW88460.1	iCN900.CD630_13390	45.6	390	212	0	5	394	4	393	1.09e-130	380
QMW88462.1	iCN900.CD630_07370	23.7	266	161	12	8	247	5	254	1.43e-06	48.1
QMW88463.1	iCN900.CD630_04310	24.0	520	312	17	6	503	5	463	1.24e-23	104
QMW88463.1	iPC815.YPO3012	31.5	238	126	5	6	229	3	217	7.45e-21	94.4
QMW88466.1	iAF987.Gmet_2999	36.3	135	84	2	6	138	10	144	3.02e-14	70.5
QMW88467.1	iAF987.Gmet_0043	25.7	179	126	4	418	591	91	267	2.12e-07	53.5
QMW88475.1	iLB1027_lipid.PHATRDRAFT_49505	47.8	452	229	2	7	458	8	452	9.73e-149	431
QMW88483.1	iSF_1195.SF0957	38.0	108	59	5	243	345	201	305	3.32e-06	48.1
QMW88483.1	iPC815.YPO1435	32.1	134	73	5	212	343	191	308	4.47e-06	47.8
QMW88483.1	iML1515.b0957	37.1	89	51	3	260	345	217	303	7.77e-06	47.0
QMW88483.1	iSbBS512_1146.SbBS512_E2359	37.1	89	51	3	260	345	217	303	7.77e-06	47.0
QMW88483.1	iSDY_1059.SDY_0930	37.1	89	51	3	260	345	221	307	7.85e-06	47.0
QMW88483.1	iSSON_1240.SSON_0961	37.1	89	51	3	260	345	217	303	7.77e-06	47.0
QMW88483.1	iYL1228.KPN_00986	35.6	90	51	3	260	345	227	313	3.30e-05	45.1
QMW88486.1	iPC815.YPO1435	31.3	134	74	5	211	342	191	308	1.89e-06	48.9
QMW88486.1	iSF_1195.SF0957	36.4	99	57	4	242	336	201	297	1.83e-05	45.8
QMW88486.1	iML1515.b0957	35.0	80	49	2	259	336	217	295	3.22e-05	45.1
QMW88486.1	iSbBS512_1146.SbBS512_E2359	35.0	80	49	2	259	336	217	295	3.22e-05	45.1
QMW88486.1	iSDY_1059.SDY_0930	35.0	80	49	2	259	336	221	299	3.25e-05	45.1
QMW88486.1	iSSON_1240.SSON_0961	35.0	80	49	2	259	336	217	295	3.22e-05	45.1
QMW88491.1	iML1515.b0957	34.1	88	55	3	261	346	217	303	3.25e-05	45.1
QMW88491.1	iSbBS512_1146.SbBS512_E2359	34.1	88	55	3	261	346	217	303	3.25e-05	45.1
QMW88491.1	iSDY_1059.SDY_0930	34.1	88	55	3	261	346	221	307	3.28e-05	45.1
QMW88491.1	iSF_1195.SF0957	34.1	88	55	3	261	346	219	305	3.26e-05	45.1
QMW88491.1	iSSON_1240.SSON_0961	34.1	88	55	3	261	346	217	303	3.25e-05	45.1
QMW88491.1	iYL1228.KPN_00986	34.8	89	53	3	261	346	227	313	2.42e-04	42.4
QMW88491.1	iPC815.YPO1435	32.6	86	55	3	261	344	224	308	3.20e-04	42.0
QMW88501.1	iEK1008.Rv2612c	31.5	165	91	5	13	170	14	163	1.32e-18	80.5
QMW88501.1	iAF692.Mbar_A1498	37.8	164	74	6	64	215	20	167	8.80e-17	74.7
QMW88503.1	iPC815.YPO3179	42.2	147	74	6	10	153	16	154	6.78e-28	101
QMW88503.1	iYL1228.KPN_00370	43.3	141	69	7	10	147	7	139	1.15e-27	100
QMW88503.1	STM_v1_0.STM0420	42.6	141	70	7	10	147	23	155	4.94e-27	99.4
QMW88503.1	iML1515.b0418	41.8	141	71	7	10	147	23	155	2.01e-26	97.8
QMW88503.1	iSbBS512_1146.SbBS512_E0339	41.8	141	71	7	10	147	23	155	2.01e-26	97.8
QMW88503.1	iSDY_1059.SDY_0316	41.8	141	71	7	10	147	23	155	1.96e-26	97.8
QMW88503.1	iSSON_1240.SSON_0395	41.8	141	71	7	10	147	23	155	2.01e-26	97.8
QMW88503.1	iSF_1195.SF0355	41.1	141	72	7	10	147	23	155	7.99e-26	96.3
QMW88503.1	iJN1463.PP_0520	41.3	150	78	7	11	158	25	166	7.85e-25	93.6
QMW88504.1	iIS312.TCDM_08270	34.2	392	225	10	11	376	57	441	1.70e-54	189
QMW88504.1	iLB1027_lipid.PHATRDRAFT_45120	30.6	458	272	10	1	421	48	496	1.28e-52	184
QMW88504.1	iMM1415.71780	32.7	446	257	10	11	421	58	495	2.84e-51	181
QMW88504.1	iMM904.YJL153C	29.5	457	274	12	11	421	65	519	1.89e-50	178
QMW88507.1	iAF987.Gmet_1919	31.1	119	78	1	2	120	5	119	9.12e-12	65.9
QMW88507.1	iAF987.Gmet_1914	27.6	152	89	2	2	153	4	134	3.23e-11	64.7
QMW88509.1	iAF987.Gmet_1991	26.5	162	115	3	625	784	176	335	9.26e-07	52.4
QMW88511.1	iJN1463.PP_4210	22.7	233	162	5	128	357	382	599	9.82e-08	53.9
QMW88514.1	iSynCJ816.SGL_RS08135	35.0	417	259	6	13	419	12	426	8.54e-78	249
QMW88515.1	iYS854.USA300HOU_RS14370	38.4	138	68	6	50	173	340	474	3.72e-13	69.3
QMW88516.1	iCHOv1.100754972	38.0	137	74	4	25	160	18	144	8.57e-23	87.8
QMW88516.1	iMM1415.72269	38.0	137	74	4	25	160	18	144	2.35e-22	86.7
QMW88516.1	iHN637.CLJU_RS08905	40.5	131	69	4	23	153	4	125	4.60e-22	85.5
QMW88516.1	iLJ478.TM0846	38.8	129	69	3	25	153	7	125	2.04e-20	81.3
QMW88516.1	iYO844.BSU25300	38.4	138	76	3	23	160	4	132	3.18e-20	80.9
QMW88516.1	iCN900.CD630_24380	40.4	136	72	5	25	159	6	133	4.15e-20	80.5
QMW88519.1	iYS854.USA300HOU_RS03105	41.8	459	244	6	1	456	1	439	3.82e-117	350
QMW88520.1	iPC815.YPO2060	31.9	210	107	7	1	200	1	184	3.15e-19	87.0
QMW88520.1	iYL1228.KPN_02373	31.1	212	100	6	3	200	5	184	5.58e-19	86.3
QMW88520.1	iJN1463.PP_2416	31.5	216	125	5	18	222	26	229	1.27e-18	85.5
QMW88520.1	iAF692.Mbar_A2149	27.4	237	160	5	8	237	9	240	3.96e-17	83.6
QMW88520.1	iSDY_1059.SDY_1145	28.8	243	117	7	3	218	5	218	4.76e-18	83.6
QMW88520.1	iML1515.b1858	28.8	243	117	7	3	218	5	218	6.45e-18	83.2
QMW88520.1	iSSON_1240.SSON_1283	28.8	243	117	7	3	218	5	218	6.45e-18	83.2
QMW88520.1	iSbBS512_1146.SbBS512_E0954	28.8	243	117	7	3	218	5	218	8.74e-18	82.8
QMW88520.1	iSF_1195.SF1867	28.8	243	117	7	3	218	5	218	1.60e-17	82.0
QMW88520.1	iSynCJ816.SGL_RS14425	27.4	234	155	5	3	232	51	273	2.71e-17	82.0
QMW88520.1	iCN900.CD630_34170	27.5	244	143	6	3	230	4	229	8.60e-17	81.6
QMW88520.1	iPC815.YPO3627	33.0	200	111	8	2	196	12	193	3.01e-17	81.6
QMW88520.1	iAF987.Gmet_2439	28.2	206	141	5	3	208	6	204	4.04e-17	80.9
QMW88520.1	iJN1463.PP_0240	31.2	199	116	7	2	196	16	197	7.31e-17	80.5
QMW88520.1	iYS854.USA300HOU_RS08305	28.2	234	139	10	5	223	13	232	1.16e-16	79.7
QMW88520.1	iAF987.Gmet_0492	29.6	230	146	10	3	223	6	228	1.96e-16	79.0
QMW88521.1	iCN718.ABAYE_RS13345	47.0	166	84	3	91	253	76	240	1.56e-45	152
QMW88521.1	iYL1228.KPN_04378	39.8	191	113	2	65	254	57	246	8.09e-45	151
QMW88521.1	iJN1463.PP_4029	41.8	184	106	1	75	257	80	263	1.47e-43	148
QMW88521.1	STM_v1_0.STM4166	41.2	170	99	1	86	254	77	246	7.71e-42	143
QMW88521.1	iSDY_1059.SDY_3730	37.7	191	117	2	65	254	57	246	4.27e-41	141
QMW88521.1	iML1515.b3996	36.6	191	119	2	65	254	57	246	8.47e-41	140
QMW88521.1	iSSON_1240.SSON_4169	36.6	191	119	2	65	254	57	246	8.47e-41	140
QMW88521.1	iSF_1195.SF4068	36.6	191	119	2	65	254	57	246	1.19e-40	140
QMW88521.1	iPC815.YPO3736	38.8	170	103	1	86	254	77	246	7.12e-40	138
QMW88521.1	iSbBS512_1146.SbBS512_E4487	39.3	168	101	1	88	254	79	246	9.28e-40	138
QMW88523.1	iYS854.USA300HOU_RS13930	26.6	331	216	11	29	338	38	362	8.65e-13	68.9
QMW88525.1	iYO844.BSU09310	46.0	535	270	9	32	553	23	551	9.55e-157	461
QMW88525.1	iCN900.CD630_15770	44.3	574	291	8	11	577	4	555	2.45e-147	436
QMW88527.1	iML1515.b1856	30.3	132	61	3	34	159	293	399	7.19e-09	57.8
QMW88531.1	iYO844.BSU31930	55.9	367	157	4	1	366	1	363	5.92e-135	389
QMW88531.1	iYS854.USA300HOU_RS09065	53.7	367	168	2	1	366	1	366	6.40e-133	384
QMW88531.1	iEK1008.Rv2780	51.4	356	173	0	1	356	1	356	5.03e-127	369
QMW88531.1	iSynCJ816.SGL_RS02960	51.3	359	173	2	1	359	1	357	2.80e-121	354
QMW88532.1	iHN637.CLJU_RS20775	42.7	300	167	4	5	303	7	302	1.61e-69	218
QMW88532.1	iLJ478.TM0800	40.5	309	176	4	2	308	5	307	1.92e-68	215
QMW88532.1	iCN900.CD630_11800	40.0	300	176	3	1	299	1	297	4.17e-66	209
QMW88536.1	iAF987.Gmet_1988	45.4	271	144	2	8	278	4	270	4.71e-77	235
QMW88536.1	iHN637.CLJU_RS12010	43.1	274	152	2	7	280	5	274	1.65e-69	216
QMW88536.1	iCN900.CD630_23700	43.7	270	147	3	11	280	1	265	1.56e-68	213
QMW88540.1	iYS854.USA300HOU_RS03935	75.0	148	35	2	3	149	9	155	6.47e-79	230
QMW88542.1	iYS854.USA300HOU_RS03845	59.2	218	87	1	1	218	4	219	7.00e-95	276
QMW88542.1	iSbBS512_1146.SbBS512_E0367	56.9	211	89	2	7	215	4	214	4.09e-84	249
QMW88542.1	iSDY_1059.SDY_0286	56.9	211	89	2	7	215	4	214	4.09e-84	249
QMW88542.1	iSF_1195.SF0389	56.9	211	89	2	7	215	4	214	4.09e-84	249
QMW88542.1	iSSON_1240.SSON_0432	56.9	211	89	2	7	215	4	214	4.09e-84	249
QMW88551.1	iSynCJ816.SGL_RS17385	52.6	327	155	0	5	331	3	329	5.57e-113	330
QMW88551.1	iPC815.YPO2329	54.2	325	148	1	5	329	3	326	1.65e-111	327
QMW88551.1	iML1515.b1380	50.5	327	161	1	5	331	3	328	6.87e-108	317
QMW88551.1	iSbBS512_1146.SbBS512_E1618	50.5	327	161	1	5	331	3	328	6.87e-108	317
QMW88551.1	iSSON_1240.SSON_1744	50.5	327	161	1	5	331	3	328	6.87e-108	317
QMW88551.1	iSF_1195.SF1814	50.5	327	161	1	5	331	3	328	9.73e-108	317
QMW88551.1	STM_v1_0.STM1647	52.2	314	149	1	5	318	3	315	3.92e-107	315
QMW88551.1	iYL1228.KPN_01449	51.1	327	159	1	5	331	3	328	5.56e-107	315
QMW88551.1	iSDY_1059.SDY_1464	49.8	327	163	1	5	331	3	328	3.18e-106	313
QMW88551.1	iJN1463.PP_1649	50.8	323	150	2	8	326	19	336	2.57e-103	306
QMW88553.1	iSynCJ816.SGL_RS10830	46.4	211	112	1	3	213	21	230	2.39e-66	203
QMW88553.1	STM_v1_0.STM1448	48.4	213	109	1	1	213	7	218	9.36e-66	201
QMW88553.1	iYL1228.KPN_01976	46.9	213	112	1	1	213	9	220	3.26e-64	197
QMW88553.1	iML1515.b1638	46.9	213	112	1	1	213	7	218	4.34e-64	197
QMW88553.1	iSDY_1059.SDY_1861	46.9	213	112	1	1	213	7	218	4.34e-64	197
QMW88553.1	iSF_1195.SF1663	46.9	213	112	1	1	213	7	218	4.34e-64	197
QMW88553.1	iJN1463.PP_1129	46.0	213	112	2	3	213	4	215	7.92e-64	196
QMW88553.1	iSbBS512_1146.SbBS512_E1830	46.5	213	113	1	1	213	7	218	3.51e-63	195
QMW88553.1	iSSON_1240.SSON_1518	46.5	213	113	1	1	213	7	218	3.51e-63	195
QMW88553.1	iPC815.YPO2370	46.4	211	112	1	3	213	8	217	3.16e-61	190
QMW88553.1	iCN718.ABAYE_RS01365	44.7	215	116	3	1	213	5	218	1.06e-59	186
QMW88556.1	iCN900.CD630_11340	60.7	122	47	1	3	124	1	121	6.22e-52	159
QMW88559.1	iAF692.Mbar_A2310	31.9	47	31	1	83	129	2	47	1.75e-05	41.6
QMW88559.1	iML1515.b2480	27.1	140	72	6	56	176	4	132	3.40e-04	39.3
QMW88559.1	iSbBS512_1146.SbBS512_E2852	27.1	140	72	6	56	176	4	132	3.40e-04	39.3
QMW88559.1	iSDY_1059.SDY_2669	27.1	140	72	6	56	176	4	132	3.40e-04	39.3
QMW88559.1	iSF_1195.SF2523	27.1	140	72	6	56	176	4	132	3.40e-04	39.3
QMW88559.1	iSSON_1240.SSON_2561	27.1	140	72	6	56	176	4	132	3.40e-04	39.3
QMW88559.1	iYL1228.KPN_02814	26.4	140	73	6	56	176	4	132	4.62e-04	38.9
QMW88559.1	iPC815.YPO3064	25.0	140	75	6	56	176	5	133	8.65e-04	38.1
QMW88569.1	iAF692.Mbar_A1452	39.9	719	366	8	110	824	4	660	4.66e-183	540
QMW88571.1	iHN637.CLJU_RS03480	41.5	53	29	1	248	298	5	57	2.27e-05	45.4
QMW88571.1	iHN637.CLJU_RS08485	38.5	65	35	2	248	307	14	78	2.28e-05	45.4
QMW88571.1	iAF692.Mbar_A2943	41.5	41	24	0	250	290	737	777	3.46e-04	42.0
QMW88572.1	iHN637.CLJU_RS01190	21.9	356	232	10	328	670	22	344	7.04e-10	61.6
QMW88572.1	iYO844.BSU36810	26.9	219	142	6	464	670	140	352	1.66e-09	60.5
QMW88572.1	iNF517.LLMG_RS09735	26.1	299	192	11	426	705	104	392	2.17e-09	60.1
QMW88572.1	iYS854.USA300HOU_RS11360	27.1	266	169	9	464	710	137	396	2.17e-09	60.1
QMW88572.1	iCN900.CD630_34680	24.5	261	172	7	464	705	134	388	2.63e-08	56.6
QMW88572.1	iLB1027_lipid.PHATRDRAFT_54086	23.3	326	184	11	403	698	122	411	3.70e-08	56.2
QMW88572.1	iEK1008.Rv1310	26.6	214	147	5	464	669	153	364	4.77e-08	55.8
QMW88573.1	iAF987.Gmet_1991	27.6	87	63	0	441	527	195	281	6.66e-05	45.8
QMW88578.1	iML1515.b2199	22.2	126	95	1	130	252	60	185	9.64e-05	42.4
QMW88578.1	iSbBS512_1146.SbBS512_E0742	22.2	126	95	1	130	252	60	185	9.64e-05	42.4
QMW88578.1	iSDY_1059.SDY_0879	22.2	126	95	1	130	252	60	185	9.64e-05	42.4
QMW88578.1	iSF_1195.SF2283	22.2	126	95	1	130	252	60	185	9.64e-05	42.4
QMW88578.1	iSSON_1240.SSON_2257	22.2	126	95	1	130	252	60	185	9.64e-05	42.4
QMW88578.1	iPC815.YPO2736	33.3	75	42	2	130	200	60	130	1.73e-04	41.6
QMW88579.1	iJN1463.PP_2943	43.6	307	169	4	147	452	28	331	8.40e-79	248
QMW88580.1	iAF987.Gmet_0247	49.7	288	137	2	1	286	1	282	3.80e-90	269
QMW88580.1	iYO844.BSU24310	47.6	290	141	3	2	291	4	282	2.81e-88	264
QMW88580.1	iYS854.USA300HOU_RS05295	48.6	286	136	4	3	288	5	279	4.38e-88	264
QMW88580.1	iNF517.LLMG_RS08520	49.1	289	136	3	1	289	1	278	1.21e-87	263
QMW88580.1	iCHOv1.100770086	48.5	295	145	3	3	291	39	332	5.31e-86	261
QMW88580.1	iAT_PLT_636.10797	48.8	295	144	3	3	291	39	332	5.31e-86	261
QMW88580.1	iAF987.Gmet_1162	49.3	288	135	3	2	289	3	279	2.77e-86	259
QMW88580.1	iMM1415.17768	49.2	295	143	3	3	291	20	313	9.55e-85	257
QMW88580.1	iIT341.HP0577	42.9	289	155	2	1	289	8	286	2.08e-82	249
QMW88580.1	iMM904.YBR084W	44.1	290	155	3	3	289	37	322	9.32e-76	248
QMW88580.1	iSynCJ816.SGL_RS13155	43.3	289	158	2	3	291	10	292	5.08e-81	246
QMW88580.1	STM_v1_0.STM0542	48.6	284	136	3	3	286	5	278	5.95e-81	246
QMW88581.1	iAF987.Gmet_3529	28.3	293	176	10	29	308	14	285	2.53e-24	102
QMW88587.1	iPC815.YPO3230	46.9	480	254	1	36	515	7	485	2.50e-153	446
QMW88587.1	STM_v1_0.STM0316	47.5	480	251	1	36	515	7	485	1.38e-152	444
QMW88587.1	iSDY_1059.SDY_0480	47.1	480	253	1	36	515	7	485	1.38e-152	444
QMW88587.1	iSSON_1240.SSON_0279	47.1	480	253	1	36	515	7	485	1.38e-152	444
QMW88587.1	iSbBS512_1146.SbBS512_E0234	47.1	480	253	1	36	515	7	485	1.95e-152	444
QMW88587.1	iML1515.b0237	47.1	480	253	1	36	515	7	485	5.53e-152	442
QMW88587.1	iSF_1195.SF0285	46.9	480	254	1	36	515	7	485	7.83e-152	442
QMW88587.1	iYL1228.KPN_00249	49.3	442	223	1	74	515	9	449	2.59e-146	427
QMW88593.1	iMM1415.15212	24.9	474	316	13	36	493	63	512	1.59e-37	144
QMW88593.1	iMM1415.15211	24.5	424	291	10	90	506	114	515	1.35e-34	136
QMW88593.1	iCHOv1.100750552	25.4	426	285	12	90	506	114	515	2.50e-34	135
QMW88593.1	iCHOv1.100756663	24.7	425	286	12	90	506	121	519	8.47e-34	134
QMW88593.1	iCHOv1.100756951	23.9	422	293	11	90	506	121	519	9.85e-33	130
QMW88594.1	iMM1415.11883	29.3	461	239	20	8	448	1	394	2.53e-39	149
QMW88594.1	iCHOv1.100754567	30.2	457	238	20	9	448	3	395	1.06e-38	147
QMW88594.1	iCHOv1.100753973	26.9	453	223	19	24	448	28	400	1.13e-38	147
QMW88594.1	iAT_PLT_636.412	27.2	463	231	13	27	429	34	450	1.16e-35	139
QMW88595.1	iML1515.b0577	36.6	355	204	3	55	388	45	399	4.56e-75	238
QMW88596.1	iAT_PLT_636.412	29.5	516	291	15	23	486	26	520	4.72e-51	183
QMW88597.1	iMM1415.15211	28.3	448	264	10	102	542	114	511	3.95e-45	169
QMW88597.1	iCHOv1.100750552	27.4	449	267	10	102	542	114	511	9.92e-45	168
QMW88598.1	iJN1463.PP_0077	27.0	485	284	14	89	558	5	434	1.75e-33	133
QMW88598.1	iMM1415.75612	27.2	430	221	16	89	491	40	404	6.53e-33	132
QMW88603.1	iAF987.Gmet_0043	23.6	415	278	7	765	1170	3	387	2.11e-24	109
QMW88604.1	iCHOv1.100753973	29.6	449	245	19	13	453	15	400	5.54e-40	151
QMW88604.1	iMM1415.11881	26.7	540	285	18	15	501	34	515	1.65e-39	150
QMW88604.1	iMM1415.50917	31.7	382	188	15	13	379	12	335	1.85e-38	145
QMW88604.1	iAT_PLT_636.412	25.6	464	246	14	27	436	32	450	3.30e-37	144
QMW88612.1	iML1515.b2047	37.9	190	113	3	12	198	266	453	1.51e-37	135
QMW88613.1	iYS854.USA300HOU_RS14480	31.6	114	63	4	10	117	56	160	6.25e-06	46.6
QMW88614.1	iSbBS512_1146.SbBS512_E4050	29.4	201	139	3	3	201	8	207	3.36e-23	97.1
QMW88614.1	iSSON_1240.SSON_3782	29.4	201	139	3	3	201	8	207	3.36e-23	97.1
QMW88614.1	iYO844.BSU35550	29.9	214	139	5	3	212	8	214	2.46e-21	90.5
QMW88616.1	iSbBS512_1146.SbBS512_E4050	29.5	193	122	4	9	196	8	191	4.22e-20	89.0
QMW88616.1	iSSON_1240.SSON_3782	29.5	193	122	4	9	196	8	191	4.22e-20	89.0
QMW88616.1	iYO844.BSU35680	31.8	214	124	7	10	213	11	212	2.22e-17	82.8
QMW88617.1	iCHOv1.100764465	25.8	178	114	5	4	169	225	396	1.61e-06	48.1
QMW88617.1	iCHOv1.100774081	24.1	195	107	7	28	203	281	453	3.02e-05	44.3
QMW88618.1	iYS854.USA300HOU_RS01335	27.0	285	171	12	85	355	268	529	1.47e-17	84.0
QMW88619.1	iCN900.CD630_00470	36.4	228	132	5	6	228	5	224	6.19e-33	124
QMW88619.1	iAF987.Gmet_0060	35.5	228	138	5	1	223	1	224	1.86e-29	114
QMW88620.1	iYO844.BSU35600	25.4	461	335	6	4	456	3	462	1.17e-34	135
QMW88625.1	iLJ478.TM0295	50.7	215	102	1	1	215	1	211	3.81e-81	241
QMW88625.1	iAF987.Gmet_0497	53.7	216	96	1	1	216	1	212	1.92e-80	239
QMW88625.1	iCN900.CD630_23290	52.1	213	98	1	1	213	1	209	2.23e-77	231
QMW88625.1	iHN637.CLJU_RS19520	50.0	216	104	1	1	216	1	212	5.41e-73	220
QMW88626.1	iML1515.b2097	66.3	350	118	0	1	350	1	350	6.62e-171	479
QMW88626.1	iSbBS512_1146.SbBS512_E1141	66.3	350	118	0	1	350	1	350	6.62e-171	479
QMW88626.1	iSDY_1059.SDY_2270	66.3	350	118	0	1	350	25	374	1.56e-170	479
QMW88626.1	iSF_1195.SF2159	66.3	350	118	0	1	350	1	350	1.89e-170	478
QMW88626.1	iSSON_1240.SSON_2145	66.0	350	119	0	1	350	25	374	6.31e-170	477
QMW88626.1	STM_v1_0.STM2141	65.4	350	121	0	1	350	1	350	1.80e-168	473
QMW88626.1	iYL1228.KPN_02549	64.6	350	124	0	1	350	1	350	1.03e-167	471
QMW88627.1	STM_v1_0.STM0772	58.9	246	101	0	3	248	5	250	4.48e-107	309
QMW88627.1	iML1515.b0755	58.9	246	101	0	3	248	5	250	6.35e-107	308
QMW88627.1	iSbBS512_1146.SbBS512_E0676	58.9	246	101	0	3	248	5	250	6.35e-107	308
QMW88627.1	iSF_1195.SF0549	58.9	246	101	0	3	248	5	250	6.35e-107	308
QMW88627.1	iSSON_1240.SSON_0707	58.9	246	101	0	3	248	5	250	6.35e-107	308
QMW88627.1	iYL1228.KPN_00768	58.9	246	101	0	3	248	5	250	1.28e-106	308
QMW88627.1	iAF987.Gmet_1653	58.7	247	102	0	1	247	1	247	1.64e-106	307
QMW88627.1	iSDY_1059.SDY_0702	58.9	246	101	0	3	248	5	250	1.82e-106	307
QMW88627.1	iPC815.YPO1133	56.1	246	108	0	3	248	5	250	1.88e-101	295
QMW88627.1	iAM_Pf480.PF3D7_1120100	56.3	245	107	0	4	248	6	250	2.74e-96	281
QMW88627.1	iAM_Pb448.PBANKA_092810	56.3	245	107	0	4	248	6	250	3.89e-96	281
QMW88628.1	iYO844.BSU30760	28.1	199	135	3	267	465	4	194	1.58e-20	90.5
QMW88628.1	iNF517.LLMG_RS12030	27.1	221	149	5	267	484	4	215	1.24e-19	87.8
QMW88628.1	iAF692.Mbar_A2394	29.0	210	124	7	266	465	1	195	6.61e-19	86.7
QMW88628.1	iIT341.HP0819	28.0	218	146	6	265	481	3	210	2.39e-19	86.3
QMW88628.1	iAF692.Mbar_A2262	28.6	192	124	5	279	466	18	200	1.60e-18	85.1
QMW88628.1	iYS854.USA300HOU_RS14570	23.8	500	293	17	24	465	26	495	2.55e-17	84.3
QMW88628.1	iEK1008.Rv2397c	31.3	208	124	6	275	478	13	205	1.15e-17	84.0
QMW88628.1	iLJ478.TM0124	28.7	202	121	6	265	465	2	181	2.42e-18	84.0
QMW88628.1	iAF692.Mbar_A0995	27.6	203	137	4	264	465	2	195	4.22e-18	83.6
QMW88628.1	iPC815.YPO2060	30.3	201	114	3	266	465	4	179	4.08e-18	83.6
QMW88628.1	iCN900.CD630_32150	26.0	227	130	6	266	475	4	209	1.03e-17	82.4
QMW88628.1	iCN900.CD630_28750	25.1	203	140	4	267	465	4	198	2.13e-17	81.6
QMW88629.1	iLJ478.TM1845	43.4	632	330	11	47	668	229	842	8.66e-168	501
QMW88632.1	iML1515.b3697	29.3	273	166	7	2	255	3	267	4.97e-19	83.6
QMW88635.1	iAF987.Gmet_1415	47.2	335	168	4	5	335	9	338	3.19e-102	303
QMW88635.1	iCN900.CD630_06990	44.8	339	179	3	1	335	5	339	2.66e-101	301
QMW88635.1	iJN1463.PP_2469	46.0	337	173	4	3	335	6	337	7.33e-101	300
QMW88635.1	iYS854.USA300HOU_RS05690	46.8	333	167	4	12	337	16	345	1.15e-100	300
QMW88635.1	iHN637.CLJU_RS16970	44.3	318	171	2	22	335	22	337	1.50e-97	291
QMW88635.1	iNF517.LLMG_RS11030	44.4	342	179	4	4	336	6	345	1.63e-93	281
QMW88636.1	iYS854.USA300HOU_RS03755	26.6	361	243	10	28	379	6	353	3.67e-15	76.3
QMW88638.1	iSynCJ816.SGL_RS11980	51.3	413	174	4	8	419	13	399	2.56e-132	385
QMW88638.1	iYO844.BSU33930	47.7	419	189	5	2	419	4	393	7.22e-128	374
QMW88638.1	iLJ478.TM0689	47.5	419	191	5	3	419	5	396	2.87e-118	358
QMW88638.1	iAF987.Gmet_1947	45.9	414	193	5	8	419	11	395	7.73e-118	348
QMW88642.1	iJN1463.PP_0936	42.3	175	97	4	10	183	4	175	3.54e-35	122
QMW88642.1	iML1515.b3248	39.3	178	106	2	10	187	4	179	3.76e-33	117
QMW88643.1	iYL1228.KPN_03608	38.5	156	96	0	9	164	24	179	3.08e-33	116
QMW88643.1	STM_v1_0.STM3316	36.1	155	99	0	10	164	25	179	1.54e-30	109
QMW88643.1	iAF987.Gmet_1279	35.4	158	102	0	8	165	5	162	1.39e-30	108
QMW88643.1	iML1515.b3198	36.1	155	99	0	10	164	25	179	6.12e-30	107
QMW88643.1	iSDY_1059.SDY_3379	36.1	155	99	0	10	164	25	179	6.12e-30	107
QMW88643.1	iSF_1195.SF3238	36.1	155	99	0	10	164	25	179	6.12e-30	107
QMW88643.1	iSSON_1240.SSON_3346	36.1	155	99	0	10	164	25	179	6.12e-30	107
QMW88643.1	iSbBS512_1146.SbBS512_E3572	35.5	155	100	0	10	164	25	179	9.62e-29	104
QMW88646.1	iYO844.BSU38110	27.3	176	93	5	1	152	1	165	1.39e-06	46.6
QMW88648.1	iCN900.CD630_22130	52.0	179	86	0	2	180	4	182	7.88e-69	207
QMW88652.1	iAF987.Gmet_3253	51.1	131	63	1	3	133	2	131	2.38e-44	141
QMW88653.1	iCHOv1.100759926	59.7	506	194	2	14	517	42	539	1.58e-215	606
QMW88653.1	iAT_PLT_636.5096	57.0	540	201	5	1	517	28	559	1.85e-209	592
QMW88653.1	iLJ478.TM0716	58.6	514	206	2	4	517	9	515	9.22e-209	588
QMW88653.1	iLB1027_lipid.PHATRDRAFT_45886	58.3	504	200	3	15	517	87	581	4.26e-206	584
QMW88655.1	iCHOv1.100765530	52.1	48	23	0	76	123	655	702	2.83e-09	53.9
QMW88655.1	iYS854.USA300HOU_RS05560	44.8	58	32	0	66	123	1068	1125	4.04e-09	53.5
QMW88655.1	iAF987.Gmet_0816	52.2	46	22	0	78	123	1082	1127	1.38e-08	52.0
QMW88655.1	iMM1415.110821	47.2	53	28	0	71	123	651	703	1.32e-08	52.0
QMW88655.1	iAT_PLT_636.5095	47.9	48	25	0	76	123	660	707	1.80e-08	51.6
QMW88655.1	iMM904.YBR218C	40.7	59	35	0	65	123	1091	1149	1.19e-07	49.3
QMW88656.1	iLJ478.TM0880	54.0	374	165	2	12	385	17	383	2.28e-133	386
QMW88656.1	STM_v1_0.STM0054	48.8	422	159	5	20	386	12	431	3.30e-119	352
QMW88656.1	iYL1228.KPN_00030	48.2	425	157	5	20	386	12	431	2.65e-118	350
QMW88656.1	STM_v1_0.STM3351	48.6	422	160	5	20	386	12	431	5.32e-118	349
QMW88658.1	iHN637.CLJU_RS01375	55.2	326	129	3	7	332	1	309	1.75e-116	338
QMW88658.1	iCN900.CD630_04030	51.8	326	138	3	7	332	1	307	6.19e-109	319
QMW88660.1	iML1515.b3265	24.8	371	239	11	7	347	14	374	4.32e-17	81.3
QMW88660.1	iSbBS512_1146.SbBS512_E3648	24.8	371	239	11	7	347	14	374	4.32e-17	81.3
QMW88660.1	STM_v1_0.STM3390	24.3	371	241	11	7	347	14	374	3.53e-16	78.6
QMW88660.1	iJN1463.PP_1386	25.3	363	242	10	4	349	11	361	6.38e-16	77.8
QMW88660.1	iPC815.YPO3132	26.4	379	239	10	2	346	3	375	4.02e-15	75.5
QMW88660.1	iSDY_1059.SDY_0456	24.5	379	236	11	4	347	12	375	9.85e-15	74.3
QMW88660.1	iML1515.b0463	24.6	378	237	10	4	347	12	375	1.78e-14	73.6
QMW88660.1	iSSON_1240.SSON_0450	24.9	378	236	10	4	347	12	375	2.39e-14	73.2
QMW88661.1	iJN1463.PP_3426	22.8	1068	734	24	1	1007	1	1039	2.43e-52	199
QMW88661.1	STM_v1_0.STM3391	23.2	1051	740	29	3	1007	1	1030	1.10e-48	187
QMW88661.1	iYL1228.KPN_03673	22.6	1051	745	29	3	1007	1	1029	4.26e-47	182
QMW88661.1	iML1515.b3266	22.6	1053	744	28	3	1007	1	1030	2.28e-46	180
QMW88662.1	iJN1463.PP_2408	21.3	404	271	10	40	423	31	407	2.31e-07	52.4
QMW88663.1	STM_v1_0.STM0054	44.4	423	184	7	25	410	22	430	4.66e-101	306
QMW88663.1	STM_v1_0.STM3351	44.2	419	191	6	25	410	22	430	2.09e-99	302
QMW88663.1	iYL1228.KPN_00030	43.2	419	195	5	25	410	22	430	2.96e-99	302
QMW88663.1	iLJ478.TM0880	44.4	414	182	7	6	410	9	383	1.18e-97	296
QMW88664.1	iAF692.Mbar_A1586	29.6	578	354	13	10	578	9	542	5.05e-55	196
QMW88674.1	iML1515.b2047	37.9	190	113	3	12	198	266	453	5.68e-37	133
QMW88675.1	iYS854.USA300HOU_RS14480	30.6	108	72	2	14	121	56	160	1.54e-05	45.4
QMW88678.1	iAF692.Mbar_A1731	30.3	241	136	8	157	372	131	364	1.81e-20	91.7
QMW88679.1	iJN1463.PP_0956	41.7	151	88	0	2	152	10	160	3.77e-37	125
QMW88680.1	iCHOv1.100767837	29.7	344	228	4	5	346	20	351	7.32e-49	167
QMW88680.1	iMM1415.94181	29.7	344	228	4	5	346	20	351	2.02e-48	166
QMW88682.1	iYO844.BSU35760	28.6	248	152	7	173	419	157	380	1.44e-16	80.5
QMW88682.1	iYS854.USA300HOU_RS01320	28.2	241	160	7	175	412	154	384	4.91e-16	79.0
QMW88682.1	iYS854.USA300HOU_RS01335	29.0	221	141	7	194	411	348	555	1.14e-14	75.5
QMW88683.1	iYO844.BSU35600	25.6	434	318	4	1	430	1	433	1.77e-36	140
QMW88684.1	iCN900.CD630_28490	36.4	360	225	4	7	364	278	635	4.41e-75	244
QMW88684.1	STM_v1_0.STM0431	35.3	360	227	6	7	363	7	363	4.51e-70	223
QMW88685.1	iAF692.Mbar_A3542	25.9	394	250	13	5	374	6	381	4.84e-27	110
QMW88686.1	iCN718.ABAYE_RS18820	28.8	271	169	9	168	429	22	277	1.74e-12	67.4
QMW88686.1	iJN1463.PP_2334	28.2	245	150	8	168	402	23	251	1.77e-12	67.4
QMW88686.1	iAF987.Gmet_1122	25.1	291	188	10	147	429	9	277	3.43e-12	66.6
QMW88687.1	iMM904.YDL055C	29.7	111	73	2	6	111	4	114	3.03e-07	50.1
QMW88687.1	iYS854.USA300HOU_RS13545	25.7	183	94	5	2	142	4	186	1.50e-06	47.8
QMW88687.1	iAF692.Mbar_A1121	34.7	72	47	0	2	73	3	74	3.73e-06	46.6
QMW88687.1	iAF692.Mbar_A2905	34.7	72	47	0	2	73	3	74	5.21e-06	46.2
QMW88687.1	iEK1008.Rv3264c	30.5	59	41	0	5	63	8	66	1.03e-05	45.4
QMW88687.1	iPC815.YPO3115	37.3	67	42	0	5	71	7	73	8.06e-06	45.4
QMW88694.1	iEK1008.Rv0684	29.1	501	295	15	5	465	8	488	1.62e-46	172
QMW88694.1	iSynCJ816.SGL_RS10930	30.0	483	290	14	1	452	1	466	6.29e-45	167
QMW88695.1	iSynCJ816.SGL_RS02095	43.7	286	142	5	2	276	4	281	4.30e-71	220
QMW88695.1	iHN637.CLJU_RS02740	40.5	294	160	5	1	282	1	291	2.58e-67	211
QMW88695.1	iAF987.Gmet_2472	41.0	278	157	4	3	280	2	272	2.17e-65	205
QMW88695.1	iHN637.CLJU_RS02625	39.2	293	165	3	1	282	1	291	1.35e-64	204
QMW88695.1	iSDY_1059.SDY_2205	41.9	296	155	6	1	282	1	293	8.56e-64	202
QMW88698.1	iLB1027_lipid.PHATRDRAFT_17772	37.0	1276	724	28	20	1231	53	1312	5.88e-227	689
QMW88698.1	iAT_PLT_636.5198	36.3	1298	716	36	24	1229	55	1333	2.95e-218	667
QMW88698.1	iMM1415.237823	36.5	1297	717	32	24	1231	55	1334	4.03e-218	666
QMW88698.1	iCHOv1.100760956	36.1	1298	723	32	24	1231	55	1335	2.26e-217	664
QMW88698.1	iJN1463.PP_1037	35.9	1278	727	33	20	1229	45	1298	1.64e-212	650
QMW88698.1	iCN718.ABAYE_RS05065	36.4	1243	687	30	49	1229	75	1276	4.14e-205	630
QMW88698.1	iYL1228.KPN_02882	34.9	1269	747	33	18	1227	44	1292	3.81e-203	626
QMW88698.1	iSSON_1240.SSON_2640	35.1	1269	744	31	18	1227	44	1292	7.48e-203	625
QMW88698.1	iML1515.b2557	35.0	1269	746	31	18	1227	44	1292	1.47e-202	624
QMW88698.1	iSDY_1059.SDY_2747	35.0	1269	746	31	18	1227	44	1292	7.97e-202	622
QMW88698.1	iSbBS512_1146.SbBS512_E2922	35.0	1269	746	31	18	1227	44	1292	1.57e-201	622
QMW88698.1	iPC815.YPO2921	34.4	1269	750	27	21	1227	46	1293	1.61e-201	622
QMW88699.1	iAF987.Gmet_1706	33.6	113	72	2	1070	1181	2	112	1.51e-11	67.0
QMW88699.1	iAF987.Gmet_1914	33.1	127	82	2	1070	1195	3	127	2.97e-10	63.9
QMW88699.1	iAF987.Gmet_1919	31.1	122	81	2	1071	1191	5	124	4.33e-10	62.8
QMW88700.1	iAF987.Gmet_2731	28.1	160	114	1	11	170	11	169	1.76e-22	88.6
QMW88701.1	iAF987.Gmet_2731	33.7	175	105	4	8	182	9	172	1.34e-24	94.0
QMW88701.1	iYO844.BSU36130	30.2	179	116	3	1	178	1	171	2.09e-24	93.6
QMW88701.1	iYO844.BSU36120	31.7	161	103	2	12	172	15	168	5.78e-21	85.1
QMW88703.1	iAF987.Gmet_0043	22.8	246	173	7	407	639	26	267	1.24e-09	60.8
QMW88704.1	iCN900.CD630_31950	33.1	950	455	18	5	918	2	806	8.26e-152	467
QMW88712.1	iHN637.CLJU_RS04605	61.7	1176	439	6	5	1177	2	1169	0.0	1441
QMW88712.1	iCN900.CD630_26820	60.8	1179	443	10	9	1175	7	1178	0.0	1437
QMW88712.1	iHN637.CLJU_RS14475	57.7	1176	484	9	5	1175	3	1170	0.0	1358
QMW88714.1	iML1515.b2678	51.1	274	134	0	1	274	61	334	1.41e-95	285
QMW88714.1	iSbBS512_1146.SbBS512_E3201	51.1	274	134	0	1	274	61	334	1.41e-95	285
QMW88714.1	iSF_1195.SF2706	50.7	274	135	0	1	274	61	334	5.66e-95	283
QMW88714.1	iSSON_1240.SSON_2823	50.7	274	135	0	1	274	61	334	1.14e-94	282
QMW88714.1	iYO844.BSU02990	51.3	273	133	0	2	274	7	279	2.25e-95	281
QMW88714.1	iPC815.YPO2646	50.9	273	134	0	2	274	94	366	7.42e-93	279
QMW88714.1	iAF692.Mbar_A2377	53.2	267	123	1	4	268	6	272	4.93e-90	268
QMW88714.1	iYL1228.KPN_03009	49.6	274	138	0	1	274	62	335	2.09e-87	264
QMW88714.1	STM_v1_0.STM2810	48.2	274	142	0	1	274	61	334	8.14e-87	262
QMW88714.1	iNF517.LLMG_RS05330	51.5	266	127	1	2	265	9	274	1.40e-82	258
QMW88715.1	iAF692.Mbar_A2376	52.8	381	175	4	3	381	6	383	6.70e-132	388
QMW88715.1	iNF517.LLMG_RS05325	50.1	399	196	3	3	401	4	399	2.19e-132	385
QMW88715.1	iYO844.BSU02980	51.4	393	188	3	3	395	9	398	2.06e-130	381
QMW88715.1	iML1515.b2677	47.4	399	204	3	3	399	4	398	1.89e-121	357
QMW88715.1	STM_v1_0.STM2809	48.3	387	197	2	3	387	4	389	1.89e-121	357
QMW88715.1	iSbBS512_1146.SbBS512_E3202	47.4	399	204	3	3	399	4	398	1.89e-121	357
QMW88715.1	iPC815.YPO2647	47.8	400	203	3	3	400	4	399	2.59e-121	357
QMW88715.1	iYL1228.KPN_03008	48.6	399	199	3	3	399	4	398	3.79e-121	357
QMW88715.1	iSF_1195.SF2705	47.1	399	205	3	3	399	4	398	7.61e-121	356
QMW88715.1	iSSON_1240.SSON_2822	47.1	399	205	3	3	399	4	398	7.61e-121	356
QMW88718.1	iAF987.Gmet_0043	28.2	390	243	9	407	790	37	395	7.40e-29	122
QMW88718.1	iYO844.BSU35960	31.2	234	152	4	62	293	67	293	8.88e-28	114
QMW88718.1	iPC815.YPO3908	31.9	226	145	5	35	251	26	251	1.29e-26	111
QMW88721.1	iAF692.Mbar_A2838	35.9	301	179	6	5	294	15	312	1.99e-49	166
QMW88722.1	iYL1228.KPN_03152	22.7	375	256	11	41	385	43	413	1.51e-08	55.8
QMW88723.1	iMM904.YIL162W	36.9	498	240	18	140	581	22	501	2.45e-83	270
QMW88724.1	iYL1228.KPN_00513	26.7	176	118	6	189	355	159	332	3.03e-05	46.2
QMW88724.1	iLJ478.TM1414	26.7	187	117	9	136	319	87	256	2.89e-05	46.2
QMW88724.1	iSF_1195.SF2430	20.7	304	198	9	111	398	86	362	1.23e-04	44.3
QMW88724.1	iSSON_1240.SSON_2454	21.1	322	210	10	94	398	68	362	2.14e-04	43.5
QMW88724.1	iSDY_1059.SDY_2558	31.6	79	44	2	188	260	159	233	4.93e-04	42.4
QMW88728.1	iCN900.CD630_34400	35.6	303	166	6	1	288	1	289	4.31e-61	195
QMW88729.1	iMM904.YIL162W	35.2	503	273	19	130	600	22	503	9.04e-79	259
QMW88731.1	iLJ478.TM1193	27.8	475	246	21	54	496	35	444	5.96e-34	141
QMW88737.1	iJN1463.PP_0525	35.1	148	80	5	109	254	50	183	3.73e-09	60.5
QMW88738.1	iLJ478.TM1193	25.1	474	261	17	247	698	43	444	4.58e-27	119
QMW88740.1	iLJ478.TM0076	29.1	889	423	25	28	847	2	752	5.78e-103	336
QMW88740.1	iSF_1195.SF2217	28.7	906	418	26	14	846	8	758	3.47e-97	320
QMW88740.1	iYL1228.KPN_02568	28.4	900	428	24	14	846	8	758	9.36e-97	319
QMW88740.1	iML1515.b2132	28.5	906	420	26	14	846	8	758	1.81e-96	318
QMW88740.1	iSbBS512_1146.SbBS512_E0841	28.5	906	420	26	14	846	8	758	1.81e-96	318
QMW88740.1	iSSON_1240.SSON_2189	28.4	906	421	26	14	846	8	758	9.47e-96	316
QMW88740.1	iSDY_1059.SDY_2156	28.4	906	421	26	14	846	8	758	1.32e-95	316
QMW88740.1	iJN1463.PP_1403	29.2	792	391	21	86	849	110	759	1.28e-90	302
QMW88743.1	iSynCJ816.SGL_RS04015	43.3	395	223	1	64	457	6	400	1.93e-97	307
QMW88751.1	iPC815.YPO1435	34.9	86	53	3	293	376	224	308	6.69e-05	44.3
QMW88751.1	iAF987.Gmet_2727	29.1	79	55	1	299	377	295	372	5.22e-04	41.6
QMW88755.1	iAF987.Gmet_1919	35.2	108	63	4	4	106	6	111	2.15e-08	53.5
QMW88755.1	iAF987.Gmet_2999	29.9	107	66	3	6	105	13	117	1.02e-06	48.5
QMW88760.1	iPC815.YPO3910	30.8	250	137	9	107	336	37	270	1.07e-15	81.3
QMW88760.1	iJN1463.PP_0525	32.7	147	85	3	106	243	55	196	3.92e-14	76.3
QMW88760.1	iYL1228.KPN_04255	31.2	141	91	3	109	247	28	164	1.14e-13	74.7
QMW88760.1	iML1515.b3966	35.2	145	80	4	109	246	28	165	2.59e-13	73.6
QMW88760.1	iSSON_1240.SSON_4139	35.2	145	80	4	109	246	28	165	2.59e-13	73.6
QMW88760.1	iSDY_1059.SDY_3762	35.2	145	80	4	109	246	28	165	3.41e-13	73.2
QMW88761.1	iAF987.Gmet_1991	23.1	173	119	4	389	555	196	360	2.04e-05	47.4
QMW88763.1	iAF987.Gmet_1991	36.8	68	42	1	459	525	188	255	1.22e-04	45.1
QMW88765.1	iHN637.CLJU_RS19405	40.6	283	141	7	3	284	1	257	1.07e-54	177
QMW88765.1	iCN900.CD630_10550	42.4	271	127	7	3	273	1	242	1.98e-51	169
QMW88766.1	iCN900.CD630_10560	44.1	333	172	5	1	331	1	321	4.81e-85	259
QMW88766.1	iAF987.Gmet_2066	44.7	331	169	3	4	332	111	429	1.43e-82	257
QMW88766.1	iAF987.Gmet_0684	42.2	334	180	3	4	336	114	435	6.84e-79	247
QMW88766.1	iAF987.Gmet_2257	42.7	328	177	4	4	330	111	428	2.30e-76	241
QMW88767.1	iYO844.BSU24150	34.4	369	205	10	95	455	40	379	7.19e-53	184
QMW88767.1	iAF987.Gmet_1715	33.9	354	201	6	98	445	45	371	3.75e-52	182
QMW88767.1	iCN900.CD630_10540	33.2	358	204	9	93	443	39	368	5.10e-49	174
QMW88767.1	iJN1463.PP_0368	31.9	426	248	10	49	445	37	449	3.25e-47	174
QMW88767.1	iJN1463.PP_2216	33.1	366	208	9	92	449	37	373	1.27e-48	172
QMW88767.1	iJN1463.PP_2048	30.3	426	258	10	49	449	34	445	1.73e-45	169
QMW88771.1	iJN1463.PP_1877	51.1	137	66	1	16	151	14	150	1.80e-40	133
QMW88771.1	iML1515.b1832	45.9	146	78	1	11	155	2	147	1.55e-37	125
QMW88774.1	iSSON_1240.SSON_3844	29.1	302	194	11	209	502	245	534	1.12e-23	104
QMW88774.1	iML1515.b3546	29.1	302	194	11	209	502	234	523	1.91e-23	103
QMW88774.1	iSbBS512_1146.SbBS512_E3983	29.1	302	194	11	209	502	234	523	1.91e-23	103
QMW88774.1	iSF_1195.SF3580	29.1	302	194	11	209	502	245	534	1.99e-23	103
QMW88774.1	STM_v1_0.STM3635	27.3	293	198	9	209	496	234	516	3.39e-23	103
QMW88774.1	iYL1228.KPN_03904	28.6	294	174	11	209	486	228	501	7.57e-22	99.0
QMW88776.1	iJN1463.PP_0321	39.9	336	201	1	2	336	6	341	2.77e-83	255
QMW88776.1	iAF987.Gmet_3503	40.5	328	192	3	4	329	13	339	4.41e-78	242
QMW88791.1	iHN637.CLJU_RS18325	38.0	471	271	9	10	473	11	467	2.59e-76	247
QMW88791.1	iCN900.CD630_08930	36.6	464	274	8	3	459	4	454	1.11e-74	243
QMW88791.1	iCN900.CD630_08940	35.8	464	280	9	3	459	4	456	4.16e-70	231
QMW88792.1	iCN900.CD630_21550	51.7	346	160	2	4	342	9	354	1.26e-126	367
QMW88793.1	iCN900.CD630_21560	54.1	458	206	3	12	469	2	455	3.70e-165	473
QMW88793.1	iLJ478.TM1267	48.7	466	234	4	8	472	12	473	3.94e-153	443
QMW88794.1	iJN1463.PP_4893	26.9	175	112	6	14	182	201	365	1.68e-08	55.8
QMW88794.1	iCN900.CD630_32740	26.2	183	118	7	12	191	2	170	1.53e-07	53.1
QMW88794.1	iML1515.b4173	24.6	175	128	3	14	188	200	370	3.72e-07	51.6
QMW88796.1	iLB1027_lipid.PHATRDRAFT_16944	34.9	470	250	18	7	453	2	438	1.62e-63	211
QMW88796.1	iMM904.YPR033C	34.1	472	241	16	8	435	58	503	3.98e-59	202
QMW88798.1	iLJ478.TM0306	28.9	456	241	20	28	433	8	430	1.87e-42	155
QMW88798.1	iCHOv1.100756134	29.0	458	248	23	16	425	19	447	3.02e-38	144
QMW88799.1	iHN637.CLJU_RS20860	48.4	426	210	6	1	418	1	424	6.88e-130	380
QMW88799.1	iCN900.CD630_36550	47.8	425	215	4	1	419	1	424	2.86e-129	379
QMW88799.1	iJN1463.PP_4889	47.5	419	213	4	5	417	6	423	6.22e-126	370
QMW88799.1	iMM904.YNL220W	45.6	430	220	5	3	419	2	430	4.44e-124	366
QMW88799.1	iAF987.Gmet_3260	46.0	420	219	5	5	417	5	423	4.60e-123	363
QMW88799.1	iNF517.LLMG_RS11055	46.0	420	216	7	5	416	5	421	3.70e-122	361
QMW88799.1	iML1515.b4177	46.3	428	206	7	5	417	6	424	6.36e-121	358
QMW88799.1	iYL1228.KPN_04576	46.0	428	207	7	5	417	6	424	6.36e-121	358
QMW88799.1	iSbBS512_1146.SbBS512_E4708	46.3	428	206	7	5	417	6	424	6.36e-121	358
QMW88799.1	iSDY_1059.SDY_4412	46.3	428	206	7	5	417	6	424	6.36e-121	358
QMW88799.1	iSSON_1240.SSON_4362	46.3	428	206	7	5	417	6	424	9.00e-121	357
QMW88799.1	iSF_1195.SF4332	46.0	428	207	7	5	417	6	424	3.61e-120	356
QMW88799.1	STM_v1_0.STM4366	45.8	428	208	7	5	417	6	424	5.11e-120	355
QMW88799.1	iYO844.BSU40420	46.4	418	216	5	5	416	5	420	6.78e-120	355
QMW88799.1	iPC815.YPO0378	45.0	433	204	6	5	417	6	424	4.11e-119	353
QMW88799.1	iYS854.USA300HOU_RS00085	44.8	433	201	8	5	416	5	420	1.40e-118	352
QMW88799.1	iSynCJ816.SGL_RS05700	45.0	418	224	4	5	417	5	421	4.68e-118	351
QMW88799.1	iCN718.ABAYE_RS12990	45.2	440	200	6	5	417	6	431	1.65e-117	349
QMW88802.1	iYS854.USA300HOU_RS07595	33.6	434	236	9	19	407	1	427	9.19e-71	235
QMW88806.1	iAF987.Gmet_1558	58.4	308	126	1	2	309	1	306	3.83e-123	355
QMW88806.1	iAF692.Mbar_A2422	57.3	309	129	2	2	309	1	307	7.12e-116	336
QMW88806.1	iEK1008.Rv2334	56.5	306	131	1	5	310	3	306	2.17e-115	335
QMW88806.1	iSynCJ816.SGL_RS06370	55.7	307	135	1	4	309	2	308	1.89e-114	333
QMW88807.1	iYL1228.KPN_01274	36.6	93	52	3	109	198	156	244	4.56e-07	48.9
QMW88807.1	iSDY_1059.SDY_0843	24.0	192	127	7	5	189	2	181	5.59e-07	48.1
QMW88807.1	iSF_1195.SF0794	24.0	192	127	7	5	189	2	181	5.59e-07	48.1
QMW88807.1	iSSON_1240.SSON_0826	24.0	192	127	7	5	189	2	181	5.59e-07	48.1
QMW88807.1	iML1515.b0841	24.0	192	127	7	5	189	2	181	1.41e-06	47.0
QMW88807.1	iSbBS512_1146.SbBS512_E2504	25.0	156	101	5	38	189	38	181	1.41e-06	47.0
QMW88807.1	iYS854.USA300HOU_RS07240	34.2	161	74	10	36	186	61	199	3.71e-06	45.8
QMW88807.1	STM_v1_0.STM1710	36.6	82	45	2	109	187	156	233	1.66e-05	44.3
QMW88808.1	iSynCJ816.SGL_RS03195	33.7	95	61	2	52	144	56	150	5.79e-05	42.4
QMW88810.1	iYO844.BSU28270	49.3	337	162	5	1	329	1	336	9.88e-109	322
QMW88810.1	iCN900.CD630_09920	47.6	357	179	5	1	350	1	356	1.69e-107	318
QMW88810.1	iHN637.CLJU_RS04475	47.3	355	179	5	3	350	1	354	2.70e-103	307
QMW88810.1	iLJ478.TM0556	45.8	354	186	6	3	352	1	352	7.05e-101	301
QMW88810.1	iHN637.CLJU_RS19450	47.0	362	180	8	1	352	1	360	1.71e-100	300
QMW88810.1	iLB1027_lipid.PHATRDRAFT_20934	46.6	358	180	7	3	350	47	403	1.39e-99	300
QMW88810.1	STM_v1_0.STM0112	46.1	358	182	7	2	350	4	359	7.56e-100	299
QMW88810.1	iSSON_1240.SSON_0080	45.8	358	183	7	2	350	5	360	2.21e-99	298
QMW88810.1	iJN1463.PP_1988	46.0	359	185	4	1	351	1	358	3.91e-99	297
QMW88810.1	iML1515.b0073	45.8	358	183	7	2	350	4	359	8.61e-99	296
QMW88810.1	iSbBS512_1146.SbBS512_E0067	45.8	358	183	7	2	350	4	359	8.61e-99	296
QMW88810.1	iYL1228.KPN_00079	46.5	359	179	9	2	350	4	359	1.22e-98	296
QMW88810.1	iSDY_1059.SDY_0100	45.5	358	184	7	2	350	5	360	2.52e-98	295
QMW88810.1	iSF_1195.SF0068	45.8	358	183	7	2	350	5	360	2.52e-98	295
QMW88810.1	iPC815.YPO0532	44.8	357	186	7	3	350	5	359	3.93e-97	292
QMW88811.1	iJN1463.PP_1986	44.1	202	100	4	6	197	4	202	3.15e-49	159
QMW88811.1	iNF517.LLMG_RS06500	45.4	194	98	4	5	197	3	189	7.30e-48	154
QMW88811.1	STM_v1_0.STM0110	44.9	196	101	4	5	197	4	195	2.78e-47	153
QMW88811.1	iYL1228.KPN_00077	44.9	196	101	4	5	197	4	195	1.12e-46	152
QMW88811.1	iSF_1195.SF0066	45.4	196	100	4	5	197	4	195	4.48e-46	150
QMW88811.1	iML1515.b0071	45.4	196	100	4	5	197	4	195	6.34e-46	150
QMW88811.1	iSbBS512_1146.SbBS512_E0065	45.4	196	100	4	5	197	4	195	6.34e-46	150
QMW88811.1	iSDY_1059.SDY_0098	45.4	196	100	4	5	197	4	195	6.34e-46	150
QMW88811.1	iSSON_1240.SSON_0078	45.4	196	100	4	5	197	4	195	6.34e-46	150
QMW88811.1	iPC815.YPO0530	45.7	184	93	4	15	195	13	192	4.94e-45	147
QMW88811.1	iCN718.ABAYE_RS16695	41.9	203	105	4	6	198	4	203	6.09e-44	145
QMW88812.1	iPC815.YPO0531	54.1	462	211	1	3	463	10	471	3.37e-173	494
QMW88812.1	iYL1228.KPN_00078	54.1	462	211	1	3	463	4	465	3.39e-173	494
QMW88812.1	iCN718.ABAYE_RS16700	53.3	467	211	3	3	462	5	471	2.39e-172	492
QMW88812.1	iML1515.b0072	53.7	462	213	1	3	463	4	465	1.58e-171	489
QMW88812.1	iSbBS512_1146.SbBS512_E0066	53.7	462	213	1	3	463	4	465	1.58e-171	489
QMW88812.1	iSSON_1240.SSON_0079	53.7	462	213	1	3	463	4	465	4.49e-171	488
QMW88812.1	iSF_1195.SF0067	53.5	462	214	1	3	463	4	465	1.28e-170	487
QMW88812.1	STM_v1_0.STM0111	53.9	462	212	1	3	463	4	465	1.81e-170	487
QMW88812.1	iSDY_1059.SDY_0099	53.2	462	215	1	3	463	4	465	2.57e-170	486
QMW88812.1	iJN1463.PP_1985	51.9	468	219	3	3	464	5	472	1.62e-166	477
QMW88812.1	iEK1008.Rv2988c	52.3	463	219	2	3	463	10	472	2.00e-166	477
QMW88812.1	iYO844.BSU28260	51.6	461	221	2	3	462	5	464	8.98e-165	473
QMW88812.1	iLB1027_lipid.PHATRDRAFT_24772	51.4	469	217	4	3	462	42	508	3.83e-160	472
QMW88812.1	iMM904.YGL009C	50.9	468	222	3	3	462	11	478	9.13e-159	468
QMW88812.1	iSynCJ816.SGL_RS17620	49.2	463	234	1	3	464	5	467	2.74e-160	461
QMW88813.1	iPC815.YPO0533	49.4	498	247	4	1	494	1	497	6.85e-157	456
QMW88813.1	iYL1228.KPN_00080	49.7	497	247	2	1	494	1	497	8.63e-156	453
QMW88813.1	iSSON_1240.SSON_0081	49.1	497	250	2	1	494	1	497	6.96e-155	451
QMW88813.1	iSbBS512_1146.SbBS512_E0068	49.1	497	250	2	1	494	1	497	9.85e-155	450
QMW88813.1	iSF_1195.SF0069	49.1	497	250	2	1	494	1	497	9.85e-155	450
QMW88813.1	iML1515.b0074	48.9	497	251	2	1	494	1	497	3.96e-154	449
QMW88813.1	iSDY_1059.SDY_0101	48.9	497	251	2	1	494	1	497	7.93e-154	448
QMW88813.1	iSynCJ816.SGL_RS12850	48.7	513	246	5	3	498	6	518	2.20e-153	447
QMW88813.1	iLJ478.TM0553	48.7	497	251	4	4	496	3	499	2.30e-153	446
QMW88813.1	STM_v1_0.STM0113	49.1	497	250	2	1	494	1	497	1.03e-151	442
QMW88813.1	iAF987.Gmet_1265	48.3	495	253	3	7	498	9	503	1.02e-151	442
QMW88813.1	iHN637.CLJU_RS04460	48.2	496	254	3	3	495	2	497	1.54e-150	439
QMW88813.1	iYO844.BSU28280	44.9	497	269	2	4	495	3	499	2.56e-140	413
QMW88819.1	iJN1463.PP_1403	47.4	734	370	8	33	756	33	760	1.00e-223	645
QMW88819.1	iSF_1195.SF2217	46.1	736	379	6	31	756	35	762	6.06e-223	643
QMW88819.1	iSDY_1059.SDY_2156	46.1	736	379	6	31	756	35	762	1.21e-222	642
QMW88819.1	iML1515.b2132	46.1	736	379	6	31	756	35	762	1.72e-222	642
QMW88819.1	iYL1228.KPN_02568	45.4	736	384	6	31	756	35	762	2.43e-222	642
QMW88819.1	iSSON_1240.SSON_2189	45.9	736	380	6	31	756	35	762	9.75e-222	640
QMW88819.1	iSbBS512_1146.SbBS512_E0841	45.9	736	380	6	31	756	35	762	1.38e-221	640
QMW88826.1	iAF987.Gmet_1750	41.7	204	119	0	335	538	57	260	3.82e-45	161
QMW88827.1	iAF987.Gmet_2347	29.2	336	204	10	19	347	34	342	1.91e-27	110
QMW88827.1	STM_v1_0.STM0985	27.5	357	207	12	12	363	16	325	2.91e-26	107
QMW88827.1	iCN718.ABAYE_RS10610	27.9	351	206	10	12	358	21	328	9.05e-26	105
QMW88828.1	iLJ478.TM1737	53.7	270	121	2	3	268	29	298	2.64e-96	284
QMW88828.1	iYO844.BSU23490	50.9	267	130	1	1	266	1	267	9.82e-95	279
QMW88828.1	iHN637.CLJU_RS10190	53.2	263	122	1	5	266	13	275	7.09e-94	277
QMW88828.1	iCN900.CD630_12240	51.5	264	127	1	1	263	1	264	3.59e-92	273
QMW88829.1	iAF987.Gmet_3213	36.3	336	192	6	8	338	6	324	3.52e-60	196
QMW88833.1	iAF987.Gmet_1293	42.2	348	195	5	14	356	6	352	1.75e-78	244
QMW88835.1	iEK1008.Rv0386	30.6	72	49	1	175	246	1006	1076	9.64e-04	40.0
QMW88849.1	iSynCJ816.SGL_RS17305	28.6	255	178	4	1	253	3	255	7.21e-29	110
QMW88849.1	iCHOv1.100758600	27.6	257	179	5	1	253	9	262	1.69e-27	106
QMW88849.1	iYO844.BSU23800	28.0	257	183	2	2	256	3	259	1.34e-26	104
QMW88849.1	iCN900.CD630_32810	26.8	250	179	3	6	252	7	255	2.94e-26	103
QMW88849.1	iMM1415.66194	25.9	255	184	3	2	253	10	262	4.70e-26	102
QMW88849.1	iNF517.LLMG_RS10365	28.4	264	178	6	3	262	4	260	5.29e-26	102
QMW88849.1	iAT_PLT_636.5831	26.8	265	180	3	1	255	1	261	2.64e-25	101
QMW88849.1	iMM1415.209027	26.8	261	185	3	1	255	31	291	9.89e-25	100
QMW88849.1	iCHOv1.100751666	28.0	261	182	3	1	255	1	261	1.04e-24	100
QMW88849.1	iCHOv1.100767919	26.8	261	185	3	1	255	1	261	1.42e-24	99.8
QMW88849.1	iMM1415.69051	28.0	261	182	3	1	255	1	261	1.44e-24	99.8
QMW88852.1	iEK1008.Rv0577	34.2	79	44	3	44	118	53	127	9.75e-04	37.0
QMW88858.1	iLJ478.TM1724	41.8	249	141	2	3	251	2	246	7.78e-57	181
QMW88860.1	iAF692.Mbar_A3022	38.8	399	220	7	2	383	1	392	6.27e-87	268
QMW88862.1	iPC815.YPO3868	29.2	89	63	0	6	94	8	96	4.21e-12	57.4
QMW88862.1	iMM904.YGR209C	34.7	75	48	1	17	91	17	90	2.16e-11	55.5
QMW88862.1	iYS854.USA300HOU_RS05725	31.3	80	55	0	23	102	21	100	2.16e-11	55.5
QMW88862.1	iCHOv1.100689433	34.1	82	51	2	6	84	3	84	3.41e-10	55.1
QMW88862.1	iML1515.b3781	29.1	86	61	0	9	94	11	96	3.40e-11	55.1
QMW88862.1	iYL1228.KPN_04282	29.1	86	61	0	9	94	11	96	3.40e-11	55.1
QMW88862.1	STM_v1_0.STM3915	29.1	86	61	0	9	94	11	96	3.40e-11	55.1
QMW88862.1	iSbBS512_1146.SbBS512_E4140	29.1	86	61	0	9	94	11	96	3.40e-11	55.1
QMW88862.1	iSDY_1059.SDY_3968	29.1	86	61	0	9	94	29	114	4.95e-11	55.1
QMW88862.1	iSF_1195.SF3854	29.1	86	61	0	9	94	29	114	4.95e-11	55.1
QMW88862.1	iSSON_1240.SSON_3952	29.1	86	61	0	9	94	29	114	4.95e-11	55.1
QMW88862.1	iAM_Pb448.PBANKA_082630	35.6	73	46	1	14	86	35	106	6.96e-11	54.7
QMW88862.1	iMM904.YLR043C	32.9	76	50	1	16	91	15	89	4.20e-11	54.7
QMW88862.1	iAF692.Mbar_A2310	35.7	70	45	0	22	91	4	73	5.95e-11	53.9
QMW88862.1	iMM1415.18453	34.1	82	51	2	6	84	30	111	1.19e-09	53.5
QMW88862.1	iML1515.b2582	33.3	72	47	1	14	84	46	117	6.72e-10	52.4
QMW88862.1	iSbBS512_1146.SbBS512_E2954	33.3	72	47	1	14	84	46	117	6.72e-10	52.4
QMW88862.1	iSDY_1059.SDY_2825	33.3	72	47	1	14	84	46	117	6.72e-10	52.4
QMW88862.1	iSF_1195.SF2644	33.3	72	47	1	14	84	46	117	6.72e-10	52.4
QMW88862.1	iSSON_1240.SSON_2708	33.3	72	47	1	14	84	46	117	6.72e-10	52.4
QMW88863.1	iHN637.CLJU_RS20745	57.9	444	187	0	1	444	1	444	1.89e-185	526
QMW88863.1	iAF692.Mbar_A1587	54.0	465	211	2	1	463	1	464	3.30e-175	501
QMW88863.1	iAF987.Gmet_0984	54.4	443	201	1	1	443	1	442	2.13e-174	498
QMW88863.1	iSynCJ816.SGL_RS13980	54.8	445	198	1	4	448	5	446	2.29e-174	498
QMW88863.1	iYO844.BSU24340	53.4	442	205	1	1	441	1	442	2.29e-172	493
QMW88863.1	iCN900.CD630_19380	53.5	441	205	0	1	441	1	441	4.75e-170	487
QMW88864.1	iAF987.Gmet_0816	37.2	78	49	0	88	165	1070	1147	5.95e-13	65.5
QMW88865.1	iLJ478.TM0716	58.1	513	199	3	14	511	4	515	1.37e-211	595
QMW88865.1	iCHOv1.100759926	58.4	498	203	3	16	511	44	539	1.62e-201	570
QMW88865.1	iLB1027_lipid.PHATRDRAFT_45886	57.2	495	208	2	18	511	90	581	1.70e-196	559
QMW88865.1	iAT_PLT_636.5096	55.8	523	207	4	11	511	39	559	1.31e-195	556
QMW88866.1	iJN1463.PP_0077	29.1	388	230	12	24	391	3	365	2.29e-38	146
QMW88868.1	iYO844.BSU01530	24.3	243	144	9	107	342	20	229	1.44e-05	45.4
QMW88868.1	iYS854.USA300HOU_RS08685	26.2	225	104	8	120	337	115	284	1.90e-05	45.4
QMW88869.1	iAF987.Gmet_0819	59.4	426	171	1	1	426	1	424	3.16e-181	511
QMW88869.1	iCN900.CD630_18250	55.6	421	185	1	5	425	2	420	2.13e-175	496
QMW88870.1	iYL1228.KPN_04585	24.9	173	100	9	86	229	111	282	9.20e-05	42.7
QMW88870.1	STM_v1_0.STM4382	23.1	173	103	8	86	229	111	282	5.22e-04	40.4
QMW88870.1	iML1515.b4192	22.5	173	104	8	86	229	111	282	9.31e-04	39.7
QMW88870.1	iSbBS512_1146.SbBS512_E4722	22.5	173	104	8	86	229	111	282	9.31e-04	39.7
QMW88870.1	iSF_1195.SF4347	22.5	173	104	8	86	229	113	284	9.33e-04	39.7
QMW88870.1	iSSON_1240.SSON_4374	22.5	173	104	8	86	229	113	284	9.33e-04	39.7
QMW88884.1	iSSON_1240.SSON_0534	23.2	323	197	13	550	851	432	724	2.43e-04	44.7
QMW88884.1	STM_v1_0.STM0585	21.1	412	266	16	463	851	354	729	4.19e-04	43.9
QMW88884.1	iSF_1195.SF0496	22.9	323	198	13	550	851	432	724	5.50e-04	43.5
QMW88894.1	iYO844.BSU33290	34.5	235	153	1	13	246	4	238	1.78e-43	148
QMW88894.1	iYO844.BSU03820	37.0	211	131	1	12	222	1	209	7.66e-41	140
QMW88894.1	iCN900.CD630_28750	34.1	217	143	0	13	229	4	220	1.87e-40	140
QMW88894.1	iSynCJ816.SGL_RS01940	36.1	194	124	0	19	212	16	209	4.53e-40	139
QMW88894.1	iYS854.USA300HOU_RS03500	31.5	219	150	0	16	234	7	225	3.55e-38	134
QMW88894.1	iYS854.USA300HOU_RS03980	33.2	250	160	3	12	256	1	248	5.20e-38	133
QMW88895.1	iPC815.YPO1311	32.8	329	205	8	7	322	32	357	8.74e-43	150
QMW88895.1	iAF692.Mbar_A1871	32.8	320	191	6	23	321	37	353	9.22e-40	142
QMW88895.1	iYL1228.KPN_02169	36.4	327	190	8	2	322	14	328	2.16e-38	138
QMW88895.1	STM_v1_0.STM1340	34.9	312	190	6	18	321	18	324	2.70e-38	138
QMW88895.1	iYO844.BSU33170	30.4	319	202	7	21	321	30	346	6.68e-38	137
QMW88895.1	iSDY_1059.SDY_1806	37.2	282	159	6	50	320	49	323	3.78e-38	137
QMW88895.1	iML1515.b1711	37.2	282	159	6	50	320	49	323	5.29e-38	137
QMW88895.1	iSF_1195.SF1520	37.2	282	159	6	50	320	49	323	7.39e-38	137
QMW88895.1	iSSON_1240.SSON_1447	36.9	282	160	6	50	320	49	323	1.44e-37	136
QMW88897.1	iJN1463.PP_0525	21.9	497	305	17	16	494	43	474	5.36e-08	55.8
QMW88897.1	iYL1228.KPN_02593	21.9	310	177	13	390	660	333	616	2.79e-07	53.5
QMW88906.1	iSF_1195.SF0473	28.9	450	307	5	13	454	13	457	6.69e-46	165
QMW88906.1	iML1515.b0572	28.7	446	313	4	13	454	13	457	1.69e-45	164
QMW88906.1	iSSON_1240.SSON_0523	28.7	450	308	5	13	454	13	457	2.48e-45	163
QMW88906.1	iYL1228.KPN_04739	27.6	439	306	5	25	456	63	496	1.03e-39	149
QMW88907.1	iJN1463.PP_3426	36.3	1058	653	7	4	1048	5	1054	9.60e-216	646
QMW88907.1	iYL1228.KPN_03673	37.2	1032	630	9	4	1026	3	1025	1.66e-213	639
QMW88907.1	STM_v1_0.STM3391	37.4	1030	628	9	6	1026	5	1026	1.71e-213	639
QMW88907.1	iML1515.b3266	36.4	1034	639	9	6	1029	5	1029	8.52e-206	619
QMW88907.1	iJN1463.PP_1385	36.3	1033	639	9	4	1027	3	1025	1.38e-201	609
QMW88907.1	iML1515.b2470	35.4	1044	655	8	6	1042	5	1036	3.74e-201	607
QMW88907.1	iSSON_1240.SSON_2550	35.4	1044	655	8	6	1042	5	1036	7.41e-201	607
QMW88907.1	iSF_1195.SF2512	35.3	1044	656	8	6	1042	5	1036	4.09e-200	605
QMW88907.1	iML1515.b0462	35.4	1029	651	9	6	1026	5	1027	1.14e-199	604
QMW88907.1	iSDY_1059.SDY_2654	35.2	1044	658	8	6	1042	5	1036	1.36e-197	598
QMW88908.1	iJN1463.PP_1386	30.3	357	227	8	22	371	21	362	8.07e-35	131
QMW88908.1	STM_v1_0.STM3390	31.1	360	232	8	22	370	22	376	5.65e-33	126
QMW88908.1	iPC815.YPO3132	29.2	366	243	6	12	369	20	377	9.20e-33	126
QMW88908.1	iYL1228.KPN_03672	29.1	368	244	6	13	369	9	370	1.81e-31	122
QMW88908.1	iML1515.b0463	28.4	373	243	7	12	369	13	376	4.55e-31	121
QMW88908.1	iSDY_1059.SDY_0456	28.4	373	243	7	12	369	13	376	8.66e-31	120
QMW88908.1	iSSON_1240.SSON_0450	28.2	373	244	7	12	369	13	376	1.19e-30	120
QMW88908.1	iSF_1195.SF0408	28.4	373	243	7	12	369	13	376	1.65e-30	120
QMW88910.1	iAF987.Gmet_1637	53.7	752	338	7	6	753	4	749	8.20e-258	732
QMW88910.1	STM_v1_0.STM2472	50.7	754	361	6	6	753	6	754	2.31e-238	682
QMW88910.1	iSF_1195.SF2505	50.3	754	364	6	6	753	6	754	4.25e-236	677
QMW88910.1	iML1515.b2463	50.3	754	364	6	6	753	6	754	6.02e-236	676
QMW88910.1	iSDY_1059.SDY_2645	50.3	754	364	6	6	753	6	754	8.52e-236	676
QMW88910.1	iSSON_1240.SSON_2543	50.3	754	364	6	6	753	6	754	8.52e-236	676
QMW88910.1	iSbBS512_1146.SbBS512_E2829	50.1	754	365	6	6	753	6	754	2.42e-235	675
QMW88910.1	iYL1228.KPN_02797	49.6	754	369	6	6	753	6	754	2.76e-234	672
QMW88912.1	iCN718.ABAYE_RS13810	63.6	442	161	0	2	443	20	461	1.07e-204	573
QMW88912.1	iJN1463.PP_0675	63.0	438	162	0	7	444	12	449	3.88e-204	571
QMW88912.1	iYL1228.KPN_01210	60.5	438	172	1	7	444	11	447	2.41e-190	536
QMW88912.1	iSDY_1059.SDY_1514	59.8	438	175	1	7	444	11	447	4.84e-190	535
QMW88912.1	iSbBS512_1146.SbBS512_E2014	59.8	438	175	1	7	444	11	447	9.75e-190	534
QMW88912.1	iSSON_1240.SSON_1395	60.0	438	174	1	7	444	11	447	9.75e-190	534
QMW88912.1	iML1515.b1761	60.0	438	174	1	7	444	11	447	1.38e-189	534
QMW88912.1	STM_v1_0.STM1299	60.0	438	174	1	7	444	11	447	1.13e-188	531
QMW88912.1	iPC815.YPO3971	60.3	438	173	1	7	444	11	447	1.06e-186	526
QMW88913.1	iPC815.YPO1207	67.4	482	153	2	1	481	2	480	3.70e-247	683
QMW88913.1	iYS854.USA300HOU_RS06785	66.1	490	153	4	1	482	3	487	4.76e-242	671
QMW88915.1	iCN718.ABAYE_RS13810	60.5	443	174	1	2	444	20	461	7.20e-196	550
QMW88915.1	iJN1463.PP_0675	57.4	444	188	1	2	445	7	449	9.62e-186	524
QMW88915.1	STM_v1_0.STM1299	57.9	444	185	2	2	445	6	447	3.94e-182	515
QMW88915.1	iYL1228.KPN_01210	57.3	443	187	2	3	445	7	447	9.15e-181	511
QMW88915.1	iSbBS512_1146.SbBS512_E2014	57.0	444	189	2	2	445	6	447	6.06e-179	507
QMW88915.1	iSSON_1240.SSON_1395	56.8	444	190	2	2	445	6	447	1.22e-178	506
QMW88915.1	iSDY_1059.SDY_1514	56.8	444	190	2	2	445	6	447	2.45e-178	505
QMW88915.1	iML1515.b1761	56.5	444	191	2	2	445	6	447	3.48e-178	505
QMW88916.1	iYS854.USA300HOU_RS08170	26.9	294	180	6	95	387	94	353	5.09e-23	98.6
QMW88928.1	iAF692.Mbar_A3172	39.7	214	121	5	18	226	6	216	6.26e-39	134
QMW88928.1	iAT_PLT_636.22934	37.0	211	125	5	21	224	80	289	5.29e-35	126
QMW88928.1	iCHOv1.100765051	37.8	196	115	4	35	224	21	215	2.60e-35	125
QMW88928.1	iMM1415.19895	37.8	196	115	4	35	224	88	282	1.23e-34	125
QMW88928.1	iSynCJ816.SGL_RS14580	38.0	205	122	4	23	223	11	214	3.57e-35	124
QMW88939.1	iCN900.CD630_01080	41.6	820	402	19	10	796	7	782	5.88e-196	576
QMW88940.1	iYS854.USA300HOU_RS14195	42.5	146	78	4	20	161	20	163	1.96e-32	113
QMW88940.1	iSF_1195.SF4253	39.7	146	82	4	17	158	7	150	1.15e-31	110
QMW88940.1	iSSON_1240.SSON_4418	39.7	146	82	4	17	158	7	150	1.15e-31	110
QMW88940.1	iPC815.YPO3455	40.8	142	78	4	21	158	1	140	2.46e-31	109
QMW88940.1	STM_v1_0.STM4451	39.7	146	82	4	17	158	7	150	4.60e-31	109
QMW88940.1	iML1515.b4237	39.0	146	83	4	17	158	7	150	9.20e-31	108
QMW88940.1	iSbBS512_1146.SbBS512_E4847	39.0	146	83	4	17	158	7	150	9.20e-31	108
QMW88940.1	iSDY_1059.SDY_4256	39.0	146	83	4	17	158	7	150	9.20e-31	108
QMW88940.1	iYL1228.KPN_04645	39.7	146	82	4	17	158	7	150	7.36e-30	106
QMW88941.1	iYO844.BSU03070	23.2	405	300	4	23	421	13	412	2.76e-28	117
QMW88943.1	iCN900.CD630_21300	52.8	381	179	1	10	389	2	382	4.29e-132	383
QMW88943.1	iAF987.Gmet_1256	48.7	380	195	0	10	389	2	381	8.88e-119	349
QMW88944.1	iML1515.b1856	40.0	95	56	1	185	279	314	407	1.83e-16	78.6
QMW88946.1	iCN718.ABAYE_RS15605	35.8	438	256	9	1	434	1	417	3.61e-81	256
QMW88946.1	iYO844.BSU37100	34.9	433	264	7	1	433	1	415	1.08e-79	252
QMW88946.1	iEK1008.Rv1315	36.4	431	255	6	4	434	5	416	7.93e-80	252
QMW88946.1	iCN900.CD630_01230	35.5	431	259	6	1	431	7	418	7.14e-79	250
QMW88946.1	iNF517.LLMG_RS01685	36.4	440	252	7	1	434	1	418	3.64e-78	248
QMW88946.1	iYO844.BSU36760	33.5	436	269	8	1	434	1	417	7.98e-78	248
QMW88946.1	iYL1228.KPN_03599	34.7	435	264	7	1	434	1	416	4.99e-78	248
QMW88946.1	iPC815.YPO3569	34.3	435	267	6	1	434	1	417	1.58e-76	244
QMW88946.1	iAF987.Gmet_0382	33.9	434	268	6	1	434	1	415	2.04e-76	243
QMW88946.1	iYS854.USA300HOU_RS11340	33.6	441	264	10	1	434	1	419	6.37e-76	242
QMW88946.1	iNF517.LLMG_RS02630	32.1	436	277	7	1	434	1	419	1.03e-75	242
QMW88946.1	iML1515.b3189	34.9	435	263	6	1	434	1	416	1.68e-75	241
QMW88946.1	iSbBS512_1146.SbBS512_E3581	34.9	435	263	6	1	434	1	416	1.68e-75	241
QMW88946.1	iSF_1195.SF3229	34.9	435	263	6	1	434	1	416	1.68e-75	241
QMW88946.1	iSSON_1240.SSON_3337	34.9	435	263	6	1	434	1	416	1.68e-75	241
QMW88946.1	iHN637.CLJU_RS01205	35.4	438	258	8	1	434	1	417	4.70e-75	240
QMW88946.1	iJN1463.PP_0964	34.6	437	265	8	1	434	1	419	6.99e-75	239
QMW88946.1	iSDY_1059.SDY_3370	34.5	435	265	6	1	434	1	416	1.84e-74	238
QMW88946.1	iIT341.HP0648	33.8	432	265	7	6	434	6	419	2.82e-74	238
QMW88946.1	STM_v1_0.STM3307	34.4	436	264	7	1	434	1	416	5.15e-74	237
QMW88946.1	iHN637.CLJU_RS20680	34.0	435	267	8	1	434	1	416	1.05e-73	236
QMW88950.1	iLJ478.TM1689	39.9	183	108	2	16	198	1	181	1.25e-42	142
QMW88950.1	iHN637.CLJU_RS06145	41.9	172	97	3	18	189	5	173	6.69e-42	140
QMW88950.1	iCN900.CD630_25880	41.9	186	106	2	18	203	6	189	5.33e-41	137
QMW88950.1	iSynCJ816.SGL_RS02240	41.8	182	104	2	18	199	10	189	1.43e-40	136
QMW88950.1	iIT341.HP0321	42.9	184	103	2	20	203	7	188	2.46e-39	133
QMW88950.1	iYL1228.KPN_03996	45.4	183	96	4	18	198	4	184	3.57e-39	133
QMW88950.1	iJN1463.PP_5296	38.5	182	110	2	17	198	5	184	1.96e-38	131
QMW88950.1	iSDY_1059.SDY_4080	44.8	183	97	4	18	198	4	184	4.01e-38	130
QMW88950.1	STM_v1_0.STM3740	44.3	183	98	4	18	198	4	184	2.25e-37	128
QMW88950.1	iNF517.LLMG_RS10780	38.7	181	109	2	18	198	5	183	3.01e-37	128
QMW88952.1	iYO844.BSU25640	33.2	184	120	1	10	193	3	183	7.04e-31	111
QMW88955.1	iML1515.b3930	39.6	240	138	2	1	234	1	239	2.04e-49	166
QMW88955.1	iSbBS512_1146.SbBS512_E4412	39.6	240	138	2	1	234	1	239	2.04e-49	166
QMW88955.1	iSF_1195.SF4008	39.6	240	138	2	1	234	1	239	2.04e-49	166
QMW88955.1	iSSON_1240.SSON_4099	39.6	240	138	2	1	234	1	239	2.87e-49	165
QMW88955.1	iSDY_1059.SDY_3807	39.6	240	138	2	1	234	1	239	4.04e-49	165
QMW88955.1	STM_v1_0.STM4090	34.7	311	178	5	2	296	3	304	1.26e-47	161
QMW88955.1	iYL1228.KPN_04225	38.6	241	137	4	1	234	1	237	1.64e-47	160
QMW88955.1	iPC815.YPO0104	36.8	261	151	3	4	251	5	264	8.84e-47	159
QMW88956.1	iHN637.CLJU_RS02615	61.2	376	118	4	1	376	1	348	1.47e-165	466
QMW88956.1	iHN637.CLJU_RS02730	58.4	377	127	3	1	376	1	348	1.31e-161	456
QMW88957.1	iSbBS512_1146.SbBS512_E1194	60.9	284	111	0	2	285	5	288	3.85e-129	368
QMW88957.1	iSDY_1059.SDY_2206	60.5	286	113	0	2	287	5	290	7.76e-129	367
QMW88957.1	iYL1228.KPN_04289	61.1	285	111	0	1	285	2	286	1.18e-128	367
QMW88957.1	iML1515.b3789	61.1	285	111	0	1	285	1	285	6.56e-128	365
QMW88957.1	iSbBS512_1146.SbBS512_E4132	61.1	285	111	0	1	285	1	285	6.56e-128	365
QMW88957.1	iSF_1195.SF3863	61.1	285	111	0	1	285	1	285	6.56e-128	365
QMW88957.1	STM_v1_0.STM2095	59.8	286	115	0	2	287	5	290	1.81e-127	364
QMW88957.1	iSDY_1059.SDY_3959	60.7	285	112	0	1	285	1	285	7.60e-127	362
QMW88957.1	iSSON_1240.SSON_3961	60.7	285	112	0	1	285	1	285	7.60e-127	362
QMW88957.1	iPC815.YPO3861	59.3	285	116	0	1	285	1	285	1.08e-126	362
QMW88957.1	iML1515.b2039	60.5	286	113	0	2	287	5	290	1.53e-126	362
QMW88957.1	iSF_1195.SF2102	59.8	286	115	0	2	287	5	290	1.48e-126	362
QMW88957.1	iJN1463.PP_1783	61.0	287	112	0	2	288	4	290	5.06e-125	358
QMW88957.1	iNF517.LLMG_RS01090	60.0	285	114	0	1	285	1	285	1.46e-123	354
QMW88957.1	iYL1228.KPN_02490	59.2	282	115	0	1	282	1	282	2.93e-123	353
QMW88957.1	iYL1228.KPN_02496	59.2	282	115	0	1	282	1	282	2.93e-123	353
QMW88957.1	iHN637.CLJU_RS02620	58.8	284	117	0	2	285	3	286	3.77e-122	350
QMW88957.1	iEK1008.Rv0334	58.9	285	116	1	1	285	1	284	1.78e-119	343
QMW88959.1	STM_v1_0.STM2501	37.9	692	401	15	7	685	7	682	4.07e-143	433
QMW88959.1	iYL1228.KPN_02826	37.8	690	402	15	7	685	7	680	5.41e-143	433
QMW88959.1	iSDY_1059.SDY_2690	38.4	692	397	17	7	685	7	682	1.14e-142	432
QMW88959.1	iSF_1195.SF2545	38.0	692	400	16	7	685	7	682	1.61e-142	432
QMW88959.1	iSbBS512_1146.SbBS512_E2875	38.3	692	398	17	7	685	7	682	2.27e-142	431
QMW88959.1	iPC815.YPO2836	37.7	690	403	15	7	685	7	680	2.20e-142	431
QMW88959.1	iML1515.b2501	38.3	692	398	17	7	685	7	682	3.20e-142	431
QMW88959.1	iSSON_1240.SSON_2583	38.3	692	398	17	7	685	7	682	4.51e-142	431
QMW88963.1	iAF987.Gmet_0043	29.5	251	159	5	475	712	21	266	1.72e-18	89.4
QMW88974.1	iML1515.b2180	22.6	566	330	19	1	522	5	506	1.05e-18	89.0
QMW88974.1	iJN1463.PP_4150	23.3	549	303	20	1	501	6	484	4.28e-17	84.0
QMW88974.1	iPC815.YPO3627	33.0	185	111	7	327	501	12	193	3.13e-17	81.6
QMW88974.1	iIT341.HP0819	30.1	206	123	7	328	514	5	208	2.93e-17	80.5
QMW88974.1	iJN1463.PP_2416	31.8	195	101	5	6	197	16	181	6.70e-17	80.5
QMW88974.1	iCN900.CD630_35270	27.7	213	130	6	330	522	6	214	2.27e-16	80.1
QMW88978.1	iJN1463.PP_0044	22.7	353	243	10	86	421	77	416	1.92e-12	68.2
QMW88978.1	iAF987.Gmet_3508	22.3	337	232	9	93	405	75	405	6.10e-11	63.5
QMW88979.1	iAF987.Gmet_3509	35.4	1036	639	13	1	1020	1	1022	3.06e-206	620
QMW88979.1	iJN1463.PP_0043	33.2	1059	665	14	1	1030	1	1046	7.21e-191	580
QMW88986.1	iYO844.BSU21820	68.6	264	83	0	1	264	1	264	2.54e-137	387
QMW88986.1	iYL1228.KPN_03236	67.8	264	85	0	1	264	1	264	2.08e-136	384
QMW88986.1	iML1515.b2827	66.3	264	89	0	1	264	1	264	3.43e-135	381
QMW88986.1	iSSON_1240.SSON_2984	66.3	264	89	0	1	264	1	264	3.43e-135	381
QMW88986.1	iSF_1195.SF2837	65.9	264	90	0	1	264	1	264	4.86e-135	381
QMW88986.1	iSDY_1059.SDY_3044	66.3	264	89	0	1	264	1	264	6.91e-135	380
QMW88986.1	STM_v1_0.STM3001	65.9	264	90	0	1	264	1	264	1.39e-134	380
QMW88986.1	iSbBS512_1146.SbBS512_E3035	65.9	264	90	0	1	264	1	264	5.65e-134	378
QMW88986.1	iPC815.YPO0783	65.2	264	92	0	1	264	1	264	5.38e-132	373
QMW88986.1	iEK1008.Rv2764c	65.2	264	91	1	1	264	1	263	1.48e-124	354
QMW88987.1	iYO844.BSU21810	42.9	161	90	2	4	164	2	160	5.81e-35	119
QMW88987.1	iYS854.USA300HOU_RS07290	38.5	161	94	3	4	164	3	158	1.06e-30	108
QMW88997.1	iAF692.Mbar_A1417	43.5	232	129	1	15	244	18	249	1.53e-60	196
QMW88999.1	iYO844.BSU22890	45.5	213	111	2	2	214	3	210	6.65e-56	177
QMW88999.1	iNF517.LLMG_RS03780	42.3	227	124	3	1	227	1	220	5.04e-49	159
QMW89000.1	iAF987.Gmet_0866	31.1	283	186	4	2	284	1	274	1.61e-45	154
QMW89000.1	iIT341.HP0400	28.8	285	192	4	2	286	1	274	2.40e-42	146
QMW89000.1	iCN900.CD630_18180	29.4	282	185	8	2	279	1	272	2.28e-40	141
QMW89001.1	iYO844.BSU29190	49.2	323	160	3	4	326	1	319	5.05e-106	312
QMW89001.1	iLJ478.TM0209	48.3	323	162	2	4	325	1	319	5.39e-103	304
QMW89001.1	iCN900.CD630_33950	50.2	323	157	3	4	326	1	319	2.85e-100	297
QMW89001.1	iYS854.USA300HOU_RS09010	47.4	325	166	3	4	326	1	322	1.79e-99	295
QMW89001.1	iNF517.LLMG_RS05680	49.7	300	148	2	4	303	1	297	6.23e-94	282
QMW89001.1	STM_v1_0.STM4062	48.3	323	160	4	4	324	2	319	9.35e-94	281
QMW89002.1	iJN1463.PP_0860	23.9	448	261	9	1	441	1	375	1.59e-25	109
QMW89002.1	iCN718.ABAYE_RS03975	27.2	239	161	5	2	237	3	231	2.23e-23	103
QMW89004.1	iPC815.YPO3910	35.7	112	70	1	144	253	72	183	3.88e-14	75.9
QMW89004.1	STM_v1_0.STM4130	33.0	109	71	1	144	250	61	169	6.00e-13	72.0
QMW89004.1	iYL1228.KPN_04255	29.6	125	84	2	142	262	59	183	1.05e-12	71.2
QMW89005.1	iCHOv1.100759877	34.1	270	170	5	5	271	39	303	1.80e-39	139
QMW89005.1	iMM1415.77974	34.2	269	171	3	5	271	40	304	6.97e-39	138
QMW89005.1	iCHOv1.100759583	33.5	269	173	4	5	271	40	304	7.85e-37	132
QMW89005.1	iMM1415.17252	33.3	270	172	5	5	271	39	303	7.85e-37	132
QMW89005.1	iCHOv1.100757118	32.6	282	172	4	5	271	45	323	3.15e-36	131
QMW89005.1	iMM1415.105014	32.6	282	172	5	5	271	45	323	1.20e-35	130
QMW89006.1	iJN1463.PP_2486	32.6	230	133	5	2	211	3	230	1.26e-29	117
QMW89006.1	iJN1463.PP_1478	30.4	296	176	6	3	273	2	292	3.82e-28	113
QMW89006.1	iJN1463.PP_3173	26.4	375	216	10	4	359	2	335	2.45e-27	111
QMW89006.1	iJN1463.PP_2008	27.1	398	237	10	5	397	24	373	7.17e-25	106
QMW89007.1	iMM1415.78925	36.5	244	138	4	17	252	20	254	7.87e-42	143
QMW89007.1	iCHOv1.100761447	37.0	246	138	4	15	252	18	254	2.20e-41	142
QMW89009.1	iNF517.LLMG_RS03315	45.6	439	231	4	12	447	8	441	1.44e-125	371
QMW89010.1	iYS854.USA300HOU_RS08980	59.2	419	144	2	6	398	5	422	3.15e-180	507
QMW89010.1	iYO844.BSU29130	57.5	424	153	2	1	398	1	423	2.36e-175	495
QMW89010.1	iCN718.ABAYE_RS05425	59.7	407	149	2	5	398	13	417	1.01e-170	483
QMW89010.1	iJN1463.PP_4011	60.2	407	145	3	6	397	14	418	3.34e-169	479
QMW89010.1	iPC815.YPO1641	59.0	410	151	3	3	397	10	417	9.99e-166	470
QMW89010.1	iSbBS512_1146.SbBS512_E1315	59.5	407	147	4	6	397	13	416	1.11e-164	468
QMW89010.1	iSSON_1240.SSON_1154	59.5	407	147	4	6	397	13	416	1.11e-164	468
QMW89010.1	iML1515.b1136	59.5	407	147	4	6	397	13	416	2.24e-164	467
QMW89010.1	iSF_1195.SF1155	59.2	407	148	4	6	397	13	416	9.07e-164	465
QMW89010.1	iSDY_1059.SDY_2016	59.0	407	149	4	6	397	13	416	2.59e-163	464
QMW89010.1	STM_v1_0.STM1238	58.6	408	151	4	2	394	9	413	8.52e-162	460
QMW89010.1	iYL1228.KPN_01144	59.0	407	149	4	3	394	10	413	1.21e-161	460
QMW89010.1	iIT341.HP0027	56.4	417	156	5	3	397	13	425	3.31e-161	459
QMW89011.1	iCHOv1.100759203	57.6	736	303	3	12	745	45	773	9.57e-305	852
QMW89011.1	iAT_PLT_636.50	57.3	736	305	3	12	745	45	773	1.92e-304	851
QMW89011.1	iMM1415.11429	57.6	736	303	3	12	745	45	773	1.92e-304	851
QMW89011.1	iMM904.YLR304C	57.3	736	303	4	15	745	41	770	8.35e-303	847
QMW89011.1	iMM904.YJL200C	54.0	734	315	8	29	745	53	780	9.86e-272	768
QMW89013.1	iMM904.YLR355C	59.9	347	138	1	1	346	48	394	1.08e-148	424
QMW89015.1	iAF987.Gmet_1261	34.4	154	99	2	7	160	3	154	6.59e-20	81.6
QMW89015.1	iAF692.Mbar_A0219	33.1	154	101	2	7	160	3	154	1.87e-18	77.8
QMW89015.1	iYO844.BSU28300	31.5	146	97	3	15	159	11	154	6.97e-17	73.9
QMW89016.1	iAF692.Mbar_A0218	46.4	563	292	7	2	562	5	559	6.88e-168	489
QMW89016.1	STM_v1_0.STM3901	46.2	558	285	8	6	562	1	544	3.11e-164	478
QMW89016.1	iLJ478.TM0548	45.0	565	293	3	8	565	8	561	3.25e-162	474
QMW89016.1	iYL1228.KPN_04267	45.3	558	290	6	6	562	1	544	4.03e-162	473
QMW89016.1	iYO844.BSU28310	44.1	569	290	5	6	562	18	570	2.67e-161	471
QMW89016.1	iAF987.Gmet_1260	42.7	567	315	4	6	565	3	566	1.17e-160	469
QMW89016.1	iHN637.CLJU_RS11515	41.6	565	315	5	6	564	3	558	5.62e-151	444
QMW89016.1	iSynCJ816.SGL_RS09105	44.9	572	289	9	7	562	22	583	4.61e-149	442
QMW89017.1	iCN718.ABAYE_RS00680	66.7	609	184	5	6	599	5	609	2.12e-276	767
QMW89017.1	iSSON_1240.SSON_3942	65.3	606	195	3	6	597	5	609	3.88e-276	766
QMW89017.1	iML1515.b3771	65.3	606	195	3	6	597	5	609	7.81e-276	766
QMW89017.1	iSbBS512_1146.SbBS512_E4149	65.3	606	195	3	6	597	5	609	7.81e-276	766
QMW89017.1	iSF_1195.SF3846	65.3	606	195	3	6	597	5	609	3.17e-275	764
QMW89017.1	iYL1228.KPN_04270	65.0	608	194	5	6	597	5	609	3.66e-274	761
QMW89017.1	iSDY_1059.SDY_3977	65.0	606	197	3	6	597	5	609	3.66e-274	761
QMW89017.1	STM_v1_0.STM3904	65.4	609	190	6	6	597	5	609	1.48e-273	760
QMW89017.1	iJN1463.PP_5128	64.8	602	201	3	6	597	5	605	1.58e-267	744
QMW89017.1	iPC815.YPO3897	64.0	606	203	3	6	597	5	609	1.44e-266	742
QMW89023.1	iSynCJ816.SGL_RS06190	53.8	353	161	2	1	351	1	353	2.09e-126	367
QMW89023.1	iAF692.Mbar_A1438	49.1	350	177	1	3	351	4	353	3.24e-116	341
QMW89023.1	iLB1027_lipid.PHATRDRAFT_43429	50.6	358	171	4	3	354	28	385	8.80e-114	337
QMW89023.1	iMM904.YGL148W	47.9	365	177	4	3	354	2	366	1.40e-112	332
QMW89024.1	iCHOv1.100760626	31.8	456	295	4	1	440	4	459	5.71e-68	224
QMW89029.1	iEK1008.Rv1493	65.4	694	228	3	32	713	50	743	2.21e-319	886
QMW89029.1	iAT_PLT_636.4594	64.8	679	236	2	32	709	61	737	1.19e-316	879
QMW89029.1	iCHOv1.100765277	65.1	679	234	2	32	709	59	735	3.16e-316	878
QMW89029.1	iMM1415.17850	64.9	680	234	3	32	709	59	735	4.48e-316	878
QMW89029.1	iML1515.b2917	62.3	682	252	2	34	711	29	709	6.16e-298	830
QMW89029.1	iSF_1195.SF2902	62.2	682	253	2	34	711	29	709	1.43e-296	827
QMW89029.1	iSSON_1240.SSON_3068	62.0	682	254	2	34	711	29	709	1.16e-295	825
QMW89030.1	iML1515.b2917	29.4	449	274	8	37	456	25	459	3.33e-51	188
QMW89030.1	iSSON_1240.SSON_3068	29.2	449	275	8	37	456	25	459	4.04e-50	185
QMW89030.1	iSF_1195.SF2902	29.2	449	275	8	37	456	25	459	5.51e-50	184
QMW89030.1	iEK1008.Rv1492	27.5	619	381	16	34	631	42	613	2.47e-48	178
QMW89033.1	iYL1228.KPN_02593	26.1	180	95	6	465	622	422	585	1.29e-05	48.1
QMW89033.1	iSDY_1059.SDY_3762	29.2	106	73	2	70	174	79	183	1.98e-04	44.3
QMW89033.1	iML1515.b3966	29.2	106	73	2	70	174	79	183	3.42e-04	43.5
QMW89033.1	iSSON_1240.SSON_4139	29.2	106	73	2	70	174	79	183	3.42e-04	43.5
QMW89037.1	iAF692.Mbar_A2395	23.0	174	106	6	120	267	105	276	3.91e-05	45.1
QMW89037.1	iPC815.YPO3385	35.1	97	56	4	91	185	22	113	6.68e-05	43.9
QMW89038.1	iYO844.BSU33170	33.3	330	193	8	23	335	29	348	6.59e-45	156
QMW89038.1	STM_v1_0.STM1340	33.4	341	200	10	2	335	6	326	3.72e-44	154
QMW89038.1	iYL1228.KPN_02169	36.8	342	180	13	3	333	11	327	8.23e-44	153
QMW89038.1	iPC815.YPO1311	31.7	334	217	6	6	333	28	356	3.13e-43	152
QMW89038.1	iML1515.b1711	32.7	336	203	8	2	332	6	323	2.26e-41	146
QMW89038.1	iSDY_1059.SDY_1806	33.1	338	199	10	2	332	6	323	2.26e-41	146
QMW89038.1	iSF_1195.SF1520	32.7	336	203	8	2	332	6	323	3.16e-41	146
QMW89038.1	iSSON_1240.SSON_1447	32.7	336	203	8	2	332	6	323	3.16e-41	146
QMW89039.1	iSynCJ816.SGL_RS01940	35.1	228	148	0	5	232	13	240	1.70e-43	147
QMW89039.1	iYS854.USA300HOU_RS03500	32.3	232	156	1	5	235	7	238	2.21e-43	147
QMW89039.1	STM_v1_0.STM0192	33.3	222	147	1	14	234	24	245	1.06e-40	140
QMW89039.1	iSF_1195.SF0143	32.6	236	151	1	4	239	14	241	1.06e-40	140
QMW89039.1	iSSON_1240.SSON_0163	32.6	236	151	1	4	239	14	241	1.06e-40	140
QMW89039.1	iAF692.Mbar_A1872	32.5	234	155	2	1	234	2	232	1.84e-40	139
QMW89039.1	iSDY_1059.SDY_0167	32.6	236	151	1	4	239	14	241	2.95e-40	139
QMW89039.1	iML1515.b0151	32.6	236	151	1	4	239	14	241	4.15e-40	139
QMW89039.1	iSbBS512_1146.SbBS512_E0143	32.4	225	152	0	4	228	14	238	5.84e-40	138
QMW89039.1	iYL1228.KPN_00166	32.9	222	148	1	14	234	24	245	8.22e-40	138
QMW89039.1	iYO844.BSU03820	32.8	235	155	2	1	234	1	233	1.17e-39	137
QMW89039.1	iML1515.b4287	33.2	238	157	2	2	238	3	239	1.26e-39	137
QMW89039.1	iSSON_1240.SSON_4459	33.2	238	157	2	2	238	3	239	1.26e-39	137
QMW89039.1	iML1515.b0588	32.9	231	154	1	5	234	11	241	1.47e-38	135
QMW89039.1	iSDY_1059.SDY_0519	32.9	231	154	1	5	234	11	241	1.47e-38	135
QMW89039.1	iSF_1195.SF0502	32.9	231	154	1	5	234	11	241	1.47e-38	135
QMW89039.1	iSbBS512_1146.SbBS512_E0489	32.9	231	154	1	5	234	11	241	2.06e-38	134
QMW89039.1	iPC815.YPO3392	29.3	232	163	1	4	234	13	244	1.74e-38	134
QMW89039.1	iYO844.BSU07490	32.3	217	147	0	7	223	9	225	5.08e-38	133
QMW89039.1	iCN900.CD630_28750	28.9	235	166	1	2	235	4	238	4.38e-38	133
QMW89039.1	iAF692.Mbar_A1172	32.0	247	153	3	1	233	1	246	6.01e-38	133
QMW89043.1	iHN637.CLJU_RS10220	26.7	285	184	9	2	268	4	281	3.89e-17	83.2
QMW89043.1	iCN900.CD630_22360	24.6	276	187	4	1	269	1	262	6.75e-17	82.0
QMW89043.1	iCN900.CD630_24590	25.9	321	192	11	3	290	2	309	2.20e-15	77.8
QMW89043.1	iYO844.BSU12020	25.5	220	147	7	551	770	9	211	5.59e-15	76.6
QMW89043.1	iSynCJ816.SGL_RS12595	26.5	309	176	12	5	290	33	313	6.42e-15	76.6
QMW89043.1	iYS854.USA300HOU_RS08260	24.2	322	201	9	2	290	3	314	8.70e-15	76.3
QMW89043.1	iYO844.BSU24850	23.2	327	199	10	3	295	5	313	1.45e-14	75.5
QMW89057.1	iJN1463.PP_0043	23.1	1095	735	26	4	1045	5	1045	1.36e-44	175
QMW89057.1	iAF987.Gmet_3509	21.8	1085	744	23	7	1046	8	1032	8.49e-43	169
QMW89057.1	iJN1463.PP_2410	22.5	1074	735	26	11	1035	11	1036	9.85e-41	162
QMW89057.1	iSSON_1240.SSON_2550	21.0	1091	730	27	9	1037	5	1025	3.86e-40	160
QMW89057.1	iSDY_1059.SDY_2654	21.1	1091	729	27	9	1037	5	1025	6.72e-40	160
QMW89057.1	iML1515.b2470	20.9	1091	731	27	9	1037	5	1025	2.69e-39	158
QMW89058.1	STM_v1_0.STM3390	26.2	386	239	17	3	350	6	383	3.76e-16	78.6
QMW89058.1	iJN1463.PP_1386	23.4	350	242	8	12	342	16	358	7.31e-15	74.7
QMW89058.1	iJN1463.PP_3425	24.0	371	247	9	1	343	5	368	8.31e-15	74.7
QMW89058.1	iYL1228.KPN_03672	26.4	368	231	17	7	342	9	368	1.29e-14	73.9
QMW89058.1	iSbBS512_1146.SbBS512_E3648	25.3	376	237	17	3	342	6	373	5.80e-14	72.0
QMW89058.1	iML1515.b3265	25.3	376	237	17	3	342	6	373	7.78e-14	71.6
QMW89061.1	iCN900.CD630_35520	49.3	497	236	7	5	500	16	497	3.99e-155	454
QMW89061.1	iYS854.USA300HOU_RS02655	46.6	506	244	8	5	500	4	493	1.62e-153	449
QMW89061.1	iYL1228.KPN_00502	46.1	510	248	10	4	503	13	505	3.31e-150	441
QMW89061.1	iML1515.b4129	45.6	498	250	7	13	503	22	505	6.02e-148	435
QMW89061.1	STM_v1_0.STM3040	45.3	508	257	8	3	503	12	505	1.70e-147	434
QMW89061.1	iSbBS512_1146.SbBS512_E3309	45.1	508	258	8	3	503	12	505	2.41e-147	434
QMW89061.1	iSF_1195.SF2876	45.1	508	258	8	3	503	12	505	2.41e-147	434
QMW89061.1	iSSON_1240.SSON_3043	45.1	508	258	8	3	503	12	505	2.41e-147	434
QMW89061.1	iSDY_1059.SDY_3192	44.6	507	262	7	3	503	12	505	4.82e-147	433
QMW89061.1	iAF987.Gmet_2360	46.5	503	251	5	5	503	3	491	4.89e-146	430
QMW89061.1	iNF517.LLMG_RS01995	46.8	496	243	8	12	500	3	484	3.88e-146	430
QMW89061.1	iLJ478.TM1705	45.7	505	248	9	5	503	4	488	7.01e-146	430
QMW89061.1	iYL1228.KPN_03318	44.2	509	259	9	4	503	13	505	1.55e-145	429
QMW89061.1	iSynCJ816.SGL_RS06545	44.8	505	263	6	6	503	10	505	1.82e-145	429
QMW89061.1	iPC815.YPO0888	45.4	509	251	9	5	503	14	505	8.76e-145	427
QMW89061.1	iAF692.Mbar_A1667	46.1	488	248	5	17	502	40	514	1.24e-141	419
QMW89062.1	iCN900.CD630_26300	30.7	316	213	5	6	319	7	318	3.53e-48	164
QMW89062.1	iYO844.BSU22830	31.3	313	208	4	6	314	3	312	9.47e-44	153
QMW89062.1	iYS854.USA300HOU_RS07540	30.4	322	207	6	6	318	3	316	1.38e-43	152
QMW89062.1	iLJ478.TM0378	30.4	312	204	5	9	320	7	305	6.03e-43	150
QMW89063.1	iCN900.CD630_32850	54.5	446	200	2	2	445	4	448	9.45e-169	481
QMW89063.1	iHN637.CLJU_RS18285	53.4	446	205	2	2	445	6	450	2.44e-164	470
QMW89063.1	iNF517.LLMG_RS12290	53.6	446	204	2	2	445	4	448	4.27e-162	464
QMW89063.1	iYO844.BSU31350	50.9	446	216	2	2	445	4	448	2.12e-160	460
QMW89063.1	iYS854.USA300HOU_RS04775	51.1	444	213	2	2	445	4	443	4.43e-158	454
QMW89066.1	iAF692.Mbar_A0192	37.7	191	109	5	5	192	2	185	1.61e-29	109
QMW89066.1	iAF692.Mbar_A0742	33.3	192	122	5	5	196	2	187	1.63e-27	103
QMW89067.1	iMM1415.234730	32.2	407	257	7	582	978	675	1072	3.18e-47	183
QMW89067.1	iCHOv1.100752219	32.2	367	233	6	622	978	712	1072	2.27e-46	180
QMW89068.1	iCN900.CD630_26950	52.5	345	152	4	1	345	1	333	6.07e-118	343
QMW89075.1	iLB1027_lipid.PHATRDRAFT_12331	25.8	244	150	10	133	351	6	243	4.04e-12	66.6
QMW89080.1	iAF987.Gmet_1425	40.0	235	121	5	44	272	197	417	9.11e-35	133
QMW89081.1	iJN1463.PP_0960	27.4	146	94	5	1	139	1	141	6.85e-04	39.3
QMW89086.1	iHN637.CLJU_RS13140	34.8	178	106	5	7	179	83	255	1.81e-20	88.2
QMW89086.1	iYO844.BSU22440	28.9	211	141	4	34	238	111	318	6.26e-20	86.7
QMW89086.1	iLJ478.TM0224	27.9	233	155	8	7	238	6	226	2.96e-20	85.9
QMW89086.1	iJN1463.PP_0437	31.4	242	137	11	8	235	78	304	1.98e-18	82.4
QMW89086.1	iYS854.USA300HOU_RS07450	25.8	217	150	5	36	245	111	323	1.90e-17	79.7
QMW89087.1	STM_v1_0.STM0585	23.4	342	231	12	148	479	87	407	4.46e-06	50.4
QMW89096.1	STM_v1_0.STM0191	28.0	164	101	5	35	189	69	224	2.90e-10	63.5
QMW89096.1	iML1515.b2155	29.3	140	85	4	22	152	24	158	6.26e-10	62.4
QMW89096.1	iSbBS512_1146.SbBS512_E0142	26.8	179	112	6	37	204	71	241	6.60e-10	62.4
QMW89096.1	iSSON_1240.SSON_2211	29.3	140	85	4	22	152	24	158	6.26e-10	62.4
QMW89096.1	iSSON_1240.SSON_0162	26.8	179	112	6	37	204	71	241	8.68e-10	62.0
QMW89096.1	iYL1228.KPN_02593	28.4	134	82	4	28	152	11	139	2.42e-09	60.5
QMW89096.1	STM_v1_0.STM2199	29.5	132	87	4	26	152	28	158	4.28e-09	59.7
QMW89096.1	iJN1463.PP_1006	29.2	137	90	5	24	154	129	264	1.44e-08	58.2
QMW89096.1	iSF_1195.SF4048	27.5	200	119	9	7	197	13	195	1.62e-08	57.8
QMW89116.1	iMM1415.11605	32.6	359	190	14	1	332	44	377	2.30e-46	166
QMW89116.1	iCHOv1.100752709	35.0	294	156	10	13	292	14	286	5.32e-43	156
QMW89122.1	iAF987.Gmet_0697	37.3	220	138	0	41	260	37	256	1.59e-43	148
QMW89122.1	iSDY_1059.SDY_2729	34.6	237	154	1	13	248	10	246	3.23e-41	142
QMW89122.1	STM_v1_0.STM2546	35.0	243	156	2	7	248	5	246	2.51e-40	140
QMW89122.1	iML1515.b2533	34.2	237	155	1	13	248	10	246	4.97e-40	139
QMW89122.1	iSF_1195.SF2580	34.2	237	155	1	13	248	10	246	4.97e-40	139
QMW89122.1	iSbBS512_1146.SbBS512_E2908	33.8	237	156	1	13	248	10	246	2.74e-39	137
QMW89122.1	iSSON_1240.SSON_2615	33.8	237	156	1	13	248	10	246	7.61e-39	136
QMW89122.1	iYL1228.KPN_02865	32.5	237	159	1	13	248	10	246	1.07e-38	135
QMW89122.1	iPC815.YPO2899	31.7	243	164	2	7	248	5	246	5.87e-38	134
QMW89123.1	iSF_1195.SF4068	30.6	108	69	2	5	108	88	193	1.99e-09	54.7
QMW89123.1	STM_v1_0.STM4166	29.6	108	70	2	5	108	88	193	2.72e-09	54.3
QMW89123.1	iML1515.b3996	29.6	108	70	2	5	108	88	193	3.72e-09	53.9
QMW89123.1	iSbBS512_1146.SbBS512_E4487	29.6	108	70	2	5	108	88	193	3.72e-09	53.9
QMW89123.1	iSDY_1059.SDY_3730	29.6	108	70	2	5	108	88	193	3.72e-09	53.9
QMW89123.1	iSSON_1240.SSON_4169	29.6	108	70	2	5	108	88	193	3.72e-09	53.9
QMW89123.1	iYL1228.KPN_04378	28.7	108	71	2	5	108	88	193	5.08e-09	53.5
QMW89123.1	iSynCJ816.SGL_RS16030	34.6	78	51	0	38	115	197	274	4.15e-08	51.2
QMW89124.1	iLJ478.TM0024	31.5	254	146	13	134	369	214	457	9.49e-28	114
QMW89126.1	iCHOv1.100774083	31.7	590	371	11	119	693	129	701	3.57e-82	274
QMW89131.1	iYO844.BSU35600	25.6	348	257	1	3	348	9	356	3.11e-32	128
QMW89144.1	iMM1415.11881	25.0	584	262	17	4	520	42	516	9.26e-39	148
QMW89144.1	iCHOv1.100753973	26.5	479	223	15	1	460	24	392	4.84e-35	137
QMW89145.1	iEK1008.Rv0220	27.8	237	148	7	49	264	135	369	1.21e-14	73.2
QMW89147.1	iIT341.HP0056	36.8	1156	649	17	1	1099	37	1167	1.38e-237	708
QMW89162.1	iCHOv1.100752162	34.2	622	357	12	56	630	271	887	3.83e-108	349
QMW89162.1	iCHOv1.100770033	32.2	596	355	10	75	627	241	830	2.35e-101	330
QMW89168.1	iCHOv1.100753973	24.6	403	207	17	25	392	31	371	1.01e-14	76.3
QMW89168.1	iJN1463.PP_0077	22.1	402	229	13	25	389	4	358	5.06e-13	70.9
QMW89168.1	iMM1415.50917	24.7	384	189	18	4	353	11	328	5.60e-13	70.5
QMW89170.1	iAF692.Mbar_A1731	26.5	117	83	2	271	387	254	367	1.24e-05	46.6
QMW89171.1	iHN637.CLJU_RS12420	21.2	278	192	9	51	317	618	879	7.26e-08	54.3
QMW89171.1	iYO844.BSU02230	25.5	310	199	12	14	310	22	312	5.89e-08	53.9
QMW89171.1	iCHOv1.100760467	22.7	220	163	6	86	305	1078	1290	1.02e-07	53.9
QMW89171.1	iCN900.CD630_35880	20.3	310	219	10	9	306	578	871	5.12e-07	51.6
QMW89171.1	iLB1027_lipid.PHATRDRAFT_24195	21.7	263	198	7	48	308	990	1246	5.40e-07	51.6
QMW89171.1	iAF692.Mbar_A2374	21.5	219	148	9	98	306	667	871	1.56e-06	50.1
QMW89171.1	iMM904.YMR207C	27.7	188	121	7	118	300	158	335	2.26e-06	49.7
QMW89175.1	iNF517.LLMG_RS08455	43.2	308	160	5	9	303	5	310	7.41e-69	216
QMW89178.1	iMM1415.11881	25.0	575	262	19	13	520	42	514	7.23e-39	148
QMW89188.1	iCHOv1.100761822	26.6	841	531	25	32	845	280	1061	7.84e-72	260
QMW89190.1	iAF987.Gmet_0043	22.5	395	264	7	814	1203	41	398	2.81e-19	93.2
QMW89195.1	iIT341.HP0824	29.4	126	60	3	507	632	9	105	8.50e-08	50.4
QMW89198.1	iAF987.Gmet_0067	48.8	211	108	0	5	215	4	214	2.47e-72	218
QMW89198.1	iYO844.BSU15790	49.0	210	106	1	5	213	4	213	1.43e-70	214
QMW89198.1	iCN900.CD630_25750	47.2	212	111	1	5	215	4	215	1.22e-65	201
QMW89198.1	iHN637.CLJU_RS06205	48.3	209	108	0	5	213	4	212	1.13e-64	199
QMW89201.1	iLJ478.TM0306	42.1	76	44	0	61	136	98	173	4.73e-13	70.5
QMW89204.1	iAT_PLT_636.4905	32.4	219	132	5	199	403	242	458	3.65e-25	110
QMW89204.1	iMM1415.18195	32.4	219	132	5	199	403	242	458	3.65e-25	110
QMW89207.1	iAF987.Gmet_0043	28.3	247	165	4	679	913	20	266	4.30e-17	85.5
QMW89221.1	iLJ478.TM1193	37.4	1084	567	24	9	1085	5	983	1.38e-238	707
QMW89222.1	iCHOv1.100774083	28.7	670	446	16	27	684	52	701	1.58e-84	280
QMW89225.1	iIT341.HP1174	27.7	404	253	10	1	382	16	402	5.20e-36	135
QMW89231.1	iCN900.CD630_23230	24.8	351	239	10	1	339	1	338	2.72e-21	92.8
QMW89231.1	iYL1228.KPN_03961	25.5	353	218	10	12	344	13	340	2.37e-20	90.1
QMW89231.1	STM_v1_0.STM3708	24.9	354	219	10	12	344	13	340	3.24e-20	89.7
QMW89231.1	iYO844.BSU06150	28.1	278	182	6	1	269	9	277	5.03e-20	89.4
QMW89231.1	iHN637.CLJU_RS11425	23.2	370	231	6	1	341	1	346	9.74e-20	88.6
QMW89231.1	iML1515.b3616	24.6	354	220	10	12	344	13	340	8.25e-20	88.6
QMW89231.1	iSDY_1059.SDY_4049	24.6	354	220	10	12	344	13	340	1.13e-19	88.2
QMW89231.1	iSbBS512_1146.SbBS512_E4044	24.6	354	220	10	12	344	13	340	1.54e-19	87.8
QMW89231.1	iSF_1195.SF3656	24.6	354	220	10	12	344	13	340	1.54e-19	87.8
QMW89231.1	iSSON_1240.SSON_3788	24.6	354	220	10	12	344	13	340	2.09e-19	87.4
QMW89231.1	iSbBS512_1146.SbBS512_E4898	25.5	364	224	11	1	344	4	340	3.85e-19	86.7
QMW89231.1	iMM904.YLR070C	25.3	340	232	9	2	329	8	337	6.14e-19	86.3
QMW89231.1	iML1515.b4358	25.7	369	217	12	1	344	4	340	7.15e-19	85.9
QMW89231.1	iSSON_1240.SSON_4504	25.7	369	217	12	1	344	9	345	7.52e-19	85.9
QMW89231.1	iCHOv1.100751427	24.0	359	233	11	3	342	11	348	1.15e-18	85.5
QMW89231.1	iPC815.YPO0060	24.0	354	222	10	12	344	13	340	3.38e-18	84.0
QMW89231.1	iCN718.ABAYE_RS09595	25.5	384	215	13	8	344	10	369	5.85e-18	83.6
QMW89231.1	iYO844.BSU06240	25.1	347	208	9	12	332	12	332	4.81e-18	83.6
QMW89232.1	iJN1463.PP_1225	42.3	97	53	2	3	96	6	102	1.76e-18	79.0
QMW89233.1	iCN900.CD630_18170	23.6	144	101	3	12	155	9	143	4.01e-11	59.7
QMW89233.1	iAF987.Gmet_0086	24.0	179	120	6	28	198	425	595	1.17e-08	54.3
QMW89233.1	iEK1008.Rv2182c	25.7	206	139	6	9	205	5	205	5.47e-09	54.3
QMW89249.1	iIT341.HP1174	29.6	371	242	10	7	373	15	370	4.36e-22	97.1
QMW89254.1	iAF987.Gmet_3508	25.3	312	223	5	63	367	100	408	3.80e-27	110
QMW89254.1	iAF987.Gmet_1548	29.8	315	196	8	58	366	115	410	7.79e-27	110
QMW89257.1	iLJ478.TM0076	40.9	797	385	18	14	766	4	758	5.06e-179	531
QMW89258.1	iYS854.USA300HOU_RS04760	32.1	193	114	5	26	201	47	239	7.55e-20	87.4
QMW89258.1	iYO844.BSU02130	41.4	111	54	2	25	126	32	140	6.45e-17	79.0
QMW89267.1	iAF987.Gmet_0043	29.2	253	165	7	304	544	16	266	6.06e-17	84.7
QMW89271.1	iSbBS512_1146.SbBS512_E4050	29.1	179	125	2	2	178	6	184	1.49e-22	95.5
QMW89271.1	iSSON_1240.SSON_3782	29.1	179	125	2	2	178	6	184	1.49e-22	95.5
QMW89271.1	iYO844.BSU35680	27.3	311	182	13	5	293	11	299	4.85e-19	87.4
QMW89272.1	iSbBS512_1146.SbBS512_E4050	29.4	201	125	4	6	198	8	199	5.14e-24	99.8
QMW89272.1	iSSON_1240.SSON_3782	29.4	201	125	4	6	198	8	199	5.14e-24	99.8
QMW89280.1	iML1515.b2558	29.0	421	277	10	39	451	39	445	1.45e-44	162
QMW89280.1	iSbBS512_1146.SbBS512_E2924	29.0	421	277	10	39	451	39	445	2.01e-44	162
QMW89280.1	iSF_1195.SF2605	28.5	411	272	10	49	451	3	399	1.23e-42	156
QMW89280.1	iSDY_1059.SDY_2748	28.5	411	272	10	49	451	3	399	1.70e-42	156
QMW89280.1	iSSON_1240.SSON_2641	28.0	411	274	10	49	451	3	399	1.64e-41	153
QMW89284.1	iYO844.BSU03860	23.5	187	104	5	26	198	4	165	1.20e-05	44.3
QMW89293.1	iSbBS512_1146.SbBS512_E4758	46.7	259	111	11	7	262	9	243	2.05e-59	188
QMW89293.1	iSDY_1059.SDY_4385	46.7	259	111	11	7	262	9	243	2.05e-59	188
QMW89293.1	iSSON_1240.SSON_4399	46.7	259	111	11	7	262	9	243	2.05e-59	188
QMW89293.1	iML1515.b4214	46.7	259	111	11	7	262	9	243	2.90e-59	188
QMW89293.1	iSF_1195.SF4272	45.9	259	113	11	7	262	9	243	1.64e-58	186
QMW89293.1	iJN1463.PP_0261	42.7	262	132	7	4	262	5	251	9.42e-57	182
QMW89296.1	iJN1463.PP_2152	26.7	236	152	8	364	585	2	230	4.84e-08	53.9
QMW89296.1	iSbBS512_1146.SbBS512_E3875	26.2	237	150	7	365	584	8	236	1.34e-06	49.7
QMW89296.1	iML1515.b3449	25.7	237	151	7	365	584	8	236	1.79e-06	49.3
QMW89296.1	iNF517.LLMG_RS00415	27.8	245	144	9	363	585	36	269	2.31e-06	49.3
QMW89298.1	iYS854.USA300HOU_RS01165	27.1	236	152	8	18	243	343	568	2.63e-16	77.4
QMW89302.1	iYO844.BSU40850	55.0	40	18	0	3	42	135	174	3.99e-07	43.5
QMW89302.1	iYS854.USA300HOU_RS13870	50.0	32	16	0	6	37	138	169	1.16e-06	42.4
QMW89302.1	iYL1228.KPN_00440	55.3	38	17	0	5	42	136	173	1.52e-06	42.0
QMW89302.1	iAF987.Gmet_0103	45.9	37	20	0	1	37	417	453	1.75e-05	39.3
QMW89303.1	iHN637.CLJU_RS05580	34.1	126	74	5	58	178	61	182	2.95e-12	62.8
QMW89305.1	iHN637.CLJU_RS16930	34.7	421	258	5	3	416	19	429	1.63e-67	220
QMW89305.1	iYO844.BSU04360	34.0	394	251	5	25	415	33	420	6.03e-64	211
QMW89305.1	iHN637.CLJU_RS17640	33.9	398	255	3	21	415	20	412	8.04e-63	207
QMW89308.1	iHN637.CLJU_RS13445	61.5	566	189	4	1	540	3	565	9.24e-245	682
QMW89309.1	iCN900.CD630_19470	46.6	219	116	1	2	219	10	228	1.01e-62	194
QMW89309.1	iYO844.BSU30420	46.1	228	118	2	1	223	1	228	1.56e-62	194
QMW89309.1	iJN1463.PP_4210	46.7	225	119	1	1	224	5	229	6.72e-57	190
QMW89312.1	iJN1463.PP_5412	37.3	75	47	0	4	78	5	79	1.18e-12	58.5
QMW89312.1	iAF987.Gmet_3405	38.0	79	48	1	2	80	3	80	3.25e-12	57.4
QMW89312.1	iYL1228.KPN_04136	33.8	74	49	0	5	78	6	79	3.31e-12	57.4
QMW89312.1	STM_v1_0.STM3864	33.8	74	49	0	5	78	6	79	3.31e-12	57.4
QMW89312.1	iSbBS512_1146.SbBS512_E4190	33.8	74	49	0	5	78	6	79	3.31e-12	57.4
QMW89312.1	iML1515.b3731	33.8	74	49	0	5	78	6	79	4.66e-12	57.0
QMW89312.1	iSDY_1059.SDY_4017	33.8	74	49	0	5	78	6	79	4.66e-12	57.0
QMW89312.1	iSF_1195.SF3811	33.8	74	49	0	5	78	4	77	4.49e-12	57.0
QMW89312.1	iSSON_1240.SSON_3888	33.8	74	49	0	5	78	6	79	4.66e-12	57.0
QMW89312.1	iPC815.YPO4120	37.3	67	42	0	5	71	7	73	4.75e-12	57.0
QMW89312.1	iIT341.HP1131	40.3	72	42	1	1	72	2	72	1.37e-11	55.5
QMW89312.1	iYO844.BSU36800	36.6	71	44	1	1	71	1	70	6.35e-11	53.9
QMW89313.1	iAF987.Gmet_0043	29.5	258	148	10	225	457	15	263	1.54e-14	75.5
QMW89315.1	iIT341.HP0742	51.2	303	147	1	2	303	15	317	1.22e-103	305
QMW89315.1	iAF987.Gmet_2848	49.7	308	150	3	2	304	7	314	1.99e-101	299
QMW89315.1	iJN1463.PP_0722	47.4	308	157	3	1	303	5	312	1.25e-94	282
QMW89315.1	iCN718.ABAYE_RS14860	47.2	309	157	4	1	303	5	313	2.23e-93	279
QMW89315.1	iCN900.CD630_35140	46.9	307	158	3	2	303	10	316	1.03e-91	275
QMW89317.1	iLJ478.TM1062	25.1	589	356	21	31	585	13	550	4.73e-40	154
QMW89317.1	iCHOv1.100757362	25.6	598	354	22	46	596	86	639	4.09e-35	141
QMW89324.1	iJN1463.PP_3425	29.2	359	249	3	5	363	15	368	1.35e-41	150
QMW89325.1	iMM904.YML059C	27.2	206	111	5	7	210	1369	1537	2.14e-15	80.5
QMW89327.1	iJN1463.PP_1331	25.9	316	196	10	1	297	250	546	7.61e-19	86.3
QMW89329.1	STM_v1_0.STM4130	23.5	622	387	23	18	598	26	599	2.60e-20	94.7
QMW89329.1	STM_v1_0.STM2199	24.9	559	314	18	18	508	31	551	8.90e-20	93.2
QMW89329.1	iSDY_1059.SDY_3762	23.1	611	403	24	18	598	26	599	2.47e-19	91.7
QMW89329.1	iML1515.b3966	22.8	615	400	24	18	598	26	599	9.52e-18	86.7
QMW89329.1	iSSON_1240.SSON_4139	22.8	615	400	24	18	598	26	599	9.52e-18	86.7
QMW89329.1	iJN1463.PP_0525	22.2	612	384	18	17	592	55	610	2.32e-17	85.5
QMW89343.1	iYO844.BSU39780	28.4	303	206	7	59	357	7	302	2.86e-34	128
QMW89343.1	iSbBS512_1146.SbBS512_E3430	26.1	310	206	6	73	365	30	333	4.23e-33	126
QMW89343.1	iSF_1195.SF3047	26.1	310	206	6	73	365	30	333	5.87e-33	125
QMW89343.1	iSSON_1240.SSON_3145	26.1	310	206	6	73	365	30	333	5.87e-33	125
QMW89343.1	iML1515.b3001	25.8	310	207	6	73	365	30	333	2.17e-32	124
QMW89343.1	iLB1027_lipid.PHATRDRAFT_44546	31.4	306	181	8	66	367	18	298	2.30e-31	120
QMW89350.1	iAF987.Gmet_2618	32.2	211	134	6	23	228	33	239	1.33e-26	102
QMW89350.1	iSynCJ816.SGL_RS17560	35.8	173	104	4	25	195	52	219	1.75e-26	102
QMW89350.1	iMM1415.100198	32.0	206	126	4	23	219	591	791	4.26e-24	99.8
QMW89350.1	iAT_PLT_636.25796	33.8	207	129	6	23	223	41	245	1.06e-24	97.8
QMW89350.1	iCHOv1.100770090	31.6	206	127	4	23	219	583	783	2.67e-23	97.4
QMW89351.1	iPC815.YPO0584	29.3	393	236	15	2	372	23	395	3.44e-16	79.3
QMW89351.1	iMM1415.20514	32.0	150	100	2	224	372	341	489	3.73e-14	73.6
QMW89353.1	iML1515.b3241	29.1	134	87	3	193	320	138	269	9.91e-11	61.6
QMW89356.1	iCN900.CD630_10250	44.0	275	132	8	4	257	3	276	1.31e-62	197
QMW89361.1	iIT341.HP0824	47.7	88	46	0	62	149	18	105	7.44e-23	86.7
QMW89361.1	iYL1228.KPN_04282	46.9	81	43	0	66	146	25	105	2.28e-22	85.5
QMW89361.1	iML1515.b3781	46.9	81	43	0	66	146	25	105	4.56e-22	84.7
QMW89361.1	STM_v1_0.STM3915	46.9	81	43	0	66	146	25	105	4.56e-22	84.7
QMW89361.1	iSbBS512_1146.SbBS512_E4140	46.9	81	43	0	66	146	25	105	4.56e-22	84.7
QMW89361.1	iSDY_1059.SDY_3968	46.9	81	43	0	66	146	43	123	7.35e-22	84.7
QMW89361.1	iSF_1195.SF3854	46.9	81	43	0	66	146	43	123	7.35e-22	84.7
QMW89361.1	iSSON_1240.SSON_3952	46.9	81	43	0	66	146	43	123	7.35e-22	84.7
QMW89361.1	iYS854.USA300HOU_RS05725	45.2	84	46	0	66	149	21	104	5.63e-22	84.3
QMW89361.1	iPC815.YPO3868	45.7	81	44	0	66	146	25	105	7.05e-21	81.6
QMW89361.1	STM_v1_0.STM2649	39.5	86	52	0	64	149	54	139	2.22e-20	81.3
QMW89361.1	iAF692.Mbar_A2310	40.2	87	48	1	63	145	2	88	1.16e-20	80.5
QMW89361.1	iML1515.b2582	38.4	86	53	0	64	149	54	139	6.23e-20	80.1
QMW89361.1	iSbBS512_1146.SbBS512_E2954	38.4	86	53	0	64	149	54	139	6.23e-20	80.1
QMW89361.1	iSDY_1059.SDY_2825	38.4	86	53	0	64	149	54	139	6.23e-20	80.1
QMW89361.1	iSF_1195.SF2644	38.4	86	53	0	64	149	54	139	6.23e-20	80.1
QMW89361.1	iSSON_1240.SSON_2708	38.4	86	53	0	64	149	54	139	6.23e-20	80.1
QMW89361.1	iYL1228.KPN_02905	42.7	75	43	0	64	138	54	128	2.58e-19	78.6
QMW89361.1	iJN1463.PP_5215	35.8	109	68	1	41	149	3	109	1.15e-19	78.6
QMW89363.1	iCN900.CD630_08720	44.7	179	99	0	1	179	7	185	1.43e-45	148
QMW89363.1	iYO844.BSU40850	41.2	177	103	1	1	177	9	184	9.03e-44	143
QMW89363.1	iYL1228.KPN_00440	40.7	177	104	1	1	177	8	183	5.97e-40	134
QMW89371.1	iMM904.YKL004W	25.5	216	147	5	72	285	109	312	2.64e-14	72.4
QMW89373.1	iJN1463.PP_0077	25.7	463	260	18	15	430	3	428	1.47e-22	100
QMW89377.1	iLJ478.TM0306	31.1	151	83	6	88	224	99	242	1.78e-11	66.2
QMW89377.1	iCHOv1.100756134	22.4	366	217	15	58	405	77	393	2.33e-10	62.8
QMW89378.1	iLJ478.TM1193	39.9	990	531	23	29	993	7	957	1.75e-228	678
QMW89380.1	iAF987.Gmet_3178	29.7	192	116	7	1	188	4	180	3.08e-21	92.0
QMW89380.1	iSynCJ816.SGL_RS11220	28.9	197	123	5	1	187	4	193	1.78e-21	91.7
QMW89380.1	iAF692.Mbar_A1937	30.2	192	116	6	2	189	5	182	8.93e-21	89.7
QMW89380.1	iAF692.Mbar_A2023	28.8	208	129	7	1	204	4	196	3.43e-20	88.2
QMW89380.1	iMM904.YDL055C	29.2	195	127	5	1	193	4	189	4.64e-20	87.4
QMW89382.1	iAF987.Gmet_0043	28.3	247	165	6	365	599	20	266	1.64e-14	76.3
QMW89384.1	iAF692.Mbar_A2378	42.1	266	152	2	9	273	45	309	5.66e-72	223
QMW89388.1	iLJ478.TM0076	35.6	790	398	15	166	863	4	774	1.75e-135	424
QMW89388.1	iJN1463.PP_1403	36.9	675	354	14	205	829	97	749	8.43e-124	393
QMW89391.1	iAF987.Gmet_0043	27.5	247	168	3	645	880	20	266	1.13e-15	80.9
QMW89391.1	iYO844.BSU23610	30.3	165	112	3	9	172	7	169	1.27e-16	78.6
QMW89396.1	iAF692.Mbar_A0942	31.9	502	322	11	1	497	9	495	3.93e-65	218
QMW89396.1	iLJ478.TM0553	32.0	509	314	10	1	495	7	497	4.04e-62	211
QMW89396.1	iHN637.CLJU_RS04460	30.5	508	322	13	1	495	7	496	1.12e-58	201
QMW89396.1	iAF692.Mbar_A0217	29.0	496	332	10	5	497	1	479	2.37e-58	200
QMW89396.1	iAF987.Gmet_1265	30.3	511	323	13	1	497	10	501	2.31e-57	198
QMW89409.1	iCN900.CD630_01920	37.7	385	233	4	16	398	117	496	5.30e-84	264
QMW89409.1	iYS854.USA300HOU_RS11270	35.5	375	232	5	27	398	127	494	1.13e-78	250
QMW89409.1	iYO844.BSU36590	35.0	386	243	4	15	398	103	482	2.54e-77	246
QMW89409.1	iNF517.LLMG_RS07830	34.8	382	239	6	19	398	108	481	2.10e-75	241
QMW89409.1	iYO844.BSU37240	34.5	371	233	4	27	395	135	497	7.27e-74	238
