QHM26499.1	iYO844.BSU31322	42.6	61	28	1	155	215	47	100	8.56e-09	54.7
QHM26512.1	iYO844.BSU27610	65.9	170	58	0	3	172	1	170	5.60e-84	244
QHM26512.1	iYS854.USA300HOU_RS08700	63.5	170	62	0	3	172	1	170	2.83e-82	240
QHM26512.1	iNF517.LLMG_RS03160	65.3	170	59	0	3	172	1	170	5.34e-82	239
QHM26515.1	iEK1008.Rv1928c	34.8	204	126	4	3	203	8	207	1.17e-24	98.6
QHM26515.1	iSynCJ816.SGL_RS12965	31.1	251	165	4	3	251	2	246	1.76e-24	98.2
QHM26515.1	iSynCJ816.SGL_RS07245	32.3	192	130	0	1	192	1	192	7.33e-24	96.3
QHM26515.1	iYO844.BSU15910	30.5	187	128	2	7	192	5	190	2.74e-22	92.0
QHM26515.1	iAF987.Gmet_1601	29.0	259	163	3	3	261	2	239	2.74e-22	92.0
QHM26515.1	iHN637.CLJU_RS17225	32.1	193	131	0	4	196	6	198	1.11e-21	90.5
QHM26518.1	iAF987.Gmet_2444	30.6	98	52	3	161	250	24	113	5.52e-04	42.0
QHM26520.1	iYO844.BSU14390	43.9	303	170	0	1	303	1	303	1.47e-93	279
QHM26520.1	iHN637.CLJU_RS10115	44.9	303	165	1	1	303	1	301	3.16e-92	275
QHM26520.1	iNF517.LLMG_RS07905	44.7	304	167	1	1	303	1	304	2.90e-91	273
QHM26521.1	iNF517.LLMG_RS07900	46.2	639	300	9	1	626	1	608	9.97e-168	493
QHM26521.1	iCN900.CD630_22690	43.8	637	329	5	1	631	1	614	3.78e-163	482
QHM26524.1	iYO844.BSU35550	28.9	232	152	6	3	228	8	232	1.01e-17	80.9
QHM26526.1	iYS854.USA300HOU_RS07460	25.7	109	77	2	173	278	199	306	9.70e-05	43.5
QHM26526.1	iYO844.BSU35730	28.7	94	64	1	171	261	348	441	2.86e-04	42.4
QHM26526.1	iYS854.USA300HOU_RS02960	25.0	96	69	2	173	265	320	415	2.57e-04	42.4
QHM26527.1	iYS854.USA300HOU_RS07460	26.5	279	179	9	68	328	66	336	1.29e-18	85.9
QHM26528.1	iML1515.b2047	41.9	191	105	2	26	211	265	454	2.27e-38	137
QHM26528.1	STM_v1_0.STM2082	37.1	202	107	4	34	220	279	475	2.69e-36	132
QHM26529.1	iYS854.USA300HOU_RS00675	43.7	311	171	3	2	310	6	314	6.60e-84	255
QHM26534.1	iNF517.LLMG_RS09915	66.0	247	79	2	1	245	1	244	2.91e-108	311
QHM26534.1	iYS854.USA300HOU_RS09925	61.6	242	92	1	4	245	2	242	5.69e-103	298
QHM26534.1	iCN900.CD630_07520	59.8	241	96	1	5	245	1	240	5.03e-101	293
QHM26534.1	iNF517.LLMG_RS09720	63.3	240	87	1	6	245	7	245	1.82e-100	292
QHM26534.1	iYO844.BSU23960	59.3	241	97	1	5	245	1	240	9.02e-97	282
QHM26535.1	iYS854.USA300HOU_RS09930	42.7	496	261	8	1	488	1	481	8.55e-114	344
QHM26542.1	iSynCJ816.SGL_RS10925	71.1	398	109	3	1	393	1	397	7.57e-203	563
QHM26545.1	iNF517.LLMG_RS04470	48.6	278	142	1	8	285	15	291	1.22e-89	268
QHM26545.1	iYO844.BSU16770	44.7	291	156	4	1	289	1	288	7.08e-82	248
QHM26546.1	iYS854.USA300HOU_RS00620	21.3	380	279	4	10	378	10	380	2.15e-15	77.0
QHM26551.1	iYS854.USA300HOU_RS08470	64.3	140	50	0	4	143	2	141	4.02e-68	203
QHM26551.1	iYO844.BSU25580	60.8	153	60	0	4	156	2	154	1.84e-67	202
QHM26554.1	iEK1008.Rv2965c	44.4	160	88	1	1	160	1	159	7.86e-44	142
QHM26554.1	iHN637.CLJU_RS06240	46.3	149	80	0	1	149	1	149	1.13e-41	136
QHM26554.1	iLJ478.TM0741	46.1	154	83	0	4	157	3	156	4.17e-41	135
QHM26554.1	iAF987.Gmet_1759	44.2	154	86	0	4	157	6	159	8.87e-41	134
QHM26554.1	iCN718.ABAYE_RS14785	42.1	152	88	0	5	156	7	158	1.26e-40	134
QHM26554.1	iML1515.b3634	42.2	154	89	0	4	157	5	158	2.24e-40	133
QHM26554.1	iSbBS512_1146.SbBS512_E4059	42.2	154	89	0	4	157	5	158	2.24e-40	133
QHM26554.1	iSF_1195.SF3673	42.2	154	89	0	4	157	5	158	2.24e-40	133
QHM26554.1	iSSON_1240.SSON_3773	42.2	154	89	0	4	157	5	158	3.18e-40	132
QHM26554.1	iYO844.BSU15020	40.3	154	92	0	4	157	5	158	9.58e-40	131
QHM26554.1	iYS854.USA300HOU_RS05615	42.2	154	89	0	4	157	6	159	3.74e-39	130
QHM26554.1	iSynCJ816.SGL_RS15225	45.9	146	79	0	4	149	3	148	5.15e-39	129
QHM26554.1	iPC815.YPO0053	41.8	158	91	1	1	157	1	158	5.15e-39	129
QHM26554.1	iYL1228.KPN_03974	39.6	154	93	0	4	157	5	158	2.07e-38	128
QHM26554.1	iSDY_1059.SDY_4064	40.9	154	91	0	4	157	5	158	2.07e-38	128
QHM26555.1	iCN718.ABAYE_RS13845	31.9	185	120	4	1	185	5	183	2.67e-20	83.2
QHM26557.1	iNF517.LLMG_RS03310	60.3	1142	445	3	1	1140	1	1136	0.0	1410
QHM26557.1	iYO844.BSU14860	59.1	1144	460	3	1	1140	6	1145	0.0	1368
QHM26557.1	iYS854.USA300HOU_RS05560	57.4	1142	485	2	1	1140	4	1145	0.0	1318
QHM26558.1	iJN1463.PP_1336	34.1	372	222	4	8	372	21	376	2.02e-56	189
QHM26560.1	iYS854.USA300HOU_RS14480	24.5	253	178	4	55	307	49	288	8.88e-17	81.6
QHM26560.1	iML1515.b1022	24.9	257	165	5	52	293	60	303	2.47e-15	77.4
QHM26563.1	iEK1008.Rv0684	26.0	492	246	10	7	395	13	489	1.15e-35	142
QHM26563.1	iSynCJ816.SGL_RS17200	25.7	487	250	9	8	395	9	482	4.88e-35	140
QHM26563.1	iSynCJ816.SGL_RS10930	26.6	488	243	12	7	395	10	481	4.08e-31	128
QHM26564.1	iYO844.BSU14670	34.3	239	152	2	20	253	18	256	4.32e-45	152
QHM26564.1	iYS854.USA300HOU_RS05525	35.8	229	144	2	28	253	22	250	3.44e-43	147
QHM26566.1	iYS854.USA300HOU_RS01245	26.2	210	138	4	93	291	100	303	1.48e-13	69.7
QHM26566.1	iNF517.LLMG_RS02010	20.4	245	187	3	64	301	70	313	1.62e-12	66.6
QHM26566.1	iNF517.LLMG_RS07210	21.4	248	184	5	64	301	71	317	4.21e-12	65.5
QHM26567.1	iYS854.USA300HOU_RS05470	61.3	470	177	4	1	469	1	466	1.39e-196	553
QHM26567.1	iYO844.BSU14610	59.7	471	186	4	1	470	1	468	2.65e-192	543
QHM26568.1	iYO844.BSU14600	52.1	457	185	6	1	438	1	442	4.59e-143	415
QHM26568.1	iYS854.USA300HOU_RS05465	52.2	460	168	7	1	438	1	430	1.42e-141	411
QHM26569.1	iYO844.BSU14590	65.2	325	113	0	1	325	1	325	9.15e-154	433
QHM26569.1	iYS854.USA300HOU_RS05460	63.7	325	118	0	1	325	1	325	9.15e-154	433
QHM26569.1	iNF517.LLMG_RS00400	62.5	325	122	0	1	325	1	325	1.45e-143	407
QHM26570.1	iYS854.USA300HOU_RS05455	59.4	350	141	1	21	370	22	370	9.94e-152	432
QHM26570.1	iYO844.BSU14580	55.6	367	162	1	4	370	6	371	1.07e-141	406
QHM26571.1	iNF517.LLMG_RS02790	50.3	195	87	1	1	185	16	210	1.48e-63	194
QHM26575.1	iEK1008.Rv2252	28.0	214	146	4	65	278	68	273	1.58e-15	75.5
QHM26577.1	iYS854.USA300HOU_RS02340	30.4	148	97	2	9	155	4	146	2.07e-15	77.0
QHM26578.1	iYO844.BSU00510	56.8	317	136	1	1	317	1	316	1.93e-121	351
QHM26578.1	iNF517.LLMG_RS08760	54.6	315	141	1	6	318	2	316	1.23e-116	339
QHM26578.1	iYS854.USA300HOU_RS02560	53.1	320	148	1	1	318	2	321	6.40e-111	324
QHM26581.1	iNF517.LLMG_RS09625	40.7	204	110	3	3	206	2	194	2.62e-41	139
QHM26585.1	iYS854.USA300HOU_RS05420	43.7	206	115	1	1	206	1	205	1.26e-60	189
QHM26585.1	iYO844.BSU14510	41.2	216	126	1	1	216	1	215	4.24e-59	185
QHM26585.1	iCN900.CD630_06970	39.4	218	129	2	3	219	2	217	4.33e-54	172
QHM26586.1	iCN900.CD630_06960	37.0	441	268	3	17	450	21	458	8.15e-82	259
QHM26586.1	iYO844.BSU31100	38.1	431	259	3	20	450	23	445	4.88e-80	254
QHM26587.1	iJN1463.PP_1032	21.8	293	183	12	9	284	227	490	4.13e-04	42.0
QHM26589.1	iCN900.CD630_12790	43.7	380	210	4	2	380	4	380	2.22e-94	287
QHM26589.1	iYS854.USA300HOU_RS08635	43.2	373	209	3	3	375	2	371	6.03e-90	275
QHM26590.1	iNF517.LLMG_RS10345	48.4	225	112	1	1	225	1	221	2.96e-68	209
QHM26590.1	iML1515.b0159	46.2	225	121	0	1	225	1	225	1.23e-63	197
QHM26590.1	iYL1228.KPN_00174	46.8	222	118	0	1	222	1	222	1.23e-63	197
QHM26590.1	iSbBS512_1146.SbBS512_E0151	46.2	225	121	0	1	225	1	225	1.23e-63	197
QHM26590.1	iSDY_1059.SDY_0175	46.2	225	121	0	1	225	1	225	1.23e-63	197
QHM26590.1	iSF_1195.SF0151	46.2	225	121	0	1	225	1	225	1.23e-63	197
QHM26590.1	iSSON_1240.SSON_0171	46.2	225	121	0	1	225	1	225	1.23e-63	197
QHM26590.1	STM_v1_0.STM0207	45.9	222	120	0	1	222	1	222	4.96e-63	196
QHM26590.1	iYS854.USA300HOU_RS08520	44.1	222	124	0	4	225	3	224	4.04e-61	191
QHM26592.1	iYO844.BSU23610	37.9	174	108	0	2	175	3	176	6.45e-35	120
QHM26592.1	iNF517.LLMG_RS10355	40.0	175	102	2	3	175	9	182	5.19e-33	116
QHM26593.1	iCN900.CD630_25900	32.6	273	160	10	3	271	1	253	5.04e-31	117
QHM26593.1	iHN637.CLJU_RS05285	29.0	307	181	12	3	308	1	271	6.80e-29	112
QHM26593.1	iYO844.BSU32170	30.4	270	165	10	4	268	5	256	1.19e-27	108
QHM26594.1	iNF517.LLMG_RS10255	58.0	936	383	7	1	931	1	931	0.0	1099
QHM26594.1	iYS854.USA300HOU_RS05995	54.6	926	401	10	1	919	1	914	0.0	1011
QHM26602.1	iYO844.BSU15220	53.4	363	169	0	1	363	1	363	6.41e-132	381
QHM26602.1	iNF517.LLMG_RS04660	50.1	361	174	2	1	361	1	355	3.98e-124	361
QHM26603.1	iNF517.LLMG_RS04655	54.1	453	202	5	1	452	1	448	4.83e-160	459
QHM26603.1	iYO844.BSU15200	49.0	453	227	3	1	452	1	450	1.08e-146	426
QHM26604.1	iYO844.BSU15190	53.5	310	143	1	9	317	9	318	1.42e-110	323
QHM26604.1	iYS854.USA300HOU_RS05940	50.5	305	146	3	15	315	11	314	4.73e-98	291
QHM26605.1	iYS854.USA300HOU_RS05935	35.9	693	422	9	32	710	25	709	1.47e-126	393
QHM26605.1	iNF517.LLMG_RS08445	36.9	742	418	17	13	710	26	761	7.72e-125	389
QHM26607.1	iNF517.LLMG_RS08455	58.4	310	127	2	4	313	3	310	1.10e-121	351
QHM26610.1	iYS854.USA300HOU_RS12865	30.4	276	183	3	12	287	15	281	5.75e-33	123
QHM26610.1	iCN900.CD630_21220	26.5	309	217	5	1	308	1	300	7.94e-29	112
QHM26614.1	iNF517.LLMG_RS03390	52.0	440	209	2	1	438	1	440	9.43e-150	433
QHM26614.1	iYS854.USA300HOU_RS00980	49.7	451	221	3	1	445	1	451	1.61e-143	417
QHM26618.1	iSynCJ816.SGL_RS13900	24.4	356	239	9	10	354	21	357	4.26e-14	72.8
QHM26620.1	iNF517.LLMG_RS12210	49.7	338	169	1	1	337	1	338	8.39e-111	325
QHM26622.1	iNF517.LLMG_RS01970	43.5	294	162	3	1	292	1	292	1.31e-77	238
QHM26623.1	iNF517.LLMG_RS01965	51.0	263	127	2	2	263	10	271	2.34e-88	263
QHM26623.1	iYO844.BSU11610	47.0	266	141	0	1	266	1	266	1.36e-85	256
QHM26623.1	iYS854.USA300HOU_RS04990	48.5	268	137	1	1	267	1	268	1.50e-85	256
QHM26624.1	iYS854.USA300HOU_RS04985	64.0	200	72	0	1	200	1	200	1.01e-89	262
QHM26624.1	iCN900.CD630_03450	56.8	199	84	1	2	200	4	200	2.55e-79	238
QHM26629.1	iPC815.YPO3070	25.5	110	81	1	2	110	4	113	1.29e-09	52.0
QHM26633.1	iHN637.CLJU_RS10465	41.1	73	42	1	12	84	481	552	2.94e-09	53.5
QHM26635.1	iNF517.LLMG_RS09290	25.7	222	132	7	12	216	2	207	5.66e-13	65.1
QHM26637.1	iYS854.USA300HOU_RS04600	46.1	256	132	4	1	254	1	252	4.66e-68	211
QHM26639.1	iYS854.USA300HOU_RS04575	36.3	454	269	10	6	457	2	437	2.19e-87	273
QHM26641.1	iHN637.CLJU_RS04100	54.4	439	197	2	11	448	5	441	1.15e-166	477
QHM26642.1	iYO844.BSU29470	53.7	397	180	4	1	395	1	395	1.40e-147	423
QHM26642.1	iNF517.LLMG_RS11485	51.4	395	184	5	1	391	1	391	3.25e-141	407
QHM26642.1	iNF517.LLMG_RS11480	50.3	394	191	5	1	391	1	392	1.40e-132	385
QHM26642.1	iYS854.USA300HOU_RS09075	50.0	392	186	6	5	390	6	393	2.34e-132	385
QHM26651.1	iYS854.USA300HOU_RS01400	48.0	300	154	2	2	300	3	301	1.24e-79	243
QHM26656.1	iYS854.USA300HOU_RS08170	38.4	237	146	0	131	367	116	352	1.76e-52	177
QHM26660.1	iML1515.b0808	26.8	220	158	1	78	294	505	724	8.18e-15	74.3
QHM26661.1	iNF517.LLMG_RS01525	50.5	370	180	3	7	376	3	369	1.06e-126	369
QHM26662.1	iYO844.BSU14180	59.3	236	96	0	1	236	1	236	2.79e-62	194
QHM26665.1	iAF987.Gmet_1875	51.6	192	92	1	7	197	4	195	1.45e-59	184
QHM26666.1	iNF517.LLMG_RS06010	50.9	265	128	2	3	267	2	264	3.49e-91	270
QHM26666.1	iYO844.BSU28390	47.4	266	136	3	4	267	3	266	8.80e-82	246
QHM26668.1	iYS854.USA300HOU_RS05725	49.0	102	52	0	2	103	3	104	7.09e-32	107
QHM26668.1	iYL1228.KPN_04282	50.0	96	46	1	6	99	9	104	1.27e-28	99.4
QHM26668.1	iML1515.b3781	50.0	96	46	1	6	99	9	104	3.63e-28	98.2
QHM26668.1	STM_v1_0.STM3915	50.0	96	46	1	6	99	9	104	3.63e-28	98.2
QHM26668.1	iSbBS512_1146.SbBS512_E4140	50.0	96	46	1	6	99	9	104	3.63e-28	98.2
QHM26668.1	iSDY_1059.SDY_3968	50.0	96	46	1	6	99	27	122	6.00e-28	98.2
QHM26668.1	iSF_1195.SF3854	50.0	96	46	1	6	99	27	122	6.00e-28	98.2
QHM26668.1	iSSON_1240.SSON_3952	50.0	96	46	1	6	99	27	122	6.00e-28	98.2
QHM26674.1	iNF517.LLMG_RS09540	55.1	886	374	8	1	877	1	871	0.0	917
QHM26674.1	iYS854.USA300HOU_RS08615	51.8	882	411	10	1	877	1	873	9.14e-304	858
QHM26675.1	iYS854.USA300HOU_RS07595	20.9	330	240	9	30	353	19	333	7.49e-11	63.5
QHM26676.1	iHN637.CLJU_RS06465	26.8	325	222	9	3	318	2	319	1.71e-26	106
QHM26679.1	iYS854.USA300HOU_RS08720	67.5	378	123	0	3	380	2	379	1.18e-195	544
QHM26680.1	iYS854.USA300HOU_RS08725	59.2	341	138	1	3	343	1	340	1.28e-150	427
QHM26691.1	iML1515.b2700	35.9	145	91	2	266	408	13	157	1.71e-18	82.0
QHM26691.1	iJN1463.PP_1628	37.1	132	81	2	276	406	22	152	5.34e-18	80.5
QHM26692.1	iNF517.LLMG_RS11155	52.5	200	70	3	2	191	4	188	1.57e-60	186
QHM26692.1	iYO844.BSU16920	50.5	184	90	1	2	185	3	185	1.13e-53	169
QHM26694.1	iAM_Pc455.PCYB_074100	26.6	173	116	4	50	214	33	202	1.65e-10	62.4
QHM26694.1	iAM_Pb448.PBANKA_083440	24.6	191	134	4	50	235	62	247	3.00e-10	61.6
QHM26694.1	iAF987.Gmet_2529	25.1	231	162	4	18	248	50	269	2.17e-09	58.9
QHM26694.1	iAM_Pv461.PVX_087035	24.7	170	123	3	50	214	51	220	4.96e-09	57.8
QHM26694.1	iAM_Pf480.PF3D7_0933600	23.5	170	125	3	50	214	68	237	1.57e-08	56.2
QHM26696.1	iYO844.BSU03790	48.8	449	229	1	1	449	1	448	2.87e-150	434
QHM26696.1	iNF517.LLMG_RS09120	47.6	452	233	3	1	450	1	450	5.66e-144	418
QHM26696.1	iYS854.USA300HOU_RS06745	47.1	446	235	1	1	446	1	445	1.48e-133	392
QHM26697.1	iYS854.USA300HOU_RS13050	35.2	267	151	10	11	273	4	252	5.44e-31	115
QHM26697.1	iYL1228.KPN_00840	31.0	229	148	4	48	275	27	246	8.30e-31	115
QHM26697.1	STM_v1_0.STM0830	31.4	229	147	4	48	275	27	246	2.28e-30	114
QHM26697.1	iSDY_1059.SDY_0785	30.6	229	149	4	48	275	27	246	3.19e-30	113
QHM26697.1	iYL1228.KPN_00893	30.8	224	145	3	51	272	26	241	5.57e-30	112
QHM26697.1	iML1515.b0811	30.1	229	150	4	48	275	27	246	8.74e-30	112
QHM26697.1	iSSON_1240.SSON_0791	30.1	229	150	4	48	275	27	246	8.74e-30	112
QHM26697.1	iPC815.YPO2512	33.8	228	138	6	48	273	27	243	1.20e-29	112
QHM26697.1	iSbBS512_1146.SbBS512_E2537	30.1	229	150	4	48	275	27	246	2.39e-29	111
QHM26697.1	iSF_1195.SF0762	29.7	229	151	4	48	275	27	246	6.55e-29	110
QHM26697.1	iML1515.b1920	28.0	261	176	5	15	273	11	261	1.89e-28	109
QHM26697.1	STM_v1_0.STM0887	30.8	224	145	3	51	272	26	241	4.38e-28	107
QHM26697.1	iYO844.BSU23980	29.7	229	154	4	48	276	34	255	1.55e-27	106
QHM26697.1	iJN1463.PP_0227	28.6	252	166	5	26	273	18	259	5.09e-27	105
QHM26697.1	iYO844.BSU03610	29.6	280	173	8	1	273	1	263	1.07e-26	104
QHM26697.1	iSF_1195.SF0814	28.6	224	150	3	51	272	26	241	8.89e-27	104
QHM26698.1	STM_v1_0.STM0828	47.6	210	108	2	1	208	1	210	1.62e-66	204
QHM26698.1	iCN900.CD630_07520	49.3	213	100	3	1	208	1	210	2.30e-66	204
QHM26698.1	iSDY_1059.SDY_0787	47.1	210	109	2	1	208	1	210	2.64e-65	201
QHM26698.1	iML1515.b0809	47.1	210	109	2	1	208	1	210	3.74e-65	201
QHM26698.1	iSbBS512_1146.SbBS512_E2539	47.1	210	109	2	1	208	1	210	3.74e-65	201
QHM26698.1	iSSON_1240.SSON_0789	47.1	210	109	2	1	208	1	210	3.74e-65	201
QHM26698.1	iYO844.BSU27430	46.5	213	112	1	1	211	1	213	1.13e-64	199
QHM26698.1	iYL1228.KPN_00838	46.7	210	110	2	1	208	1	210	1.06e-64	199
QHM26698.1	iSF_1195.SF0760	47.1	210	109	2	1	208	1	210	1.51e-64	199
QHM26698.1	iPC815.YPO2514	46.2	210	111	1	1	208	1	210	8.59e-64	197
QHM26698.1	iCN900.CD630_17760	45.9	209	112	1	1	208	1	209	1.02e-63	196
QHM26698.1	iYO844.BSU23960	45.1	213	109	3	1	208	1	210	2.79e-62	193
QHM26698.1	iJN1463.PP_0283	45.4	216	105	1	2	204	8	223	1.33e-61	192
QHM26698.1	iJN1463.PP_1068	45.7	210	112	2	1	208	13	222	2.58e-61	191
QHM26698.1	iYO844.BSU03590	43.9	214	114	1	1	208	1	214	2.25e-60	189
QHM26698.1	iYS854.USA300HOU_RS09925	44.7	206	112	1	1	204	3	208	2.73e-60	188
QHM26698.1	iYL1228.KPN_00678	44.6	213	116	2	1	211	1	213	5.32e-60	187
QHM26698.1	iPC815.YPO2612	44.6	213	116	2	1	211	2	214	5.48e-60	187
QHM26698.1	iML1515.b0652	45.1	213	115	2	1	211	1	213	7.53e-60	187
QHM26698.1	iNF517.LLMG_RS09915	45.9	209	105	2	1	204	5	210	8.25e-60	187
QHM26698.1	iSF_1195.SF0629	45.1	213	115	2	1	211	1	213	7.53e-60	187
QHM26698.1	iSSON_1240.SSON_0606	45.1	213	115	2	1	211	1	213	7.53e-60	187
QHM26699.1	iCN900.CD630_17750	49.3	203	103	0	11	213	1	203	8.75e-58	181
QHM26700.1	iHN637.CLJU_RS11570	24.5	265	183	8	10	264	8	265	1.89e-06	47.8
QHM26700.1	iAF692.Mbar_A0171	24.7	255	177	8	10	254	8	257	2.51e-06	47.4
QHM26704.1	STM_v1_0.STM0659	24.3	181	115	4	6	166	5	183	3.76e-06	48.1
QHM26704.1	iML1515.b0650	25.8	178	110	5	9	166	8	183	3.60e-05	45.1
QHM26704.1	iSbBS512_1146.SbBS512_E0599	25.8	178	110	5	9	166	8	183	3.60e-05	45.1
QHM26704.1	iSSON_1240.SSON_0604	25.8	178	110	5	9	166	8	183	3.60e-05	45.1
QHM26706.1	iNF517.LLMG_RS06760	42.4	429	237	3	8	436	6	424	4.03e-104	315
QHM26706.1	iYO844.BSU28080	42.0	440	241	7	1	436	1	430	1.58e-101	309
QHM26707.1	iYS854.USA300HOU_RS08810	63.1	881	318	2	8	887	2	876	0.0	1153
QHM26707.1	iNF517.LLMG_RS12325	65.2	888	291	5	6	886	2	878	0.0	1150
QHM26709.1	iJN1463.PP_0243	32.3	331	176	8	22	305	25	354	3.19e-32	127
QHM26710.1	iCN900.CD630_07540	39.2	390	235	2	1	388	1	390	9.83e-91	278
QHM26711.1	iCN900.CD630_07530	41.3	373	207	6	2	369	3	368	3.92e-88	271
QHM26713.1	iJN1463.PP_1877	51.7	147	69	1	7	153	15	159	3.74e-44	142
QHM26713.1	iML1515.b1832	52.1	140	65	1	9	148	10	147	4.64e-41	134
QHM26719.1	iYO844.BSU34560	49.9	561	268	8	4	557	2	556	6.87e-205	582
QHM26719.1	iYO844.BSU07810	49.3	560	272	7	3	559	5	555	3.41e-200	570
QHM26719.1	iYS854.USA300HOU_RS02395	49.1	534	257	7	1	532	1	521	1.85e-188	540
QHM26719.1	iCN900.CD630_30910	50.8	526	252	5	6	530	4	523	1.65e-186	535
QHM26719.1	iNF517.LLMG_RS03830	48.3	557	256	9	3	558	2	527	2.37e-185	531
QHM26720.1	iCN900.CD630_10740	31.0	126	84	2	3	126	2	126	2.11e-09	52.0
QHM26721.1	iCN900.CD630_30690	38.7	271	163	3	12	281	1	269	2.03e-54	177
QHM26722.1	iCN900.CD630_30700	40.4	255	152	0	5	259	4	258	1.25e-54	176
QHM26723.1	iCN900.CD630_30680	37.2	145	85	2	7	148	10	151	9.19e-27	98.2
QHM26723.1	iPC815.YPO1758	32.4	148	100	0	1	148	163	310	3.63e-25	97.8
QHM26723.1	STM_v1_0.STM1830	30.0	150	105	0	1	150	161	310	2.64e-23	92.8
QHM26723.1	iML1515.b1817	31.3	150	103	0	1	150	162	311	5.18e-23	92.0
QHM26723.1	iSbBS512_1146.SbBS512_E2083	31.3	150	103	0	1	150	162	311	5.18e-23	92.0
QHM26723.1	iSF_1195.SF1411	31.3	150	103	0	1	150	162	311	5.18e-23	92.0
QHM26723.1	iSSON_1240.SSON_1343	31.3	150	103	0	1	150	162	311	5.18e-23	92.0
QHM26723.1	iYO844.BSU27060	29.4	153	108	0	1	153	1	153	3.41e-24	91.7
QHM26723.1	iYL1228.KPN_02333	30.7	150	104	0	1	150	162	311	7.26e-22	89.0
QHM26724.1	iYL1228.KPN_04156	23.5	302	212	5	36	329	3	293	8.54e-11	61.6
QHM26724.1	iML1515.b3751	21.4	304	216	6	36	329	3	293	2.95e-09	57.0
QHM26724.1	STM_v1_0.STM3884	22.2	302	216	5	36	329	3	293	7.11e-09	55.8
QHM26725.1	iYL1228.KPN_03019	26.8	332	188	7	25	305	25	352	4.03e-23	103
QHM26725.1	STM_v1_0.STM2818	26.9	342	195	9	25	315	25	362	7.14e-23	102
QHM26725.1	iML1515.b2688	26.6	335	185	9	25	305	25	352	3.96e-22	100
QHM26725.1	iSDY_1059.SDY_2885	26.6	335	185	9	25	305	25	352	3.96e-22	100
QHM26725.1	iSSON_1240.SSON_2832	26.6	335	185	9	25	305	25	352	3.96e-22	100
QHM26725.1	iPC815.YPO3301	26.5	343	195	8	25	315	25	362	5.30e-22	100
QHM26725.1	iSbBS512_1146.SbBS512_E3188	26.6	335	185	9	25	305	25	352	7.01e-22	99.8
QHM26725.1	iJN1463.PP_0243	27.5	338	191	10	16	303	16	349	1.71e-21	98.6
QHM26729.1	iYO844.BSU18800	29.1	134	92	3	206	337	134	266	5.49e-06	47.4
QHM26731.1	iNF517.LLMG_RS11405	35.3	269	166	6	232	497	303	566	1.77e-38	148
QHM26732.1	iYL1228.KPN_00323	41.0	354	198	5	6	352	14	363	1.54e-93	284
QHM26732.1	iML1515.b0381	40.4	354	202	4	5	352	2	352	2.40e-92	280
QHM26732.1	iSbBS512_1146.SbBS512_E0298	40.4	354	202	4	5	352	2	352	2.40e-92	280
QHM26732.1	iSF_1195.SF0232	40.4	354	202	4	5	352	2	352	2.40e-92	280
QHM26732.1	STM_v1_0.STM0380	40.5	353	201	4	6	352	3	352	4.80e-92	280
QHM26732.1	iSDY_1059.SDY_0365	40.1	354	203	4	5	352	2	352	4.80e-92	280
QHM26732.1	iSSON_1240.SSON_0356	40.7	351	199	4	5	349	2	349	4.80e-92	280
QHM26733.1	iEK1008.Rv3825c	31.1	196	121	4	12	202	1430	1616	2.00e-13	71.2
QHM26733.1	iEK1008.Rv3777	32.6	175	107	3	34	206	29	194	7.24e-13	68.2
QHM26735.1	iNF517.LLMG_RS07210	32.7	315	199	6	2	304	6	319	1.42e-52	174
QHM26735.1	iCN900.CD630_21640	32.7	312	195	5	2	299	6	316	2.14e-51	171
QHM26735.1	iNF517.LLMG_RS05690	32.6	310	193	5	2	300	7	311	4.21e-48	163
QHM26735.1	iNF517.LLMG_RS02010	30.0	310	202	3	2	300	6	311	6.32e-48	162
QHM26736.1	iYO844.BSU32730	51.8	274	129	3	1	272	1	273	5.63e-86	257
QHM26736.1	iYS854.USA300HOU_RS04415	48.9	270	135	2	4	270	2	271	4.41e-85	255
QHM26737.1	iYO844.BSU32740	57.6	217	92	0	12	228	6	222	3.45e-71	216
QHM26738.1	iYO844.BSU32750	55.9	340	148	1	1	340	1	338	2.37e-131	378
QHM26738.1	iYS854.USA300HOU_RS04405	59.5	316	125	1	1	316	1	313	5.98e-122	354
QHM26739.1	iLB1027_lipid.PHATRDRAFT_32847	39.2	79	48	0	20	98	54	132	8.25e-16	67.8
QHM26739.1	iMM1415.68133	40.4	89	49	2	9	95	56	142	1.17e-14	65.1
QHM26739.1	iCHOv1.100765652	40.4	89	49	2	9	95	56	142	1.64e-14	64.7
QHM26739.1	iAF987.Gmet_0985	35.2	88	57	0	7	94	13	100	2.14e-14	63.5
QHM26739.1	iMM904.YAL044C	39.0	77	47	0	19	95	64	140	4.55e-14	63.5
QHM26739.1	iML1515.b2904	34.5	87	57	0	11	97	19	105	3.99e-14	62.8
QHM26739.1	iSbBS512_1146.SbBS512_E3325	34.5	87	57	0	11	97	19	105	3.99e-14	62.8
QHM26739.1	iSF_1195.SF2890	34.5	87	57	0	11	97	19	105	3.99e-14	62.8
QHM26739.1	iSSON_1240.SSON_3057	34.5	87	57	0	11	97	19	105	3.99e-14	62.8
QHM26739.1	STM_v1_0.STM3054	34.5	87	57	0	11	97	19	105	7.94e-14	62.0
QHM26739.1	iSDY_1059.SDY_3177	33.3	87	58	0	11	97	19	105	1.58e-13	61.2
QHM26740.1	iJN1463.PP_1336	25.3	332	215	7	82	400	80	391	2.78e-27	111
QHM26740.1	iML1515.b0089	23.8	399	258	9	8	391	34	401	3.83e-26	108
QHM26743.1	iSbBS512_1146.SbBS512_E0599	32.8	180	100	7	3	163	6	183	7.18e-10	59.7
QHM26743.1	iML1515.b0650	32.8	180	100	7	3	163	6	183	9.56e-10	59.3
QHM26743.1	iSSON_1240.SSON_0604	32.8	180	100	7	3	163	6	183	9.56e-10	59.3
QHM26743.1	STM_v1_0.STM0659	31.7	180	102	7	3	163	6	183	4.02e-09	57.4
QHM26744.1	iML1515.b1584	25.0	160	108	4	10	166	7	157	2.53e-11	59.3
QHM26744.1	STM_v1_0.STM1502	23.9	163	112	4	7	166	4	157	2.47e-10	56.6
QHM26744.1	iYL1228.KPN_01583	23.6	161	111	4	9	166	6	157	1.25e-09	54.7
QHM26745.1	iYO844.BSU36760	64.5	420	146	2	1	419	1	418	2.40e-193	543
QHM26745.1	iNF517.LLMG_RS02630	63.2	424	155	1	1	423	1	424	1.06e-189	533
QHM26745.1	iYS854.USA300HOU_RS11340	59.8	420	168	1	1	419	1	420	3.34e-175	496
QHM26746.1	iNF517.LLMG_RS09730	39.4	142	84	1	1	142	1	140	5.07e-27	97.8
QHM26746.1	iYO844.BSU36800	47.2	108	54	1	6	113	2	106	2.32e-23	88.2
QHM26747.1	iNF517.LLMG_RS09735	80.7	467	87	1	1	464	1	467	1.63e-270	741
QHM26747.1	iYS854.USA300HOU_RS11360	76.7	467	105	2	1	464	1	466	5.66e-255	701
QHM26747.1	iYO844.BSU36810	74.9	470	111	3	1	464	1	469	4.90e-245	676
QHM26748.1	iNF517.LLMG_RS09740	49.4	312	134	4	1	312	1	288	3.44e-83	252
QHM26749.1	iNF517.LLMG_RS09745	77.7	494	110	0	1	494	1	494	2.03e-277	761
QHM26749.1	iYO844.BSU36830	74.5	501	128	0	1	501	1	501	6.54e-265	729
QHM26749.1	iYS854.USA300HOU_RS11370	71.3	498	143	0	1	498	1	498	2.90e-254	702
QHM26750.1	iSynCJ816.SGL_RS02680	36.8	171	107	1	2	171	4	174	9.99e-27	99.8
QHM26750.1	iAF987.Gmet_3409	35.3	173	109	2	8	178	6	177	2.99e-24	93.2
QHM26750.1	iNF517.LLMG_RS09750	33.1	172	112	3	9	179	6	175	2.07e-23	90.9
QHM26751.1	iNF517.LLMG_RS09755	48.8	168	86	0	1	168	1	168	7.24e-19	78.6
QHM26751.1	iYO844.BSU36850	48.1	154	80	0	15	168	15	168	1.71e-16	72.4
QHM26752.1	iYS854.USA300HOU_RS11385	62.1	66	25	0	1	66	1	66	3.82e-19	72.8
QHM26752.1	iYO844.BSU36860	57.8	64	27	0	1	64	1	64	1.27e-17	68.9
QHM26753.1	iYS854.USA300HOU_RS11390	45.3	225	122	1	13	236	17	241	1.33e-64	200
QHM26753.1	iYO844.BSU36870	42.2	237	130	1	7	236	7	243	4.20e-61	191
QHM26754.1	iNF517.LLMG_RS04555	58.9	426	164	3	8	422	2	427	1.11e-172	489
QHM26755.1	iNF517.LLMG_RS10940	74.9	211	51	1	1	209	1	211	2.18e-116	329
QHM26755.1	iYO844.BSU36890	68.4	209	66	0	1	209	1	209	3.41e-108	308
QHM26755.1	iYS854.USA300HOU_RS11405	68.4	209	66	0	1	209	1	209	3.96e-107	306
QHM26756.1	iNF517.LLMG_RS02930	67.8	404	129	1	7	409	12	415	2.97e-194	543
QHM26758.1	iSynCJ816.SGL_RS09640	31.3	268	170	6	25	279	27	293	6.03e-23	95.5
QHM26760.1	iNF517.LLMG_RS02890	69.0	187	58	0	1	187	1	187	2.09e-93	270
QHM26761.1	iNF517.LLMG_RS07395	51.1	440	212	2	1	438	1	439	2.45e-157	452
QHM26762.1	iYS854.USA300HOU_RS10265	40.0	230	134	3	9	238	8	233	5.54e-45	150
QHM26763.1	iNF517.LLMG_RS08975	60.4	318	121	5	1	317	1	314	1.53e-139	397
QHM26764.1	iML1515.b2430	27.0	337	186	11	55	337	97	427	4.16e-21	93.2
QHM26766.1	iNF517.LLMG_RS05980	69.8	338	101	1	4	340	3	340	2.65e-175	489
QHM26766.1	iJN1463.PP_3511	66.1	339	114	1	1	339	1	338	8.02e-165	462
QHM26769.1	iAF987.Gmet_2349	35.0	515	326	3	113	623	62	571	4.35e-97	308
QHM26770.1	iJN1463.PP_4935	32.0	494	326	6	71	562	100	585	3.75e-61	212
QHM26770.1	iAF987.Gmet_2349	29.6	504	349	4	63	565	67	565	2.88e-61	212
QHM26770.1	iPC815.YPO1395	26.8	557	401	4	15	569	28	579	6.61e-58	203
QHM26770.1	iYL1228.KPN_00941	26.4	542	392	4	33	572	46	582	2.31e-55	196
QHM26770.1	STM_v1_0.STM0984	27.8	539	382	5	33	569	46	579	3.20e-55	196
QHM26772.1	iYS854.USA300HOU_RS14490	28.2	220	141	5	60	263	50	268	1.05e-18	83.6
QHM26788.1	iML1515.b0914	29.3	567	395	3	23	584	15	580	7.89e-71	238
QHM26788.1	iSbBS512_1146.SbBS512_E2410	29.3	567	395	3	23	584	15	580	7.89e-71	238
QHM26788.1	iSDY_1059.SDY_2344	29.3	567	395	3	23	584	15	580	7.89e-71	238
QHM26788.1	iSF_1195.SF0910	29.3	567	395	3	23	584	15	580	2.14e-70	237
QHM26788.1	iSSON_1240.SSON_0916	29.3	567	395	3	23	584	15	580	2.14e-70	237
QHM26788.1	STM_v1_0.STM0984	29.3	567	395	3	23	584	15	580	2.98e-70	236
QHM26788.1	iPC815.YPO1395	28.8	566	399	2	23	584	15	580	8.26e-69	233
QHM26788.1	iYL1228.KPN_00941	28.2	561	388	6	36	584	23	580	1.21e-64	221
QHM26789.1	iYS854.USA300HOU_RS02965	27.2	515	341	14	1	503	1	493	2.30e-43	160
QHM26790.1	iJN1463.PP_4210	27.8	704	410	18	4	664	6	654	8.99e-51	186
QHM26792.1	iNF517.LLMG_RS12290	65.0	448	157	0	1	448	1	448	9.33e-216	600
QHM26792.1	iYS854.USA300HOU_RS04775	62.7	448	162	1	1	448	1	443	1.46e-206	577
QHM26792.1	iYO844.BSU31350	61.3	450	174	0	1	450	1	450	5.85e-203	568
QHM26792.1	iCN900.CD630_32850	59.6	448	181	0	1	448	1	448	3.65e-194	546
QHM26793.1	iYS854.USA300HOU_RS12210	37.3	287	168	5	4	284	7	287	2.67e-60	192
QHM26795.1	iAF987.Gmet_0043	24.8	254	170	5	263	499	20	269	7.65e-13	70.5
QHM26796.1	iAF987.Gmet_1914	27.6	105	74	1	2	106	3	105	2.19e-10	59.7
QHM26796.1	iAF987.Gmet_1706	33.9	127	78	3	1	125	1	123	2.49e-09	56.2
QHM26796.1	iAF987.Gmet_0069	38.6	70	41	1	48	115	50	119	5.92e-09	55.1
QHM26798.1	iCN900.CD630_26270	39.3	89	54	0	1	89	1	89	4.91e-16	66.2
QHM26798.1	iAF692.Mbar_A3182	38.4	86	53	0	4	89	7	92	7.51e-16	65.9
QHM26802.1	iJN1463.PP_3740	26.7	405	265	4	20	392	30	434	1.98e-29	118
QHM26802.1	iJN1463.PP_3165	27.0	392	247	7	16	373	27	413	2.59e-29	117
QHM26802.1	iML1515.b0353	28.2	369	246	8	7	365	9	368	2.75e-28	114
QHM26802.1	iSSON_1240.SSON_0332	28.0	375	239	9	7	365	24	383	4.11e-27	111
QHM26802.1	iJN1463.PP_3658	22.7	428	292	6	3	395	12	435	1.46e-26	110
QHM26807.1	iML1515.b2175	34.7	95	55	3	181	271	69	160	3.12e-10	58.2
QHM26811.1	iSDY_1059.SDY_1050	35.0	163	100	4	224	384	391	549	1.15e-19	90.5
QHM26811.1	iSbBS512_1146.SbBS512_E1077	34.4	163	101	4	224	384	391	549	6.64e-19	88.2
QHM26811.1	iJN1463.PP_0129	32.7	162	104	3	223	384	483	639	1.35e-18	87.4
QHM26811.1	iSbBS512_1146.SbBS512_E0302	32.7	162	104	4	228	389	208	364	1.20e-18	86.3
QHM26811.1	iSDY_1059.SDY_0358	32.7	162	104	4	228	389	213	369	1.70e-18	85.9
QHM26812.1	iYL1228.KPN_02373	26.5	226	122	5	3	224	4	189	7.67e-16	77.0
QHM26812.1	iCN900.CD630_03010	21.0	501	294	12	3	473	5	433	7.54e-15	76.6
QHM26812.1	iYL1228.KPN_04154	22.5	537	306	17	2	503	3	464	7.50e-15	76.6
QHM26812.1	iPC815.YPO2060	30.0	190	125	4	322	505	5	192	1.45e-15	76.3
QHM26812.1	iML1515.b1858	25.8	233	117	6	2	224	3	189	1.93e-15	75.9
QHM26812.1	iSDY_1059.SDY_1145	25.8	233	117	6	2	224	3	189	1.93e-15	75.9
QHM26812.1	iSSON_1240.SSON_1283	25.8	233	117	6	2	224	3	189	1.93e-15	75.9
QHM26812.1	iYS854.USA300HOU_RS08305	24.9	221	133	7	3	215	10	205	3.03e-15	75.5
QHM26812.1	iSbBS512_1146.SbBS512_E0954	26.2	233	116	6	2	224	3	189	3.52e-15	75.1
QHM26812.1	iSF_1195.SF1867	25.8	233	117	6	2	224	3	189	4.76e-15	74.7
QHM26812.1	iCN900.CD630_04310	25.5	235	138	6	5	234	268	470	5.28e-14	73.9
QHM26812.1	iJN1463.PP_4150	21.5	545	316	16	3	497	6	488	7.78e-14	73.6
QHM26812.1	iML1515.b3749	22.2	537	308	17	2	503	3	464	9.57e-14	73.2
QHM26812.1	iAF692.Mbar_A1219	27.8	245	140	8	1	235	1	218	8.39e-14	73.2
QHM26812.1	STM_v1_0.STM3882	22.7	537	305	17	2	503	3	464	1.27e-13	72.8
QHM26812.1	iNF517.LLMG_RS01785	23.1	247	138	7	8	236	7	219	3.25e-14	72.4
QHM26812.1	iNF517.LLMG_RS04060	21.7	538	304	18	4	503	3	461	2.18e-13	72.0
QHM26812.1	iYS854.USA300HOU_RS09925	24.1	241	155	6	1	236	1	218	3.41e-14	72.0
QHM26812.1	iYO844.BSU33160	26.3	209	115	6	4	202	1	180	2.49e-13	71.6
QHM26812.1	iCN900.CD630_07520	23.2	246	147	6	3	236	1	216	6.03e-14	71.2
QHM26812.1	iYL1228.KPN_04623	22.0	533	314	13	3	503	9	471	3.92e-13	71.2
QHM26812.1	iAF692.Mbar_A2149	27.3	245	141	10	1	235	1	218	6.06e-13	70.5
QHM26812.1	iYS854.USA300HOU_RS02325	23.9	243	154	8	3	236	1	221	3.43e-13	70.5
QHM26812.1	iPC815.YPO2256	23.0	521	291	17	9	495	25	469	9.58e-13	70.1
QHM26812.1	iYO844.BSU02860	22.8	228	144	5	1	221	1	203	1.75e-13	69.7
QHM26812.1	iJN1463.PP_2592	25.0	236	151	6	3	234	1	214	2.60e-13	69.7
QHM26813.1	iYO844.BSU26600	36.1	61	38	1	113	172	78	138	8.91e-05	40.8
QHM26816.1	iPC815.YPO2628	46.4	668	336	8	4	655	6	667	1.74e-184	538
QHM26817.1	STM_v1_0.STM2573	32.5	311	200	5	1	309	1	303	1.34e-41	146
QHM26818.1	iYS854.USA300HOU_RS04050	31.7	281	187	5	1	279	1	278	6.34e-28	108
QHM26819.1	iNF517.LLMG_RS06750	41.2	323	188	2	5	325	3	325	8.73e-72	231
QHM26819.1	iYO844.BSU32260	43.3	319	179	2	5	322	4	321	2.15e-70	228
QHM26819.1	iEK1008.Rv1294	43.2	329	178	4	5	327	8	333	1.30e-66	218
QHM26819.1	iJN1463.PP_1470	40.3	313	183	2	5	316	4	313	3.76e-63	209
QHM26820.1	iHN637.CLJU_RS03265	69.4	418	127	1	11	427	9	426	5.59e-211	587
QHM26821.1	iNF517.LLMG_RS10960	39.6	255	148	4	30	281	38	289	5.01e-58	188
QHM26821.1	iHN637.CLJU_RS11970	38.8	255	150	4	30	281	38	289	9.55e-58	187
QHM26821.1	iLJ478.TM0881	38.4	279	162	6	9	281	14	288	6.42e-55	179
QHM26821.1	iYO844.BSU21910	38.5	257	151	5	28	281	36	288	4.65e-54	177
QHM26823.1	iPC815.YPO0411	25.7	226	158	3	2	227	38	253	1.55e-10	60.8
QHM26824.1	iNF517.LLMG_RS01625	31.8	233	150	4	23	252	12	238	5.80e-28	107
QHM26824.1	iCN900.CD630_34170	31.7	208	129	3	28	235	19	213	4.17e-26	104
QHM26824.1	iYL1228.KPN_01132	31.6	256	151	6	4	256	13	247	5.32e-25	101
QHM26824.1	iSbBS512_1146.SbBS512_E0058	33.3	210	127	5	34	243	20	216	1.33e-24	97.8
QHM26824.1	iSF_1195.SF0061	33.3	210	127	5	34	243	20	216	1.33e-24	97.8
QHM26824.1	iSynCJ816.SGL_RS08035	29.5	241	149	8	1	236	1	225	2.00e-24	97.8
QHM26824.1	iSbBS512_1146.SbBS512_E1304	29.6	230	149	3	27	256	31	247	1.83e-23	97.4
QHM26824.1	iSSON_1240.SSON_1144	29.6	230	149	3	27	256	31	247	1.83e-23	97.4
QHM26824.1	iSDY_1059.SDY_0093	32.9	210	128	5	34	243	20	216	2.59e-24	97.1
QHM26824.1	iSDY_1059.SDY_2026	29.6	230	149	3	27	256	31	247	2.52e-23	97.1
QHM26824.1	iSSON_1240.SSON_0072	32.9	210	128	5	34	243	20	216	2.59e-24	97.1
QHM26824.1	iML1515.b1126	29.6	230	149	3	27	256	31	247	3.47e-23	96.7
QHM26824.1	iSF_1195.SF1128	29.6	230	149	3	27	256	31	247	3.47e-23	96.7
QHM26825.1	iNF517.LLMG_RS02085	32.8	448	296	4	1	446	1	445	1.23e-77	248
QHM26826.1	iNF517.LLMG_RS12530	57.3	286	121	1	1	286	1	285	3.93e-111	322
QHM26828.1	iYO844.BSU40850	43.2	183	101	2	2	183	4	184	5.04e-45	146
QHM26828.1	iYL1228.KPN_00440	43.1	181	102	1	3	183	4	183	1.61e-44	145
QHM26828.1	iCN900.CD630_08720	39.1	184	112	0	1	184	1	184	9.90e-40	133
QHM26829.1	iYO844.BSU22620	33.7	359	231	4	1	354	3	359	1.58e-73	231
QHM26829.1	iYS854.USA300HOU_RS03910	34.6	356	226	5	1	355	1	350	3.85e-69	220
QHM26830.1	iCN900.CD630_15540	63.2	87	32	0	4	90	134	220	5.28e-33	114
QHM26831.1	iNF517.LLMG_RS06535	59.8	102	40	1	1	102	1	101	5.92e-39	129
QHM26831.1	iHN637.CLJU_RS05760	59.4	96	39	0	4	99	16	111	8.44e-39	125
QHM26831.1	iYO844.BSU34860	62.2	90	34	0	9	98	12	101	2.00e-36	122
QHM26832.1	iYO844.BSU34870	56.3	252	110	0	1	252	1	252	4.83e-96	281
QHM26832.1	iHN637.CLJU_RS05755	55.2	252	113	0	1	252	1	252	1.65e-94	277
QHM26832.1	iNF517.LLMG_RS06540	50.8	252	124	0	1	252	1	252	4.10e-89	264
QHM26832.1	iJN1463.PP_0293	53.1	254	116	1	2	252	3	256	3.72e-89	264
QHM26832.1	iAF987.Gmet_0389	54.0	252	116	0	1	252	1	252	1.93e-88	262
QHM26832.1	iCN718.ABAYE_RS01735	52.8	252	118	1	1	252	1	251	1.52e-87	259
QHM26832.1	iEK1008.Rv1605	53.5	256	113	2	2	252	13	267	2.86e-86	257
QHM26832.1	iSynCJ816.SGL_RS10250	52.6	253	118	1	2	252	3	255	3.33e-86	256
QHM26833.1	iSynCJ816.SGL_RS17225	47.0	234	119	3	2	232	3	234	2.28e-61	192
QHM26833.1	iNF517.LLMG_RS06545	40.4	230	135	2	2	230	3	231	6.37e-56	178
QHM26833.1	iYO844.BSU34880	42.3	234	130	3	2	232	6	237	1.24e-55	177
QHM26833.1	iHN637.CLJU_RS05745	40.1	232	137	2	1	232	2	231	3.13e-54	174
QHM26834.1	iNF517.LLMG_RS06550	47.0	200	100	4	4	200	6	202	1.59e-51	164
QHM26834.1	iCN900.CD630_15510	42.6	202	112	2	1	200	1	200	2.49e-50	161
QHM26834.1	iHN637.CLJU_RS05740	41.7	204	114	4	1	201	1	202	6.06e-46	150
QHM26835.1	iHN637.CLJU_RS05735	56.2	194	85	0	1	194	1	194	5.34e-79	233
QHM26835.1	iAF987.Gmet_0386	55.0	191	86	0	2	192	3	193	3.10e-71	214
QHM26836.1	iYO844.BSU34910	49.8	414	202	2	10	422	13	421	6.59e-134	391
QHM26836.1	iHN637.CLJU_RS05730	51.8	413	192	3	13	422	24	432	1.18e-133	390
QHM26836.1	iJN1463.PP_0966	47.4	409	212	1	20	425	28	436	3.89e-123	364
QHM26836.1	iNF517.LLMG_RS06565	47.5	402	208	2	26	424	28	429	1.29e-122	362
QHM26836.1	iAF987.Gmet_0384	47.4	403	209	1	23	422	25	427	1.07e-121	360
QHM26836.1	iCN718.ABAYE_RS15595	47.7	407	210	1	20	423	22	428	6.27e-119	353
QHM26837.1	iHN637.CLJU_RS05725	51.5	202	97	1	5	205	6	207	1.08e-68	209
QHM26838.1	iLB1027_lipid.PHATRDRAFT_16944	24.6	329	226	11	9	318	5	330	1.08e-16	80.9
QHM26838.1	iNF517.LLMG_RS06580	24.8	290	196	10	32	313	34	309	2.35e-15	75.9
QHM26839.1	iYO844.BSU29620	36.8	266	159	4	2	267	5	261	2.02e-57	184
QHM26839.1	iCN900.CD630_07370	36.6	257	152	4	2	258	3	248	4.93e-56	180
QHM26841.1	iCN900.CD630_21220	28.9	301	208	4	3	299	11	309	1.55e-37	135
QHM26843.1	iSynCJ816.SGL_RS16080	30.2	96	66	1	13	108	18	112	7.58e-05	41.6
QHM26844.1	iMM904.YMR226C	33.7	193	120	3	2	186	14	206	4.94e-26	102
QHM26844.1	iCN718.ABAYE_RS01085	27.2	232	152	3	6	232	11	230	2.27e-24	98.6
QHM26844.1	iCN718.ABAYE_RS13105	30.1	186	118	3	6	183	11	192	3.49e-22	92.8
QHM26844.1	iML1515.b0493	31.4	191	126	3	2	191	16	202	2.72e-22	92.8
QHM26846.1	iYO844.BSU16750	61.8	348	128	1	3	350	4	346	2.26e-152	432
QHM26846.1	iNF517.LLMG_RS04455	60.1	353	132	3	1	350	1	347	1.06e-144	413
QHM26847.1	iYO844.BSU39540	36.5	200	121	4	1	198	1	196	7.35e-28	110
QHM26852.1	iCN718.ABAYE_RS03670	36.9	130	77	2	16	145	15	139	6.44e-16	69.3
QHM26853.1	iYS854.USA300HOU_RS03880	45.4	639	336	8	14	650	12	639	6.56e-180	527
QHM26854.1	iNF517.LLMG_RS11405	38.0	577	344	7	12	585	18	583	8.91e-109	338
QHM26855.1	iYO844.BSU32110	49.4	328	158	6	5	329	8	330	6.44e-101	300
QHM26858.1	iAF987.Gmet_1092	49.8	253	123	1	38	290	50	298	9.77e-88	263
QHM26859.1	iSynCJ816.SGL_RS08770	29.8	188	112	4	14	183	10	195	1.25e-14	68.6
QHM26860.1	iSSON_1240.SSON_2218	36.6	303	183	6	1	301	1	296	2.96e-49	166
QHM26860.1	iML1515.b2162	36.6	303	183	6	1	301	1	296	4.16e-49	166
QHM26860.1	iSF_1195.SF2247	36.3	303	184	6	1	301	1	296	2.29e-48	164
QHM26860.1	iSSON_1240.SSON_0605	33.1	302	193	5	6	304	5	300	4.49e-43	150
QHM26860.1	iSF_1195.SF0630	33.1	302	193	5	6	304	5	300	6.30e-43	149
QHM26862.1	iML1515.b0766	29.9	274	155	6	1	247	1	264	1.39e-21	90.5
QHM26862.1	iSbBS512_1146.SbBS512_E0687	30.3	277	150	6	1	247	1	264	1.39e-21	90.5
QHM26862.1	iSF_1195.SF0538	30.3	277	150	6	1	247	1	264	1.39e-21	90.5
QHM26865.1	iCHOv1.100753544	29.3	147	102	1	1	145	3	149	2.13e-15	75.1
QHM26866.1	STM_v1_0.STM4425	33.3	93	59	2	56	146	60	151	2.81e-08	54.3
QHM26867.1	iCN900.CD630_26691	29.3	673	429	8	23	663	23	680	1.77e-75	255
QHM26867.1	iYO844.BSU33420	38.4	409	245	3	4	405	3	411	7.50e-73	248
QHM26868.1	iNF517.LLMG_RS03870	52.6	574	270	2	5	577	3	575	4.96e-217	614
QHM26869.1	iYO844.BSU31760	57.8	180	76	0	5	184	3	182	4.16e-78	230
QHM26869.1	iYS854.USA300HOU_RS10420	55.2	181	81	0	3	183	2	182	1.05e-69	209
QHM26871.1	iYO844.BSU30450	27.9	215	151	3	6	216	4	218	1.69e-22	92.8
QHM26880.1	iNF517.LLMG_RS11635	49.0	577	289	3	5	581	4	575	5.06e-183	528
QHM26883.1	iJN1463.PP_5069	30.3	66	45	1	26	90	65	130	3.11e-04	37.4
QHM26883.1	iAM_Pv461.PVX_117605	28.3	60	43	0	24	83	25	84	3.68e-04	36.6
QHM26883.1	iAM_Pc455.PCYB_125790	28.3	60	43	0	24	83	25	84	5.13e-04	36.2
QHM26884.1	iYO844.BSU11870	55.8	360	158	1	9	368	4	362	3.21e-132	382
QHM26890.1	iYS854.USA300HOU_RS05100	44.6	323	170	3	14	336	15	328	4.61e-91	275
QHM26890.1	iYS854.USA300HOU_RS01740	39.6	321	192	1	15	335	20	338	9.21e-83	254
QHM26891.1	iYS854.USA300HOU_RS14370	37.9	140	74	4	264	393	340	476	2.33e-15	79.7
QHM26892.1	iSF_1195.SF3171	34.0	103	64	2	1	100	2	103	2.04e-13	62.8
QHM26893.1	iSF_1195.SF3176	54.8	259	117	0	13	271	5	263	7.03e-96	282
QHM26894.1	iSF_1195.SF3175	59.4	244	99	0	2	245	3	246	2.09e-100	293
QHM26895.1	iSF_1195.SF3168	50.7	146	71	1	4	149	14	158	7.80e-45	144
QHM26898.1	iNF517.LLMG_RS12010	38.1	270	158	5	23	292	22	282	4.12e-48	162
QHM26904.1	iJN1463.PP_4943	27.3	194	117	6	192	382	192	364	2.29e-06	48.9
QHM26904.1	iML1515.b3628	27.4	135	90	6	200	329	183	314	5.00e-05	44.7
QHM26905.1	iLB1027_lipid.PHATRDRAFT_36257	50.1	821	363	11	8	785	18	834	7.14e-284	802
QHM26905.1	iSynCJ816.SGL_RS18020	48.1	780	401	4	8	784	25	803	2.33e-277	785
QHM26906.1	iSSON_1240.SSON_0334	31.7	139	66	7	36	152	36	167	2.85e-06	47.4
QHM26906.1	iML1515.b0355	31.7	139	66	7	36	152	36	167	3.82e-06	47.0
QHM26906.1	iMM1415.13885	32.3	127	60	6	36	139	51	174	5.48e-06	46.6
QHM26906.1	iSbBS512_1146.SbBS512_E0269	30.9	139	67	7	36	152	36	167	4.53e-06	46.6
QHM26906.1	iCHOv1.100774799	32.3	127	60	6	36	139	38	161	7.00e-06	46.2
QHM26906.1	iML1515.b0585	28.0	100	58	1	100	199	254	339	3.87e-05	44.3
QHM26906.1	iSbBS512_1146.SbBS512_E0486	28.0	100	58	1	100	199	254	339	3.87e-05	44.3
QHM26906.1	iSDY_1059.SDY_0513	28.0	100	58	1	100	199	228	313	3.73e-05	44.3
QHM26906.1	iSSON_1240.SSON_0535	28.0	100	58	1	100	199	228	313	3.73e-05	44.3
QHM26906.1	iAT_PLT_636.2098	31.5	127	61	6	36	139	38	161	4.02e-05	43.9
QHM26906.1	iSF_1195.SF0497	28.0	100	58	1	100	199	254	339	6.87e-05	43.5
QHM26917.1	iNF517.LLMG_RS07755	28.3	152	86	6	6	157	1	129	4.31e-14	65.1
QHM26918.1	iCN900.CD630_26691	29.1	454	265	11	1	405	1	446	8.56e-34	135
QHM26918.1	iYO844.BSU33420	29.7	408	256	12	9	391	7	408	7.05e-32	129
QHM26920.1	iSynCJ816.SGL_RS16080	40.0	50	30	0	23	72	18	67	5.38e-05	40.8
QHM26921.1	iJN1463.PP_0072	35.4	206	122	3	2	206	3	198	8.42e-25	101
QHM26921.1	iEK1008.Rv3825c	38.1	176	98	4	25	199	1451	1616	6.03e-22	96.3
QHM26923.1	iNF517.LLMG_RS12560	57.1	497	202	3	1	493	1	490	5.82e-213	597
QHM26924.1	iAF692.Mbar_A1546	26.7	202	132	7	135	325	70	266	1.33e-06	50.1
QHM26924.1	iAF692.Mbar_A3133	25.4	209	141	7	135	332	60	264	1.24e-06	50.1
QHM26925.1	iNF517.LLMG_RS00370	48.9	376	189	3	5	378	8	382	5.27e-122	358
QHM26925.1	iYO844.BSU14000	45.5	378	200	3	5	381	6	378	6.55e-113	335
QHM26926.1	iNF517.LLMG_RS04470	46.3	287	154	0	3	289	10	296	5.00e-86	259
QHM26926.1	iYO844.BSU16770	45.2	281	151	3	10	288	8	287	4.44e-80	243
QHM26930.1	iLB1027_lipid.PHATRDRAFT_42659	25.0	208	129	7	3	188	45	247	5.53e-04	39.7
QHM26935.1	iNF517.LLMG_RS07605	54.6	205	93	0	4	208	3	207	3.57e-73	220
QHM26935.1	iYO844.BSU15560	55.8	199	88	0	8	206	11	209	2.96e-71	215
QHM26936.1	iNF517.LLMG_RS05620	53.8	234	106	2	3	236	5	236	8.88e-77	231
QHM26937.1	iNF517.LLMG_RS05615	56.6	302	131	0	3	304	6	307	3.09e-117	339
QHM26937.1	iYO844.BSU15540	54.9	297	132	1	4	300	2	296	1.57e-107	315
QHM26938.1	iNF517.LLMG_RS05530	70.3	1062	309	2	1	1056	1	1062	0.0	1455
QHM26938.1	iYS854.USA300HOU_RS06045	65.1	1053	367	1	1	1053	1	1052	0.0	1348
QHM26938.1	iYO844.BSU15520	65.2	1053	366	0	1	1053	1	1053	0.0	1335
QHM26939.1	iNF517.LLMG_RS04565	67.2	351	112	2	2	350	3	352	8.48e-177	494
QHM26940.1	iYS854.USA300HOU_RS06035	54.4	421	189	2	4	424	3	420	2.30e-139	405
QHM26940.1	iYO844.BSU15500	51.3	427	199	4	1	424	1	421	1.42e-128	377
QHM26941.1	iNF517.LLMG_RS04560	55.6	297	128	3	5	299	11	305	1.88e-112	327
QHM26942.1	iCN900.CD630_25950	54.6	174	77	1	4	177	6	177	1.62e-63	193
QHM26942.1	iAF987.Gmet_1768	56.4	163	65	2	5	165	8	166	2.24e-61	187
QHM26942.1	iSynCJ816.SGL_RS14540	49.4	180	85	2	1	177	1	177	1.39e-57	178
QHM26942.1	iYS854.USA300HOU_RS06020	51.4	173	82	1	3	175	4	174	5.13e-57	176
QHM26942.1	iHN637.CLJU_RS05275	50.0	174	84	2	5	178	7	177	1.56e-56	175
QHM26944.1	iNF517.LLMG_RS06815	55.0	427	187	2	11	437	12	433	3.62e-160	459
QHM26944.1	iYO844.BSU22060	53.5	424	196	1	14	437	7	429	2.91e-150	434
QHM26944.1	iYO844.BSU32440	53.1	407	190	1	18	424	13	418	4.75e-147	425
QHM26945.1	iYO844.BSU06370	55.9	429	178	3	6	425	12	438	3.86e-146	422
QHM26949.1	iYS854.USA300HOU_RS14480	31.5	422	264	11	26	439	7	411	8.85e-51	176
QHM26949.1	iML1515.b1022	29.3	416	279	9	29	440	37	441	1.76e-47	168
QHM26951.1	iNF517.LLMG_RS05075	46.3	410	215	2	4	408	3	412	4.10e-117	347
QHM26951.1	iYO844.BSU06530	44.7	421	219	4	3	411	2	420	1.33e-109	328
QHM26952.1	iNF517.LLMG_RS05055	58.3	520	205	6	1	510	1	518	4.90e-205	578
QHM26952.1	iYO844.BSU06520	58.6	512	205	4	3	510	4	512	3.49e-201	568
QHM26953.1	iYO844.BSU06510	49.5	184	93	0	4	187	3	186	2.79e-59	183
QHM26954.1	iYO844.BSU06500	46.4	336	172	3	1	329	1	335	1.37e-103	307
QHM26954.1	iNF517.LLMG_RS05020	47.4	321	157	4	3	315	4	320	4.32e-95	285
QHM26954.1	iCN900.CD630_02210	45.9	307	159	2	5	304	4	310	1.85e-93	282
QHM26955.1	iNF517.LLMG_RS04970	65.0	471	159	1	4	474	16	480	2.34e-224	625
QHM26955.1	iYS854.USA300HOU_RS05330	59.6	473	189	2	8	479	7	478	4.22e-208	584
QHM26956.1	iNF517.LLMG_RS04965	63.5	740	258	6	7	739	5	739	0.0	914
QHM26956.1	iYO844.BSU06480	60.9	741	272	7	8	739	8	739	1.68e-313	872
QHM26957.1	iYO844.BSU06470	58.9	224	91	1	2	225	1	223	3.45e-93	272
QHM26957.1	iNF517.LLMG_RS04960	57.6	217	91	1	2	217	1	217	6.54e-86	253
QHM26957.1	iYS854.USA300HOU_RS05320	55.7	221	97	1	2	222	1	220	1.95e-84	249
QHM26958.1	iYO844.BSU06460	48.2	83	43	0	1	83	1	83	1.57e-24	87.4
QHM26959.1	iYO844.BSU06450	51.3	236	115	0	5	240	3	238	4.11e-80	240
QHM26959.1	iNF517.LLMG_RS04950	50.2	233	115	1	5	237	1	232	9.30e-78	234
QHM26959.1	iYS854.USA300HOU_RS05310	50.4	228	113	0	10	237	3	230	6.13e-73	221
QHM26960.1	iYO844.BSU06430	44.7	367	202	1	6	371	3	369	3.90e-102	306
QHM26960.1	iYS854.USA300HOU_RS05305	43.6	353	195	3	13	363	10	360	1.41e-92	281
QHM26961.1	iCN718.ABAYE_RS19210	63.7	146	53	0	4	149	12	157	1.46e-57	177
QHM26961.1	iJN1463.PP_5336	62.8	148	55	0	2	149	3	150	1.35e-56	174
QHM26961.1	iNF517.LLMG_RS05085	55.8	156	69	0	1	156	1	156	7.96e-53	164
QHM26961.1	iPC815.YPO3076	57.1	147	63	0	3	149	14	160	1.19e-52	164
QHM26961.1	iLJ478.TM0446	56.6	152	64	1	1	152	1	150	2.18e-52	164
QHM26961.1	iYL1228.KPN_00478	56.3	151	66	0	2	152	8	158	5.86e-52	162
QHM26961.1	iSDY_1059.SDY_0275	55.6	151	67	0	2	152	8	158	2.37e-51	161
QHM26961.1	iYO844.BSU06420	58.8	148	61	0	4	151	5	152	2.71e-51	160
QHM26961.1	iML1515.b0523	55.6	151	67	0	2	152	8	158	3.36e-51	160
QHM26961.1	iSbBS512_1146.SbBS512_E0451	55.6	151	67	0	2	152	8	158	3.36e-51	160
QHM26961.1	STM_v1_0.STM0534	56.3	151	66	0	2	152	8	158	4.76e-51	160
QHM26961.1	iSSON_1240.SSON_0495	55.6	151	67	0	2	152	8	158	4.76e-51	160
QHM26962.1	iNF517.LLMG_RS01985	45.9	183	97	2	1	182	1	182	1.81e-47	163
QHM26963.1	iNF517.LLMG_RS01985	45.9	183	97	2	3	184	2	183	1.07e-48	159
QHM26964.1	iYS854.USA300HOU_RS01740	40.5	321	191	0	15	335	20	340	3.93e-84	257
QHM26964.1	iYS854.USA300HOU_RS05100	40.4	334	191	4	1	333	1	327	3.84e-84	257
QHM26966.1	iAT_PLT_636.377677	29.4	245	120	8	11	208	21	259	1.53e-17	78.2
QHM26966.1	iCHOv1.100755419	33.0	182	87	7	58	206	112	291	1.26e-16	76.3
QHM26966.1	iMM1415.12346	27.3	245	125	7	11	208	21	259	1.07e-16	75.9
QHM26966.1	iMM1415.12352	33.0	182	87	6	58	206	107	286	3.14e-16	75.1
QHM26968.1	iNF517.LLMG_RS09135	57.2	311	131	2	1	310	1	310	1.92e-123	356
QHM26969.1	iCN900.CD630_19470	44.7	208	115	0	18	225	20	227	7.19e-57	181
QHM26969.1	iYO844.BSU30420	41.0	210	123	1	15	223	12	221	1.14e-53	172
QHM26969.1	iJN1463.PP_4210	39.2	222	134	1	4	225	3	223	3.38e-49	171
QHM26969.1	iPC815.YPO1073	42.5	207	117	2	20	225	14	219	4.63e-49	164
QHM26969.1	iSDY_1059.SDY_0218	38.9	221	132	3	6	225	1	219	6.51e-49	164
QHM26969.1	iSbBS512_1146.SbBS512_E0193	38.9	221	132	3	6	225	1	219	1.29e-48	163
QHM26969.1	iSSON_1240.SSON_0213	38.9	221	132	3	6	225	1	219	1.29e-48	163
QHM26973.1	iYO844.BSU30450	29.4	204	144	0	3	206	2	205	1.14e-28	110
QHM26982.1	iHN637.CLJU_RS13635	41.8	378	215	2	14	390	7	380	2.48e-116	343
QHM26987.1	iSynCJ816.SGL_RS08250	39.0	369	201	5	132	478	25	391	2.46e-80	261
QHM26988.1	iNF517.LLMG_RS11965	56.8	500	207	3	1	496	1	495	1.69e-184	525
QHM26988.1	iCN900.CD630_21180	49.4	492	248	1	5	496	3	493	4.23e-164	473
QHM26989.1	iML1515.b3697	33.6	262	171	2	5	263	6	267	1.29e-40	140
QHM26991.1	iYO844.BSU40850	39.2	176	106	1	23	197	9	184	4.35e-43	142
QHM26991.1	iYL1228.KPN_00440	39.9	188	110	2	16	201	1	187	1.56e-41	139
QHM26991.1	iNF517.LLMG_RS03835	40.3	186	109	1	19	202	3	188	8.07e-39	132
QHM26991.1	iCN900.CD630_08720	39.5	177	105	1	23	197	7	183	2.05e-38	130
QHM26992.1	iYS854.USA300HOU_RS08015	38.0	166	101	1	15	180	6	169	4.55e-32	113
QHM26992.1	iYO844.BSU23610	30.4	168	117	0	15	182	7	174	1.12e-27	102
QHM26993.1	iMM904.YDR305C	29.5	88	61	1	14	100	30	117	3.92e-09	52.0
QHM26994.1	iCN718.ABAYE_RS09790	34.2	257	151	5	8	248	7	261	2.21e-33	121
QHM26994.1	iYO844.BSU22140	33.9	251	150	6	7	248	11	254	3.04e-31	115
QHM26994.1	iLJ478.TM1724	34.3	245	147	5	8	244	5	243	2.53e-31	115
QHM26994.1	iSDY_1059.SDY_2057	32.2	245	153	5	6	244	3	240	2.58e-30	112
QHM26994.1	iYL1228.KPN_01091	32.9	243	154	5	6	244	3	240	3.62e-30	112
QHM26994.1	iML1515.b1093	32.6	242	156	4	6	244	3	240	5.08e-30	112
QHM26994.1	iSbBS512_1146.SbBS512_E2231	32.6	242	156	4	6	244	3	240	5.08e-30	112
QHM26994.1	iSF_1195.SF1097	32.6	242	156	4	6	244	3	240	5.08e-30	112
QHM26994.1	iSSON_1240.SSON_1113	32.6	242	156	4	6	244	3	240	5.08e-30	112
QHM26994.1	iJN1463.PP_3073	32.4	253	158	6	8	248	5	256	9.33e-30	111
QHM26994.1	iAM_Pv461.PVX_099555	32.0	247	150	6	8	244	59	297	8.77e-29	110
QHM26994.1	iPC815.YPO1599	31.3	246	154	6	6	244	3	240	5.41e-29	109
QHM27000.1	iCN900.CD630_35430	47.2	479	246	4	1	475	1	476	2.92e-139	408
QHM27000.1	iHN637.CLJU_RS06595	46.4	476	247	6	2	471	13	486	1.15e-137	405
QHM27003.1	iCN900.CD630_16140	33.0	224	147	2	21	241	40	263	9.12e-41	140
QHM27003.1	iEK1008.Rv2936	33.6	232	148	4	6	232	8	238	2.23e-35	128
QHM27004.1	iML1515.b2366	49.9	425	201	3	6	418	9	433	6.04e-130	382
QHM27004.1	iYL1228.KPN_04081	49.2	427	205	4	4	418	8	434	5.03e-129	379
QHM27004.1	iSF_1195.SF2433	49.6	425	202	3	6	418	9	433	9.76e-129	379
QHM27004.1	iSSON_1240.SSON_2457	49.6	425	202	3	6	418	9	433	9.76e-129	379
QHM27004.1	iSDY_1059.SDY_2561	49.6	425	202	4	6	418	9	433	3.92e-128	377
QHM27004.1	iYO844.BSU23770	48.0	440	209	6	11	436	15	448	7.67e-127	374
QHM27004.1	STM_v1_0.STM3802	48.7	427	207	3	6	420	7	433	1.68e-126	373
QHM27004.1	iCN718.ABAYE_RS14065	47.5	425	211	3	8	420	11	435	2.48e-124	367
QHM27004.1	iSbBS512_1146.SbBS512_E2735	50.5	390	185	1	37	418	24	413	2.89e-120	356
QHM27005.1	iNF517.LLMG_RS02245	67.9	476	150	2	7	479	3	478	6.22e-248	684
QHM27005.1	iSSON_1240.SSON_1595	65.3	478	163	2	5	479	2	479	3.35e-243	672
QHM27005.1	iYL1228.KPN_03330	63.0	473	174	1	7	479	6	477	3.44e-221	617
QHM27005.1	STM_v1_0.STM3051	62.6	473	176	1	7	479	6	477	3.44e-221	617
QHM27006.1	iNF517.LLMG_RS02245	65.8	476	160	1	7	479	3	478	2.79e-239	662
QHM27006.1	iSSON_1240.SSON_1595	64.7	479	164	2	4	479	3	479	3.18e-236	655
QHM27006.1	iYO844.BSU40110	60.3	476	186	1	7	479	4	479	8.57e-215	600
QHM27007.1	iNF517.LLMG_RS02230	56.0	100	44	0	16	115	17	116	5.20e-30	103
QHM27007.1	iYO844.BSU38570	48.9	94	48	0	16	109	9	102	1.66e-27	97.1
QHM27008.1	iNF517.LLMG_RS02225	55.8	104	40	2	1	98	1	104	4.67e-29	100
QHM27010.1	iSbBS512_1146.SbBS512_E4050	33.2	190	114	7	4	185	6	190	1.79e-23	96.3
QHM27010.1	iSSON_1240.SSON_3782	33.2	190	114	7	4	185	6	190	1.79e-23	96.3
QHM27011.1	STM_v1_0.STM4585	32.7	214	112	9	4	211	2	189	9.76e-17	75.5
QHM27011.1	iCN900.CD630_18140	29.0	217	126	8	7	219	6	198	3.51e-16	73.9
QHM27011.1	iSbBS512_1146.SbBS512_E4944	31.8	211	110	8	4	207	2	185	3.58e-15	71.2
QHM27011.1	iSF_1195.SF4427	31.8	211	110	8	4	207	2	185	3.58e-15	71.2
QHM27011.1	iSSON_1240.SSON_4545	31.8	211	110	8	4	207	2	185	3.58e-15	71.2
QHM27011.1	iNF517.LLMG_RS07955	29.2	212	143	5	4	211	2	210	6.33e-15	70.9
QHM27011.1	iSDY_1059.SDY_4656	31.8	211	110	8	4	207	2	185	4.96e-15	70.9
QHM27013.1	iML1515.b3697	27.7	278	171	9	5	267	5	267	2.81e-15	73.6
QHM27013.1	iML1515.b0844	25.8	271	178	8	5	266	5	261	7.81e-13	66.6
QHM27014.1	STM_v1_0.STM2573	31.0	313	202	5	1	309	1	303	1.98e-46	159
QHM27016.1	iNF517.LLMG_RS11240	31.7	293	192	5	27	316	32	319	1.77e-33	125
QHM27016.1	iCN900.CD630_33100	27.9	280	198	3	37	316	37	312	2.71e-32	121
QHM27016.1	iYS854.USA300HOU_RS04605	32.8	229	150	3	54	279	61	288	3.22e-29	113
QHM27019.1	STM_v1_0.STM0694	28.8	118	79	3	1	116	1	115	2.48e-07	47.4
QHM27019.1	iML1515.b0684	28.8	118	79	3	1	116	1	115	3.43e-07	47.0
QHM27019.1	iSbBS512_1146.SbBS512_E0566	28.8	118	79	3	1	116	40	154	4.76e-07	47.0
QHM27019.1	iSDY_1059.SDY_0624	28.8	118	79	3	1	116	1	115	3.43e-07	47.0
QHM27019.1	iSSON_1240.SSON_0638	28.8	118	79	3	1	116	1	115	3.43e-07	47.0
QHM27019.1	iPC815.YPO2635	28.2	117	79	3	1	115	1	114	4.68e-07	46.6
QHM27019.1	iSF_1195.SF0609	28.8	118	79	3	1	116	1	115	6.53e-07	46.2
QHM27019.1	iYL1228.KPN_00707	27.4	117	82	2	1	116	1	115	9.00e-07	45.8
QHM27019.1	iSynCJ816.SGL_RS08960	31.0	87	59	1	6	92	6	91	8.45e-07	45.8
QHM27023.1	iYL1228.KPN_00073	26.7	247	175	5	4	244	9	255	4.62e-20	85.9
QHM27024.1	iNF517.LLMG_RS05965	23.1	420	303	10	29	441	27	433	2.04e-16	81.3
QHM27024.1	iML1515.b1492	26.9	453	293	18	29	466	34	463	6.38e-15	76.6
QHM27024.1	iSbBS512_1146.SbBS512_E1755	26.9	453	293	18	29	466	34	463	6.38e-15	76.6
QHM27024.1	iSDY_1059.SDY_1614	27.1	436	282	17	29	449	34	448	6.38e-15	76.6
QHM27024.1	iSF_1195.SF1735	26.9	453	293	18	29	466	34	463	6.38e-15	76.6
QHM27024.1	iSSON_1240.SSON_1632	26.9	453	293	18	29	466	34	463	6.38e-15	76.6
QHM27026.1	iHN637.CLJU_RS08755	45.1	255	137	2	9	263	10	261	1.94e-73	226
QHM27026.1	iYO844.BSU33400	41.8	256	146	2	6	260	8	261	1.83e-67	211
QHM27026.1	iYL1228.KPN_03432	40.4	267	153	3	1	264	1	264	4.03e-66	207
QHM27026.1	iPC815.YPO0676	40.8	267	152	3	1	264	1	264	2.42e-65	205
QHM27026.1	iML1515.b3012	39.3	267	156	3	1	264	1	264	9.10e-65	204
QHM27027.1	iYO844.BSU33400	45.3	258	138	2	4	260	8	263	2.14e-71	221
QHM27027.1	iYO844.BSU29050	43.7	261	140	3	7	262	11	269	9.72e-71	219
QHM27027.1	iHN637.CLJU_RS08755	43.4	258	143	2	5	262	8	262	2.21e-69	216
QHM27027.1	iPC815.YPO0676	43.6	264	143	3	1	261	3	263	2.85e-69	215
QHM27027.1	iYL1228.KPN_03432	43.6	259	140	3	6	261	8	263	1.07e-68	214
QHM27027.1	STM_v1_0.STM3165	42.5	259	143	3	6	261	8	263	2.43e-67	210
QHM27027.1	iML1515.b3012	42.1	259	144	3	6	261	8	263	1.95e-66	208
QHM27027.1	iSbBS512_1146.SbBS512_E3440	41.7	259	145	3	6	261	8	263	1.56e-65	206
QHM27030.1	iYS854.USA300HOU_RS09175	57.9	416	171	3	3	416	5	418	8.25e-173	489
QHM27037.1	iHN637.CLJU_RS10210	58.7	421	174	0	2	422	3	423	3.47e-170	484
QHM27037.1	iYO844.BSU10220	53.4	427	199	0	5	431	2	428	1.21e-153	441
QHM27040.1	iCN900.CD630_19470	38.8	214	127	2	9	219	13	225	4.62e-42	142
QHM27040.1	iPC815.YPO1073	38.1	226	134	4	5	226	1	224	4.54e-39	137
QHM27040.1	iEK1008.Rv0073	36.2	213	133	2	6	216	4	215	2.83e-37	132
QHM27040.1	iYO844.BSU30420	34.5	223	140	2	5	221	1	223	4.27e-37	129
QHM27040.1	iYS854.USA300HOU_RS09925	39.4	221	121	6	4	219	2	214	7.98e-37	129
QHM27042.1	iCN900.CD630_16820	53.8	301	139	0	5	305	4	304	1.49e-113	331
QHM27043.1	iLJ478.TM1641	25.4	126	84	2	43	167	41	157	3.29e-08	50.4
QHM27044.1	iHN637.CLJU_RS04420	32.0	384	258	3	7	388	8	390	4.00e-58	194
QHM27046.1	iCN900.CD630_21240	28.4	303	214	2	1	301	1	302	5.29e-34	125
QHM27047.1	iHN637.CLJU_RS02035	48.0	458	233	1	2	454	4	461	5.58e-140	409
QHM27047.1	iJN1463.PP_5338	47.3	461	235	4	2	454	12	472	1.63e-133	393
QHM27047.1	iIT341.HP0649	45.7	460	243	2	1	453	1	460	8.99e-128	378
QHM27050.1	iYO844.BSU03070	25.4	409	303	2	21	428	13	420	5.32e-32	128
QHM27055.1	iYS854.USA300HOU_RS02965	27.9	509	343	13	1	501	1	493	3.51e-56	194
QHM27055.1	iYS854.USA300HOU_RS02960	25.5	509	351	10	1	501	1	489	1.64e-54	190
QHM27056.1	iYS854.USA300HOU_RS02965	27.3	506	350	10	1	500	1	494	6.34e-50	178
QHM27056.1	iYS854.USA300HOU_RS02960	26.8	507	345	10	1	499	1	489	1.05e-47	172
QHM27060.1	iYO844.BSU02750	34.1	226	136	5	1	215	1	224	8.91e-37	131
QHM27062.1	iYO844.BSU15910	35.7	227	135	4	5	226	4	224	8.26e-33	119
QHM27062.1	iCN718.ABAYE_RS09965	38.2	191	115	2	4	193	6	194	1.76e-31	116
QHM27062.1	iYS854.USA300HOU_RS06185	34.7	222	142	2	6	226	3	222	2.52e-30	112
QHM27062.1	iHN637.CLJU_RS20765	31.5	232	156	2	3	233	4	233	5.42e-30	112
QHM27062.1	iYL1228.KPN_01590	28.8	243	166	4	7	247	2	239	8.26e-29	108
QHM27062.1	iCN718.ABAYE_RS09790	30.7	238	154	3	6	242	8	235	1.50e-28	108
QHM27062.1	STM_v1_0.STM1511	29.2	243	165	4	7	247	2	239	1.13e-28	108
QHM27062.1	iLJ478.TM1724	31.9	226	152	1	1	226	1	224	1.08e-28	108
QHM27063.1	iNF517.LLMG_RS04935	59.4	101	41	0	4	104	3	103	3.06e-43	136
QHM27067.1	iYS854.USA300HOU_RS10880	36.5	427	206	10	14	413	10	398	4.65e-78	247
QHM27069.1	iCN900.CD630_19470	42.7	218	120	2	4	216	10	227	1.33e-57	182
QHM27069.1	iYO844.BSU30420	39.5	205	119	1	14	213	16	220	6.21e-51	165
QHM27072.1	iNF517.LLMG_RS03835	50.5	196	93	2	7	200	6	199	1.01e-51	165
QHM27072.1	iYL1228.KPN_00440	42.9	184	104	1	1	184	1	183	2.22e-50	161
QHM27072.1	iCN900.CD630_08720	48.9	182	93	0	3	184	2	183	5.75e-50	160
QHM27072.1	iML1515.b0459	47.8	184	95	1	1	184	1	183	6.18e-49	157
QHM27072.1	iSDY_1059.SDY_0460	47.8	184	95	1	1	184	1	183	6.18e-49	157
QHM27072.1	iSSON_1240.SSON_0446	47.8	184	95	1	1	184	1	183	6.18e-49	157
QHM27079.1	iNF517.LLMG_RS07955	26.0	177	125	4	4	174	2	178	2.11e-08	52.4
QHM27082.1	iCHOv1.100768929	23.5	204	137	7	1	192	3	199	1.68e-07	49.3
QHM27082.1	iLB1027_lipid.PHATRDRAFT_42659	26.6	177	105	5	1	152	42	218	2.14e-06	46.6
QHM27083.1	iNF517.LLMG_RS04865	63.5	348	123	3	1	345	1	347	6.90e-155	438
QHM27084.1	iCN900.CD630_25770	26.1	264	163	7	5	263	6	242	7.50e-10	57.8
QHM27084.1	iCN718.ABAYE_RS09790	24.4	279	177	11	1	267	5	261	2.86e-09	56.2
QHM27084.1	iYS854.USA300HOU_RS13400	25.1	239	135	7	49	273	20	228	8.01e-09	54.7
QHM27087.1	iYO844.BSU40850	41.8	177	101	2	10	184	7	183	2.92e-37	127
QHM27087.1	iML1515.b0459	46.3	177	93	2	10	184	6	182	1.28e-35	122
QHM27087.1	iSDY_1059.SDY_0460	46.3	177	93	2	10	184	6	182	1.28e-35	122
QHM27087.1	iSSON_1240.SSON_0446	46.3	177	93	2	10	184	6	182	1.28e-35	122
QHM27087.1	iYL1228.KPN_00440	40.8	179	102	3	12	187	8	185	6.55e-34	118
QHM27087.1	iSbBS512_1146.SbBS512_E0391	45.8	177	94	2	10	184	6	182	5.72e-34	118
QHM27087.1	iNF517.LLMG_RS03835	43.9	180	96	2	9	184	4	182	2.90e-32	114
QHM27088.1	iML1515.b4374	30.8	224	147	5	3	224	5	222	1.86e-25	99.0
QHM27088.1	iSDY_1059.SDY_4633	30.8	224	147	5	3	224	5	222	7.15e-25	97.4
QHM27088.1	iSF_1195.SF4405	30.4	224	148	5	3	224	5	222	1.40e-24	96.7
QHM27088.1	iSbBS512_1146.SbBS512_E4917	30.4	224	148	5	3	224	5	222	2.75e-24	95.9
QHM27088.1	iSSON_1240.SSON_4524	30.4	224	148	5	3	224	5	222	2.75e-24	95.9
QHM27088.1	iPC815.YPO2295	29.0	224	153	4	2	224	4	222	5.27e-24	95.1
QHM27091.1	iCN900.CD630_27330	32.4	389	254	3	1	382	1	387	1.24e-83	259
QHM27091.1	iCN900.CD630_26960	35.4	387	240	3	3	379	4	390	2.17e-80	251
QHM27093.1	iYO844.BSU39780	30.3	323	199	6	1	314	1	306	1.55e-36	133
QHM27095.1	iPC815.YPO3144	34.8	577	370	4	14	589	4	575	1.99e-94	301
QHM27095.1	iAF987.Gmet_2349	31.7	584	376	9	18	591	1	571	8.32e-84	272
QHM27096.1	STM_v1_0.STM0984	31.2	513	343	5	60	568	69	575	4.85e-73	244
QHM27096.1	iAF987.Gmet_2349	32.8	524	331	10	56	572	60	569	5.29e-73	243
QHM27096.1	iJN1463.PP_4935	30.5	586	378	8	1	568	14	588	1.46e-72	243
QHM27096.1	iPC815.YPO1395	31.6	481	320	4	92	568	100	575	1.40e-70	237
QHM27096.1	iML1515.b0914	30.6	513	346	5	60	568	69	575	2.00e-69	234
QHM27096.1	iSbBS512_1146.SbBS512_E2410	30.6	513	346	5	60	568	69	575	2.00e-69	234
QHM27096.1	iSDY_1059.SDY_2344	30.6	513	346	5	60	568	69	575	2.00e-69	234
QHM27096.1	iSF_1195.SF0910	30.6	513	346	5	60	568	69	575	2.78e-69	234
QHM27096.1	iSSON_1240.SSON_0916	30.6	513	346	5	60	568	69	575	3.88e-69	233
QHM27096.1	iYL1228.KPN_00941	30.4	513	347	5	60	568	69	575	1.05e-68	232
QHM27097.1	iYO844.BSU03070	25.5	381	266	11	46	417	45	416	4.72e-25	107
QHM27109.1	iCN900.CD630_04310	24.5	550	313	21	2	527	5	476	4.95e-21	95.9
QHM27110.1	iYL1228.KPN_00856	35.0	260	168	1	1	259	1	260	2.03e-46	155
QHM27110.1	iML1515.b0822	34.2	260	170	1	1	259	1	260	9.75e-44	149
QHM27110.1	iSSON_1240.SSON_0804	34.2	260	170	1	1	259	1	260	9.75e-44	149
QHM27110.1	iSF_1195.SF0772	34.2	260	170	1	1	259	1	260	1.37e-43	148
QHM27110.1	iSbBS512_1146.SbBS512_E2526	33.8	260	171	1	1	259	1	260	2.73e-43	147
QHM27110.1	iML1515.b0844	35.2	261	168	1	1	260	1	261	1.18e-41	143
QHM27112.1	iCN900.CD630_31950	32.6	844	501	16	10	826	4	806	1.95e-144	445
QHM27115.1	iJN1463.PP_3658	27.8	133	91	3	284	415	306	434	1.66e-06	49.7
QHM27116.1	iCN900.CD630_34130	32.7	416	267	7	7	418	4	410	2.54e-71	231
QHM27117.1	iEK1008.Rv0220	24.2	132	94	3	3	133	128	254	8.71e-04	40.0
QHM27120.1	iHN637.CLJU_RS14130	46.5	71	38	0	6	76	64	134	4.41e-15	64.7
QHM27121.1	iCN900.CD630_31250	30.6	98	68	0	11	108	496	593	4.72e-09	54.3
QHM27122.1	iJN1463.PP_0129	35.1	168	97	4	210	373	483	642	3.53e-17	82.8
QHM27122.1	iJN1463.PP_1761	31.5	178	119	1	198	375	383	557	4.07e-17	82.8
QHM27122.1	iSDY_1059.SDY_1050	28.8	226	135	5	152	373	349	552	4.23e-17	82.4
QHM27122.1	iAF987.Gmet_1298	32.5	194	120	4	185	373	157	344	3.32e-17	81.6
QHM27122.1	iSbBS512_1146.SbBS512_E1077	28.3	226	136	5	152	373	349	552	2.43e-16	80.1
QHM27122.1	iSDY_1059.SDY_0358	28.2	206	138	4	172	375	172	369	1.71e-16	79.7
QHM27122.1	iSbBS512_1146.SbBS512_E0302	28.2	206	138	4	172	375	167	364	4.05e-16	78.6
QHM27122.1	iJN1463.PP_4670	32.3	164	107	2	208	370	244	404	1.34e-15	77.4
QHM27122.1	iML1515.b1025	35.6	132	80	2	246	375	314	442	1.98e-15	77.0
QHM27122.1	iAF987.Gmet_0069	34.6	162	102	2	215	375	145	303	8.67e-16	77.0
QHM27122.1	iJN1463.PP_1494	27.7	173	120	3	206	375	164	334	2.59e-15	75.9
QHM27123.1	iML1515.b0315	32.5	120	76	3	96	212	229	346	1.42e-07	50.8
QHM27124.1	iYS854.USA300HOU_RS14195	48.8	162	83	0	14	175	12	173	2.27e-59	182
QHM27125.1	iNF517.LLMG_RS01465	63.6	712	244	6	13	713	12	719	0.0	927
QHM27128.1	iNF517.LLMG_RS01990	50.8	309	152	0	22	330	14	322	2.44e-112	328
QHM27133.1	iCN900.CD630_21090	25.1	451	296	12	31	458	31	462	3.85e-30	121
QHM27134.1	iSF_1195.SF3919	26.4	469	272	19	29	465	29	456	1.14e-26	112
QHM27134.1	iYL1228.KPN_04337	26.1	472	270	19	29	465	26	453	4.89e-26	110
QHM27134.1	STM_v1_0.STM3978	25.8	472	271	19	29	465	29	456	1.63e-25	108
QHM27134.1	iML1515.b3843	25.8	473	270	20	29	465	29	456	4.12e-25	107
QHM27134.1	iSSON_1240.SSON_4016	25.8	473	270	20	29	465	29	456	4.12e-25	107
QHM27134.1	iSbBS512_1146.SbBS512_E4313	25.6	473	271	20	29	465	29	456	1.35e-24	106
QHM27134.1	iSDY_1059.SDY_3902	25.8	473	270	20	29	465	29	456	1.82e-24	105
QHM27134.1	iJN1463.PP_5213	26.2	443	264	19	54	465	43	453	1.83e-23	102
QHM27139.1	iCHOv1.100769391	28.9	121	74	4	27	144	74	185	2.47e-06	47.4
QHM27139.1	iCHOv1.100761937	29.9	107	64	4	26	130	93	190	1.99e-05	44.7
QHM27139.1	iLB1027_lipid.PHATRDRAFT_34489	27.7	112	72	3	25	132	17	123	1.67e-05	44.7
QHM27140.1	iCN900.CD630_22560	24.8	315	201	3	56	363	64	349	2.92e-19	87.4
QHM27141.1	iEK1008.Rv2485c	34.1	88	53	1	130	217	216	298	9.16e-04	41.2
QHM27144.1	iYS854.USA300HOU_RS13930	34.6	153	97	3	81	232	450	600	4.72e-19	85.1
QHM27145.1	iCHOv1.100771266	22.5	329	219	8	3	301	2	324	1.09e-11	64.3
QHM27145.1	iMM1415.266645	23.3	240	156	4	3	218	2	237	1.94e-11	63.5
QHM27148.1	iYL1228.KPN_02823	30.6	297	186	8	4	290	3	289	6.82e-30	114
QHM27148.1	iCN900.CD630_22360	26.8	295	203	6	1	286	1	291	2.47e-29	112
QHM27148.1	iSynCJ816.SGL_RS12595	31.0	255	166	5	7	254	35	286	1.61e-25	103
QHM27149.1	iAF987.Gmet_2349	31.0	575	383	5	18	583	1	570	5.14e-82	267
QHM27149.1	iPC815.YPO1395	31.8	550	369	3	39	583	32	580	3.26e-76	252
QHM27149.1	iYL1228.KPN_00941	31.6	550	368	4	40	583	33	580	3.52e-74	247
QHM27149.1	STM_v1_0.STM0984	31.8	550	371	2	38	583	31	580	3.52e-74	247
QHM27149.1	iML1515.b0914	31.3	550	374	2	38	583	31	580	1.87e-73	245
QHM27149.1	iSbBS512_1146.SbBS512_E2410	31.3	550	374	2	38	583	31	580	1.87e-73	245
QHM27149.1	iSDY_1059.SDY_2344	31.3	550	374	2	38	583	31	580	1.87e-73	245
QHM27149.1	iSF_1195.SF0910	31.3	550	374	2	38	583	31	580	2.61e-73	244
QHM27149.1	iSSON_1240.SSON_0916	31.3	550	374	2	38	583	31	580	2.61e-73	244
QHM27151.1	iSynCJ816.SGL_RS08770	25.3	190	131	4	13	201	2	181	2.39e-13	65.9
QHM27151.1	iJN1463.PP_2432	26.8	190	118	7	21	196	10	192	7.57e-12	62.0
QHM27151.1	iML1515.b0578	26.3	209	131	5	13	206	2	202	7.05e-11	59.3
QHM27152.1	iPC815.YPO2628	48.3	650	315	8	3	634	5	651	4.58e-195	565
QHM27153.1	iYL1228.KPN_00065	35.3	201	118	6	1	201	28	216	2.10e-21	88.2
QHM27153.1	iEK1008.Rv1859	33.3	198	120	4	1	193	27	217	2.51e-20	87.4
QHM27153.1	iPC815.YPO0520	34.2	196	117	3	1	196	19	202	5.09e-21	87.0
QHM27153.1	iSynCJ816.SGL_RS17160	33.0	194	118	3	1	194	31	212	1.10e-19	85.5
QHM27153.1	STM_v1_0.STM0106	34.2	193	115	3	1	193	28	208	3.13e-20	85.1
QHM27153.1	iPC815.YPO1312	30.7	215	137	5	3	217	36	238	1.84e-19	83.6
QHM27153.1	iSSON_1240.SSON_0072	34.5	194	113	5	1	193	28	208	2.17e-19	82.8
QHM27153.1	iSbBS512_1146.SbBS512_E0058	34.5	194	113	5	1	193	28	208	3.02e-19	82.4
QHM27153.1	iSF_1195.SF0061	34.5	194	113	5	1	193	28	208	3.02e-19	82.4
QHM27153.1	iML1515.b0066	36.3	193	111	6	1	193	28	208	4.21e-19	82.0
QHM27153.1	iAF987.Gmet_1903	33.3	198	114	5	2	194	32	216	2.42e-18	81.6
QHM27153.1	iEK1008.Rv2397c	33.0	194	116	4	2	194	34	214	4.86e-18	80.9
QHM27153.1	iYL1228.KPN_01132	30.6	219	138	4	1	218	46	251	7.97e-18	80.5
QHM27153.1	iSDY_1059.SDY_0093	34.0	194	114	5	1	193	28	208	1.58e-18	80.5
QHM27153.1	iLJ478.TM0191	33.3	210	121	7	1	208	30	222	3.32e-18	80.1
QHM27154.1	iPC815.YPO0411	26.1	245	150	8	15	249	50	273	6.71e-06	47.0
QHM27154.1	iML1515.b1514	28.3	191	102	6	15	190	50	220	3.66e-05	44.7
QHM27154.1	iCN900.CD630_15880	25.0	164	110	4	16	174	51	206	1.08e-04	43.1
QHM27154.1	iSF_1195.SF1584	29.0	186	107	7	15	190	50	220	1.15e-04	43.1
QHM27161.1	iAF987.Gmet_1819	56.7	238	98	2	1	233	1	238	5.04e-85	252
QHM27161.1	iLJ478.TM1139	56.2	233	102	0	1	233	5	237	1.47e-82	246
QHM27161.1	iPC815.YPO3804	56.0	234	102	1	1	234	1	233	1.61e-80	240
QHM27161.1	iJN1463.PP_4863	52.6	234	110	1	1	234	5	237	3.55e-78	234
QHM27161.1	iML1515.b3454	54.7	234	105	1	1	234	5	237	9.80e-78	233
QHM27161.1	iJN1463.PP_1137	54.7	234	105	1	1	234	1	233	8.61e-78	233
QHM27161.1	iSbBS512_1146.SbBS512_E3868	54.7	234	105	1	1	234	9	241	1.12e-77	233
QHM27161.1	iSSON_1240.SSON_3692	54.7	234	105	1	1	234	9	241	1.12e-77	233
QHM27161.1	iSF_1195.SF3472	54.7	234	105	1	1	234	5	237	1.39e-77	233
QHM27161.1	iYL1228.KPN_03816	54.7	234	105	1	1	234	5	237	2.79e-77	232
QHM27161.1	STM_v1_0.STM3560	53.8	234	107	1	1	234	5	237	1.13e-76	231
QHM27161.1	iSDY_1059.SDY_3603	54.3	234	106	1	1	234	9	241	1.28e-76	231
QHM27162.1	iLJ478.TM1138	46.3	272	123	3	5	257	11	278	3.22e-73	224
QHM27162.1	iJN1463.PP_1138	46.7	257	133	2	1	257	1	253	7.43e-73	223
QHM27162.1	iYL1228.KPN_03817	45.1	257	137	2	1	257	1	253	9.70e-71	217
QHM27162.1	iML1515.b3455	44.7	257	138	2	1	257	1	253	3.90e-70	216
QHM27162.1	iSbBS512_1146.SbBS512_E3867	44.7	257	138	2	1	257	1	253	3.90e-70	216
QHM27162.1	iSF_1195.SF3473	44.7	257	138	2	1	257	1	253	3.90e-70	216
QHM27162.1	iSDY_1059.SDY_3604	44.4	257	139	2	1	257	1	253	1.11e-69	214
QHM27162.1	iPC815.YPO3805	45.1	253	135	1	5	257	6	254	1.11e-69	214
QHM27162.1	STM_v1_0.STM3561	44.4	257	139	2	1	257	1	253	1.57e-69	214
QHM27162.1	iSSON_1240.SSON_3693	44.4	257	139	2	1	257	1	253	2.22e-69	214
QHM27162.1	iJN1463.PP_4864	43.4	279	132	3	5	257	6	284	7.58e-68	211
QHM27162.1	iAF987.Gmet_1820	45.6	259	124	4	5	257	1	248	7.99e-66	204
QHM27163.1	iLJ478.TM1137	35.3	275	144	5	69	309	73	347	6.85e-36	132
QHM27163.1	iAF987.Gmet_1821	34.8	276	166	3	33	296	32	305	7.89e-32	120
QHM27164.1	iLJ478.TM1136	45.2	301	154	3	1	292	1	299	3.26e-80	244
QHM27165.1	iLJ478.TM1135	35.2	352	212	6	41	390	21	358	6.95e-54	182
QHM27171.1	iYS854.USA300HOU_RS05515	50.0	458	205	8	9	464	3	438	4.26e-127	378
QHM27177.1	iJN1463.PP_4210	28.0	704	411	17	4	666	6	654	2.64e-51	188
QHM27177.1	iCN900.CD630_19470	41.7	218	126	1	4	220	10	227	7.07e-50	173
QHM27183.1	iYO844.BSU39270	27.4	124	78	3	7	118	459	582	5.68e-07	47.4
QHM27183.1	iCN900.CD630_31370	28.0	93	55	4	11	91	466	558	1.64e-05	43.1
QHM27184.1	iNF517.LLMG_RS02225	62.6	107	38	1	1	105	1	107	2.92e-40	129
QHM27185.1	iNF517.LLMG_RS02240	47.6	466	214	1	9	474	1	436	3.71e-146	425
QHM27186.1	iNF517.LLMG_RS08735	57.1	457	190	2	4	460	2	452	2.79e-197	554
QHM27187.1	iMM904.YOL151W	26.5	291	187	8	6	272	3	290	1.71e-16	79.0
QHM27187.1	iJN1463.PP_1803	26.4	326	204	11	1	316	1	300	6.66e-16	77.0
QHM27189.1	iYS854.USA300HOU_RS13940	55.9	68	27	2	137	202	165	231	1.88e-11	60.8
QHM27189.1	iYS854.USA300HOU_RS02340	39.0	82	46	1	2	83	3	80	2.27e-10	58.5
QHM27190.1	iYS854.USA300HOU_RS13940	54.4	68	28	2	152	217	165	231	8.83e-11	59.3
QHM27193.1	iEK1008.Rv2059	31.7	243	150	5	42	276	111	345	5.95e-26	106
QHM27196.1	iJN1463.PP_0129	34.0	159	101	2	217	375	488	642	4.35e-20	91.7
QHM27196.1	iAF987.Gmet_1298	30.6	183	120	3	196	375	166	344	4.17e-20	90.1
QHM27196.1	iML1515.b1025	31.1	167	108	3	214	378	282	443	1.38e-17	83.6
QHM27196.1	iJN1463.PP_4670	30.1	166	112	2	208	372	242	404	1.21e-17	83.6
QHM27201.1	iCN718.ABAYE_RS09965	32.9	240	147	4	3	230	5	242	5.46e-29	109
QHM27201.1	iCN900.CD630_11820	32.2	230	153	2	1	229	2	229	8.72e-28	106
QHM27201.1	iLJ478.TM1724	31.4	226	153	1	1	226	1	224	8.17e-28	106
QHM27201.1	iSF_1195.SF1556	28.5	242	166	4	7	246	2	238	1.67e-27	105
QHM27201.1	iCN718.ABAYE_RS09790	34.4	189	122	1	6	194	8	194	6.01e-27	104
QHM27201.1	iSDY_1059.SDY_1586	28.5	242	166	4	7	246	2	238	6.42e-27	103
QHM27201.1	iJN1463.PP_3073	30.8	211	142	2	1	211	1	207	1.06e-26	103
QHM27201.1	iML1515.b1539	28.5	242	166	4	7	246	2	238	1.26e-26	103
QHM27201.1	iYL1228.KPN_01590	29.3	242	164	4	7	246	2	238	1.28e-26	103
QHM27201.1	iSSON_1240.SSON_1589	28.5	242	166	4	7	246	2	238	1.26e-26	103
QHM27201.1	iMM904.YMR226C	30.8	247	163	5	6	246	14	258	3.61e-26	102
QHM27201.1	STM_v1_0.STM1511	28.1	242	167	4	7	246	2	238	3.43e-26	102
QHM27201.1	iSbBS512_1146.SbBS512_E1701	28.5	242	166	4	7	246	2	238	3.43e-26	102
QHM27201.1	iYO844.BSU15910	31.8	233	148	4	3	230	2	228	6.44e-26	101
QHM27201.1	iYL1228.KPN_01091	30.5	226	152	2	1	226	1	221	1.21e-25	100
QHM27207.1	iYO844.BSU15910	39.4	251	132	6	6	247	4	243	2.18e-48	159
QHM27207.1	iLJ478.TM1724	39.3	252	134	7	7	250	6	246	1.36e-46	155
QHM27207.1	iCN900.CD630_25770	33.5	248	155	5	7	250	4	245	2.94e-45	151
QHM27207.1	iCN900.CD630_11820	38.2	251	145	5	1	247	1	245	4.64e-45	151
QHM27207.1	iCN900.CD630_26790	34.9	255	153	5	6	249	4	256	5.92e-45	151
QHM27207.1	iCN718.ABAYE_RS09790	35.0	254	152	5	7	249	8	259	3.57e-44	149
QHM27207.1	iEK1008.Rv1928c	36.5	255	149	7	1	249	6	253	1.70e-43	147
QHM27207.1	iYS854.USA300HOU_RS06185	38.4	250	134	6	7	247	3	241	1.78e-43	147
QHM27207.1	iJN1463.PP_3073	35.6	250	151	3	7	248	6	253	2.72e-42	144
QHM27210.1	iAF987.Gmet_2349	34.9	484	309	3	107	589	91	569	4.03e-84	273
QHM27210.1	iYL1228.KPN_00941	32.9	505	330	6	88	589	81	579	3.99e-83	271
QHM27210.1	STM_v1_0.STM0984	33.1	505	329	6	88	589	81	579	1.70e-80	264
QHM27210.1	iML1515.b0914	32.1	505	334	6	88	589	81	579	1.33e-78	259
QHM27210.1	iSbBS512_1146.SbBS512_E2410	32.1	505	334	6	88	589	81	579	1.33e-78	259
QHM27210.1	iSDY_1059.SDY_2344	32.1	505	334	6	88	589	81	579	1.33e-78	259
QHM27210.1	iSF_1195.SF0910	31.9	505	335	6	88	589	81	579	3.65e-78	258
QHM27210.1	iSSON_1240.SSON_0916	31.9	505	335	6	88	589	81	579	5.10e-78	257
QHM27210.1	iPC815.YPO1395	32.4	503	331	6	90	589	83	579	1.08e-75	251
QHM27210.1	iJN1463.PP_4935	34.0	515	327	7	75	586	85	589	4.62e-75	250
QHM27211.1	iJN1463.PP_4935	30.8	507	328	6	67	562	95	589	9.68e-62	214
QHM27211.1	iYL1228.KPN_00941	28.8	527	364	4	45	565	58	579	4.71e-60	209
QHM27211.1	iPC815.YPO1395	28.2	568	398	4	4	565	16	579	4.71e-60	209
QHM27211.1	iML1515.b0914	28.7	526	366	3	45	565	58	579	3.36e-59	206
QHM27211.1	STM_v1_0.STM0984	28.9	526	365	3	45	565	58	579	3.36e-59	206
QHM27211.1	iSbBS512_1146.SbBS512_E2410	28.7	526	366	3	45	565	58	579	3.36e-59	206
QHM27211.1	iSDY_1059.SDY_2344	28.7	526	366	3	45	565	58	579	3.36e-59	206
QHM27211.1	iSF_1195.SF0910	28.7	526	366	3	45	565	58	579	4.66e-59	206
QHM27211.1	iSSON_1240.SSON_0916	28.7	526	366	3	45	565	58	579	4.66e-59	206
QHM27211.1	iCHOv1.100682535	30.8	487	291	12	96	558	160	624	1.85e-53	196
QHM27211.1	iMM1415.18670	30.0	503	306	12	96	574	157	637	1.49e-52	193
QHM27213.1	iSynCJ816.SGL_RS17805	33.5	376	243	5	11	382	20	392	9.06e-67	217
QHM27213.1	iYS854.USA300HOU_RS02885	34.1	367	237	2	15	380	12	374	2.12e-64	210
QHM27214.1	iML1515.b3003	57.8	287	121	0	6	292	4	290	8.37e-111	322
QHM27218.1	iSbBS512_1146.SbBS512_E4749	22.6	328	203	12	176	491	175	463	4.53e-08	55.1
QHM27218.1	iML1515.b4208	22.9	328	202	12	176	491	175	463	6.00e-08	54.7
QHM27218.1	iSDY_1059.SDY_4378	22.9	328	202	12	176	491	175	463	6.00e-08	54.7
QHM27218.1	iSF_1195.SF4278	22.9	328	202	12	176	491	175	463	6.00e-08	54.7
QHM27218.1	iSSON_1240.SSON_4393	22.9	328	202	12	176	491	175	463	6.00e-08	54.7
QHM27218.1	STM_v1_0.STM4398	22.3	332	203	13	176	493	175	465	1.05e-07	53.9
QHM27218.1	iYL1228.KPN_04601	22.4	330	205	12	176	493	175	465	7.40e-07	51.2
QHM27220.1	iYL1228.KPN_03491	58.4	387	161	0	1	387	1	387	1.47e-160	456
QHM27221.1	iAT_PLT_636.125	36.2	370	229	7	1	365	8	375	1.81e-56	188
QHM27221.1	iYS854.USA300HOU_RS00275	31.6	373	244	5	1	363	1	372	5.01e-56	187
QHM27221.1	iPC815.YPO1502	33.9	369	236	8	1	363	2	368	1.46e-55	186
QHM27221.1	iJN1463.PP_1616	33.6	369	237	8	1	363	3	369	4.89e-55	184
QHM27221.1	iSynCJ816.SGL_RS04900	33.5	370	236	7	1	363	1	367	2.54e-54	182
QHM27221.1	iEK1008.Rv3086	34.1	370	235	8	1	364	1	367	4.88e-54	182
QHM27221.1	iCHOv1.100767929	34.5	374	231	9	1	365	6	374	3.08e-53	180
QHM27221.1	iAT_PLT_636.124	34.6	370	235	7	1	365	8	375	3.16e-53	180
QHM27221.1	iAT_PLT_636.128	34.5	374	231	9	1	365	6	374	4.62e-52	177
QHM27221.1	iCHOv1.100760081	34.9	370	234	7	1	365	8	375	6.64e-52	176
QHM27221.1	iMM1415.11532	33.9	372	232	8	1	363	6	372	2.51e-51	175
QHM27221.1	iAT_PLT_636.127	32.2	376	241	10	1	365	8	380	5.68e-51	174
QHM27222.1	iCN900.CD630_21150	46.5	660	320	10	6	633	170	828	4.27e-173	513
QHM27222.1	iYS854.USA300HOU_RS13880	45.8	640	326	8	9	634	163	795	5.38e-169	502
QHM27222.1	iYO844.BSU33500	45.8	653	322	10	4	633	159	802	8.49e-168	499
QHM27222.1	iSynCJ816.SGL_RS05435	46.4	619	309	6	35	631	125	742	6.95e-167	494
QHM27222.1	iAF692.Mbar_A1889	43.8	658	338	11	9	634	297	954	2.58e-157	476
QHM27222.1	STM_v1_0.STM0353	45.4	612	315	8	37	631	139	748	2.54e-159	476
QHM27222.1	iAF987.Gmet_2772	44.8	609	324	6	35	631	184	792	3.93e-155	466
QHM27222.1	iJN1463.PP_0586	44.1	646	338	9	10	641	162	798	5.70e-155	466
QHM27234.1	iEK1008.Rv3777	28.6	238	157	6	30	260	30	261	3.31e-13	68.9
QHM27234.1	iEK1008.Rv3141	25.2	330	210	10	1	311	1	312	4.32e-13	68.6
QHM27242.1	iNF517.LLMG_RS02315	30.9	181	114	4	1	174	1	177	3.47e-17	76.6
QHM27242.1	iML1515.b1727	27.9	208	147	2	4	209	9	215	2.54e-16	74.3
QHM27242.1	iYO844.BSU09240	27.0	189	133	2	1	187	1	186	3.41e-16	73.9
QHM27242.1	iML1515.b1317	29.5	183	119	4	3	178	4	183	6.46e-16	73.2
QHM27242.1	iAF692.Mbar_A0192	29.3	229	132	10	1	216	1	212	3.37e-15	71.2
QHM27242.1	iML1515.b2690	30.1	186	117	4	5	185	8	185	3.76e-15	70.5
QHM27242.1	iSDY_1059.SDY_2887	30.1	186	117	4	5	185	8	185	3.76e-15	70.5
QHM27242.1	iSSON_1240.SSON_2834	30.1	186	117	4	5	185	8	185	3.76e-15	70.5
QHM27242.1	iSF_1195.SF2717	29.6	186	118	4	5	185	8	185	1.01e-14	69.3
QHM27244.1	STM_v1_0.STM1522	29.9	368	249	5	14	379	18	378	1.17e-39	145
QHM27244.1	iYL1228.KPN_01628	29.0	366	255	2	14	379	18	378	2.38e-38	142
QHM27244.1	iSbBS512_1146.SbBS512_E1677	28.3	367	256	4	14	379	18	378	3.12e-38	141
QHM27244.1	iML1515.b1528	28.3	367	256	4	14	379	18	378	4.33e-38	141
QHM27244.1	iSSON_1240.SSON_1600	28.3	367	256	4	14	379	18	378	4.33e-38	141
QHM27244.1	iJN1463.PP_2428	28.6	377	257	7	8	380	26	394	1.02e-36	137
QHM27244.1	iSF_1195.SF1566	28.9	346	239	4	14	358	18	357	4.33e-37	137
QHM27244.1	iJN1463.PP_2647	29.7	367	241	6	3	362	17	373	2.70e-36	136
QHM27246.1	iYO844.BSU30540	54.1	614	281	1	1	613	1	614	4.91e-248	697
QHM27251.1	iYL1228.KPN_04772	52.9	454	212	2	1	453	1	453	3.20e-160	461
QHM27251.1	iJN1463.PP_2488	46.9	454	239	1	1	452	1	454	4.04e-142	415
QHM27255.1	iSF_1195.SF1556	31.4	239	160	3	4	240	2	238	1.31e-29	110
QHM27255.1	iYL1228.KPN_01590	31.4	239	160	3	4	240	2	238	3.68e-29	109
QHM27255.1	iSDY_1059.SDY_1586	31.4	239	160	3	4	240	2	238	5.05e-29	109
QHM27255.1	iSbBS512_1146.SbBS512_E1701	31.4	239	160	3	4	240	2	238	7.08e-29	108
QHM27255.1	iML1515.b1539	31.4	239	160	3	4	240	2	238	9.92e-29	108
QHM27255.1	iSSON_1240.SSON_1589	31.4	239	160	3	4	240	2	238	9.92e-29	108
QHM27255.1	STM_v1_0.STM1511	31.8	239	159	3	4	240	2	238	1.39e-28	108
QHM27255.1	iJN1463.PP_4862	32.4	247	157	6	1	241	1	243	3.27e-27	104
QHM27255.1	iLJ478.TM1724	34.0	191	122	2	6	192	9	199	2.90e-26	102
QHM27257.1	iMM904.YOL151W	29.1	351	213	10	6	337	3	336	1.27e-31	121
QHM27259.1	iYO844.BSU39780	26.5	332	185	9	1	304	1	301	1.86e-24	100
QHM27259.1	iML1515.b1771	26.2	332	192	10	1	301	1	310	1.44e-21	92.8
QHM27260.1	iYO844.BSU03070	25.5	415	299	4	21	435	21	425	2.76e-37	143
QHM27262.1	iYO844.BSU33320	29.8	272	176	8	45	309	52	315	3.17e-23	97.1
QHM27262.1	iYO844.BSU08440	29.7	320	191	12	16	309	12	323	8.99e-22	93.2
QHM27263.1	iYS854.USA300HOU_RS03500	49.4	261	130	1	1	259	1	261	7.77e-89	264
QHM27263.1	iYO844.BSU33290	48.8	258	130	1	1	256	1	258	9.49e-86	256
QHM27263.1	iCN900.CD630_28750	45.0	258	140	1	1	256	1	258	4.97e-81	244
QHM27264.1	iYO844.BSU33310	40.2	328	193	2	4	328	53	380	2.87e-73	231
QHM27264.1	iYS854.USA300HOU_RS03505	40.2	311	183	1	17	327	22	329	2.42e-71	224
QHM27264.1	iYO844.BSU01620	37.1	326	203	1	5	328	3	328	2.40e-68	216
QHM27264.1	iCN900.CD630_28770	36.3	322	199	2	11	327	14	334	1.29e-65	209
QHM27265.1	iCN900.CD630_28760	37.5	312	187	2	23	328	27	336	3.82e-65	208
QHM27265.1	iYS854.USA300HOU_RS03510	38.3	290	178	1	42	330	45	334	7.19e-65	207
QHM27265.1	iYO844.BSU33300	38.5	312	185	3	24	330	25	334	1.35e-64	207
QHM27265.1	iYO844.BSU01610	38.0	284	170	3	52	330	47	329	1.31e-61	199
QHM27265.1	iYO844.BSU07500	39.7	325	190	4	4	328	8	326	2.40e-61	198
QHM27268.1	iYL1228.KPN_02546	32.6	242	155	1	2	243	4	237	3.32e-35	125
QHM27268.1	iLJ478.TM1724	33.2	238	150	3	1	234	1	233	8.49e-33	119
QHM27268.1	iCN718.ABAYE_RS09965	35.3	235	140	5	3	226	5	238	1.38e-30	114
QHM27269.1	iNF517.LLMG_RS08595	38.6	140	86	0	6	145	19	158	1.43e-27	100
QHM27269.1	iYO844.BSU40850	37.0	146	90	1	2	145	37	182	5.12e-24	91.7
QHM27270.1	iMM1415.77974	28.3	276	190	4	4	277	40	309	2.40e-23	96.7
QHM27270.1	iCHOv1.100757118	26.9	290	192	6	1	275	42	326	2.13e-22	94.4
QHM27270.1	iCHOv1.100759583	28.6	276	189	3	4	277	40	309	2.32e-22	94.0
QHM27270.1	iMM1415.17252	30.8	201	135	1	1	201	36	232	2.32e-22	94.0
QHM27270.1	iCHOv1.100759877	28.1	278	190	5	1	275	36	306	3.20e-22	93.6
QHM27270.1	iMM1415.105014	28.3	293	184	10	1	275	42	326	1.46e-21	92.0
QHM27271.1	iSynCJ816.SGL_RS16080	33.0	100	60	2	11	103	4	103	5.39e-07	46.6
QHM27277.1	iEK1008.Rv0684	24.0	501	235	13	4	378	11	491	1.41e-23	105
QHM27278.1	iCN900.CD630_26691	27.4	492	295	11	1	441	1	481	3.12e-32	130
QHM27278.1	iYO844.BSU33420	30.0	416	251	13	9	400	9	408	2.61e-29	122
QHM27279.1	iCN718.ABAYE_RS13345	33.3	240	143	7	31	265	13	240	1.74e-32	119
QHM27279.1	STM_v1_0.STM4166	38.4	146	88	2	108	252	88	232	1.19e-31	117
QHM27279.1	iYL1228.KPN_04378	31.6	228	145	6	27	252	14	232	4.59e-31	115
QHM27279.1	iJN1463.PP_4029	37.7	167	98	3	105	268	99	262	9.76e-31	115
QHM27279.1	iSDY_1059.SDY_3730	30.8	227	148	5	27	252	14	232	9.47e-30	112
QHM27279.1	iPC815.YPO3736	37.8	148	86	3	108	252	88	232	2.77e-29	111
QHM27279.1	iML1515.b3996	36.3	146	91	2	108	252	88	232	7.09e-29	110
QHM27279.1	iSbBS512_1146.SbBS512_E4487	36.3	146	91	2	108	252	88	232	7.09e-29	110
QHM27279.1	iSSON_1240.SSON_4169	36.3	146	91	2	108	252	88	232	7.09e-29	110
QHM27279.1	iSF_1195.SF4068	35.6	146	92	2	108	252	88	232	1.38e-28	109
QHM27281.1	iNF517.LLMG_RS07275	26.6	482	309	14	7	484	57	497	8.70e-37	141
QHM27283.1	iYS854.USA300HOU_RS11550	28.8	139	97	1	10	148	11	147	9.08e-21	82.4
QHM27285.1	iNF517.LLMG_RS02245	65.3	478	159	4	4	476	3	478	8.13e-236	654
QHM27285.1	iSSON_1240.SSON_1595	61.3	481	179	4	1	476	1	479	2.33e-221	617
QHM27285.1	iCN900.CD630_31360	61.1	473	172	3	8	473	7	474	2.67e-210	589
QHM27286.1	iNF517.LLMG_RS02240	34.4	457	257	13	8	444	1	434	1.22e-64	214
QHM27286.1	iCN900.CD630_30480	32.2	460	281	8	7	451	4	447	5.40e-63	210
QHM27286.1	iCN900.CD630_01370	30.0	450	267	14	22	452	14	434	1.14e-59	201
QHM27286.1	iYO844.BSU38580	32.6	457	269	13	6	446	2	435	3.95e-58	197
QHM27286.1	iYO844.BSU05830	32.2	457	268	12	8	450	1	429	8.59e-58	196
QHM27290.1	iNF517.LLMG_RS11185	52.6	116	55	0	10	125	7	122	5.53e-39	127
QHM27295.1	iSF_1195.SF1012	27.7	112	71	3	10	121	4	105	2.51e-07	50.4
QHM27295.1	iML1515.b1009	27.7	112	71	3	10	121	4	105	8.17e-07	48.9
QHM27295.1	iSDY_1059.SDY_0984	27.7	112	71	3	10	121	4	105	6.22e-07	48.9
QHM27295.1	iSSON_1240.SSON_1027	27.7	112	71	3	10	121	4	105	8.17e-07	48.9
QHM27299.1	iCN900.CD630_19470	41.9	217	123	2	4	217	12	228	5.86e-49	160
QHM27299.1	iJN1463.PP_4210	40.2	204	120	1	18	219	23	226	1.98e-40	146
QHM27301.1	iHN637.CLJU_RS02910	45.3	358	183	6	10	361	11	361	5.20e-95	287
QHM27304.1	iYO844.BSU33400	46.0	261	138	2	1	260	5	263	1.19e-80	244
QHM27304.1	iYO844.BSU29050	46.0	265	136	3	1	260	5	267	5.45e-80	243
QHM27304.1	iML1515.b3012	44.9	263	139	3	5	264	7	266	1.88e-71	221
QHM27304.1	STM_v1_0.STM3165	44.9	263	139	3	5	264	7	266	1.88e-71	221
QHM27307.1	iYO844.BSU03070	27.5	429	293	4	11	435	16	430	1.70e-49	176
QHM27314.1	iNF517.LLMG_RS01830	63.5	222	81	0	1	222	1	222	1.68e-105	303
QHM27314.1	STM_v1_0.STM0772	59.4	229	93	0	1	229	3	231	3.42e-97	283
QHM27314.1	iML1515.b0755	58.5	229	95	0	1	229	3	231	2.79e-96	281
QHM27314.1	iSbBS512_1146.SbBS512_E0676	58.5	229	95	0	1	229	3	231	2.79e-96	281
QHM27314.1	iSF_1195.SF0549	58.5	229	95	0	1	229	3	231	2.79e-96	281
QHM27314.1	iSSON_1240.SSON_0707	58.5	229	95	0	1	229	3	231	2.79e-96	281
QHM27314.1	iSDY_1059.SDY_0702	58.5	229	95	0	1	229	3	231	7.96e-96	280
QHM27314.1	iYL1228.KPN_00768	58.1	229	96	0	1	229	3	231	9.21e-95	277
QHM27314.1	iPC815.YPO1133	57.2	229	98	0	1	229	3	231	9.21e-95	277
QHM27314.1	iYS854.USA300HOU_RS13070	56.4	225	98	0	1	225	1	225	3.59e-94	275
QHM27316.1	iCN900.CD630_21940	21.6	320	227	9	12	311	17	332	7.66e-15	75.1
QHM27318.1	iNF517.LLMG_RS10800	58.0	393	161	3	1	389	2	394	5.79e-162	460
QHM27320.1	iYS854.USA300HOU_RS06130	27.3	183	113	4	74	236	81	263	5.39e-12	66.6
QHM27320.1	iSynCJ816.SGL_RS16190	32.9	167	85	7	96	240	106	267	1.92e-10	61.6
QHM27327.1	iAF692.Mbar_A2616	30.2	225	140	6	2	218	13	228	3.30e-19	84.7
QHM27328.1	iJN1463.PP_4846	26.3	160	118	0	1	160	1	160	2.74e-17	74.3
QHM27329.1	iJN1463.PP_4803	24.8	407	245	10	40	443	33	381	2.15e-21	95.1
QHM27329.1	iSbBS512_1146.SbBS512_E2506	27.3	417	242	15	35	444	30	392	1.29e-18	87.0
QHM27329.1	iML1515.b0839	28.6	378	219	13	35	405	30	363	2.33e-18	86.3
QHM27329.1	iSDY_1059.SDY_0841	27.0	418	242	15	35	444	30	392	2.33e-18	86.3
QHM27330.1	iAF987.Gmet_1991	20.5	205	151	5	150	350	196	392	1.57e-04	43.5
QHM27331.1	iAF987.Gmet_1706	33.9	121	72	4	1	117	1	117	2.18e-13	67.8
QHM27331.1	iAF987.Gmet_2999	35.0	117	72	2	3	116	10	125	6.49e-13	66.6
QHM27331.1	iAF987.Gmet_1914	36.8	106	61	3	2	104	3	105	1.61e-11	62.8
QHM27334.1	iNF517.LLMG_RS01210	57.7	494	94	3	1	381	1	492	6.14e-181	511
QHM27336.1	iSynCJ816.SGL_RS05125	35.6	101	45	4	8	106	24	106	3.73e-07	51.6
QHM27336.1	iML1515.b4173	30.8	133	67	3	4	136	199	306	1.68e-06	49.3
QHM27339.1	iHN637.CLJU_RS02400	22.1	253	166	8	11	249	9	244	3.00e-06	47.0
QHM27339.1	iSynCJ816.SGL_RS17655	27.9	183	109	7	11	182	8	178	3.16e-06	47.0
QHM27339.1	iHN637.CLJU_RS11570	24.0	254	160	11	11	249	9	244	9.87e-06	45.4
QHM27339.1	iAF692.Mbar_A0171	23.3	257	158	9	11	249	9	244	1.76e-05	44.7
QHM27342.1	iYS854.USA300HOU_RS03485	52.2	433	171	3	5	427	3	409	2.03e-138	402
QHM27345.1	iCN900.CD630_36640	36.6	391	246	1	5	395	5	393	2.59e-99	301
QHM27346.1	iYS854.USA300HOU_RS13050	42.5	226	127	3	42	265	32	256	5.17e-48	159
QHM27347.1	iYO844.BSU03600	49.6	228	100	4	5	230	17	231	5.07e-62	193
QHM27347.1	iYS854.USA300HOU_RS13045	49.8	211	100	2	21	229	29	235	7.68e-60	188
QHM27348.1	iYO844.BSU03590	51.5	233	113	0	1	233	1	233	3.58e-80	241
QHM27348.1	iYO844.BSU23960	51.3	240	112	3	1	239	1	236	8.69e-77	232
QHM27348.1	iYS854.USA300HOU_RS09925	51.9	241	111	3	1	240	3	239	1.31e-76	231
QHM27348.1	iYO844.BSU27430	49.6	236	115	1	1	236	1	232	9.87e-74	224
QHM27348.1	iNF517.LLMG_RS09915	48.0	246	113	3	1	240	5	241	6.01e-73	222
QHM27348.1	iML1515.b1917	50.6	241	116	2	2	239	4	244	3.35e-71	218
QHM27348.1	iCN900.CD630_21720	48.8	240	121	2	1	239	1	239	6.50e-71	217
QHM27348.1	iML1515.b0652	50.0	242	114	3	1	240	1	237	5.05e-71	217
QHM27348.1	iSSON_1240.SSON_0606	50.0	242	114	3	1	240	1	237	5.05e-71	217
QHM27349.1	iYS854.USA300HOU_RS13050	38.9	257	146	4	15	269	9	256	1.07e-51	169
QHM27354.1	iCN900.CD630_04690	49.5	614	298	5	5	613	4	610	3.15e-198	570
QHM27355.1	iYS854.USA300HOU_RS08055	40.6	567	304	14	1	552	1	549	5.92e-137	408
QHM27355.1	STM_v1_0.STM4453	40.4	555	304	13	5	547	6	545	5.52e-132	395
QHM27355.1	iNF517.LLMG_RS03830	41.9	520	266	14	1	515	1	489	1.54e-129	388
QHM27355.1	iYL1228.KPN_04651	39.0	559	308	16	4	547	6	546	4.52e-128	385
QHM27355.1	iSbBS512_1146.SbBS512_E4844	40.5	516	288	11	4	515	6	506	9.02e-128	384
QHM27355.1	iSF_1195.SF4251	40.3	516	289	11	4	515	6	506	1.27e-127	384
QHM27355.1	iSSON_1240.SSON_4420	40.3	516	289	11	4	515	6	506	1.27e-127	384
QHM27355.1	iML1515.b4239	40.3	516	289	11	4	515	6	506	1.80e-127	384
QHM27355.1	iSDY_1059.SDY_4258	40.3	516	289	11	4	515	6	506	1.01e-126	382
QHM27355.1	iYS854.USA300HOU_RS02395	38.4	558	316	14	6	553	7	546	1.73e-126	381
QHM27355.1	iYO844.BSU34560	38.1	567	315	17	5	548	4	557	4.31e-125	378
QHM27355.1	iYO844.BSU07810	38.1	570	316	15	2	551	5	557	6.08e-125	377
QHM27355.1	iCN900.CD630_30910	36.3	562	330	13	3	548	2	551	1.43e-124	376
QHM27356.1	iYO844.BSU35960	21.7	258	184	7	61	309	39	287	2.38e-08	54.3
QHM27359.1	iEK1008.Rv2397c	41.4	198	109	5	20	213	20	214	6.20e-37	131
QHM27359.1	iAF987.Gmet_1903	39.0	223	113	6	5	213	3	216	2.87e-36	129
QHM27359.1	iSynCJ816.SGL_RS17160	37.1	213	127	5	5	213	3	212	3.61e-36	129
QHM27359.1	iCN718.ABAYE_RS05140	35.5	217	129	5	5	213	3	216	1.54e-32	120
QHM27359.1	iJN1463.PP_3817	33.5	203	131	3	3	203	13	213	4.79e-32	119
QHM27363.1	iML1515.b3697	28.1	274	181	5	2	268	3	267	1.34e-19	85.5
QHM27366.1	iNF517.LLMG_RS02305	44.6	509	243	9	170	646	4	505	1.37e-120	369
QHM27369.1	iNF517.LLMG_RS01985	37.3	177	109	2	1	176	1	176	3.09e-42	142
QHM27375.1	iEK1008.Rv0805	30.5	200	130	6	6	201	16	210	2.24e-19	85.9
QHM27376.1	iNF517.LLMG_RS04495	30.3	142	89	3	50	182	38	178	4.27e-14	66.6
QHM27376.1	iYS854.USA300HOU_RS00270	31.8	107	72	1	70	176	58	163	3.39e-12	61.2
QHM27379.1	iYS854.USA300HOU_RS07285	29.2	277	182	2	17	286	6	275	4.20e-37	132
QHM27382.1	iYS854.USA300HOU_RS13900	45.8	498	261	7	3	493	2	497	1.35e-149	436
QHM27383.1	iYS854.USA300HOU_RS13905	30.5	282	188	4	14	288	7	287	5.01e-38	135
QHM27385.1	iHN637.CLJU_RS13885	36.3	372	229	4	4	368	8	378	2.67e-64	209
QHM27385.1	iCN718.ABAYE_RS04775	38.2	377	225	4	1	370	1	376	6.04e-64	208
QHM27385.1	iPC815.YPO3980	37.3	373	226	4	1	366	1	372	3.90e-63	206
QHM27385.1	iYL1228.KPN_03536	39.1	371	218	4	1	364	1	370	8.37e-63	205
QHM27385.1	STM_v1_0.STM0525	37.7	374	225	4	1	367	1	373	2.39e-62	204
QHM27385.1	iSF_1195.SF3161	38.4	375	223	4	1	368	28	401	3.61e-61	201
QHM27385.1	iML1515.b3124	38.1	375	224	4	1	368	1	374	2.54e-61	201
QHM27385.1	iSDY_1059.SDY_3318	37.9	375	225	4	1	368	28	401	2.78e-60	199
QHM27385.1	iYS854.USA300HOU_RS13175	37.1	372	225	6	4	367	7	377	1.37e-60	199
QHM27385.1	iSSON_1240.SSON_3279	37.9	375	225	4	1	368	28	401	3.90e-60	199
QHM27385.1	iCN900.CD630_30840	37.9	367	210	5	1	355	1	361	2.99e-60	198
QHM27385.1	iJN1463.PP_3178	38.6	373	221	4	1	366	1	372	3.70e-60	198
QHM27385.1	iML1515.b0514	37.7	371	223	4	1	364	1	370	7.70e-60	197
QHM27385.1	iSbBS512_1146.SbBS512_E3234	37.6	375	226	4	1	368	1	374	1.08e-59	197
QHM27385.1	iYO844.BSU40040	35.8	374	232	4	1	367	1	373	6.61e-58	192
QHM27385.1	STM_v1_0.STM3247	36.8	375	229	4	1	368	1	374	1.79e-57	191
QHM27385.1	iHN637.CLJU_RS18905	36.5	375	223	7	1	367	1	368	3.11e-57	190
QHM27386.1	iNF517.LLMG_RS08560	29.6	432	298	3	7	437	2	428	2.98e-64	213
QHM27386.1	iJN1463.PP_3819	33.2	446	273	9	5	435	3	438	2.14e-59	200
QHM27388.1	iNF517.LLMG_RS04040	74.1	428	111	0	1	428	2	429	1.04e-229	634
QHM27388.1	iYO844.BSU06440	69.1	430	133	0	1	430	1	430	1.19e-214	596
QHM27389.1	iNF517.LLMG_RS11055	72.8	430	115	2	1	429	1	429	1.98e-233	644
QHM27389.1	iYO844.BSU40420	69.0	423	131	0	1	423	1	423	6.24e-223	617
QHM27390.1	iYS854.USA300HOU_RS06800	71.2	323	93	0	3	325	1	323	2.28e-175	488
QHM27390.1	iNF517.LLMG_RS07130	72.0	321	90	0	5	325	7	327	4.80e-171	477
QHM27390.1	iYO844.BSU32130	71.0	321	93	0	5	325	4	324	2.03e-169	473
QHM27390.1	iIT341.HP0854	68.3	325	103	0	1	325	1	325	1.04e-162	456
QHM27392.1	iYS854.USA300HOU_RS11270	48.8	480	244	2	4	482	16	494	5.88e-163	469
QHM27392.1	iYO844.BSU36590	47.6	471	245	2	13	482	13	482	9.59e-159	458
QHM27395.1	iHN637.CLJU_RS02325	47.7	449	228	3	25	473	21	462	1.27e-137	404
QHM27395.1	iHN637.CLJU_RS10530	46.0	459	241	3	8	465	3	455	5.10e-137	402
QHM27395.1	iHN637.CLJU_RS02330	44.6	457	246	3	8	463	3	453	2.36e-130	385
QHM27397.1	iJN1463.PP_1200	41.6	452	238	12	12	451	22	459	6.80e-88	287
QHM27397.1	iPC815.YPO0006	40.6	441	239	9	15	446	14	440	4.08e-84	277
QHM27397.1	STM_v1_0.STM3880	39.6	452	246	11	15	455	14	449	1.55e-83	275
QHM27397.1	iYL1228.KPN_04152	38.9	452	249	11	15	455	14	449	8.48e-82	271
QHM27397.1	iML1515.b3747	38.9	452	249	11	15	455	14	449	8.73e-81	268
QHM27397.1	iSbBS512_1146.SbBS512_E4173	38.9	452	249	11	15	455	14	449	8.73e-81	268
QHM27397.1	iSF_1195.SF3828	38.7	452	250	11	15	455	14	449	1.22e-80	268
QHM27397.1	iSSON_1240.SSON_3917	38.7	452	250	11	15	455	14	449	2.37e-80	267
QHM27397.1	iSDY_1059.SDY_4001	39.0	454	248	12	15	455	14	451	2.54e-79	264
QHM27398.1	iAF987.Gmet_0858	26.9	160	111	4	147	301	118	276	3.66e-08	53.5
QHM27400.1	iPC815.YPO3788	24.1	299	185	11	49	340	468	731	1.02e-07	53.5
QHM27400.1	iEK1008.Rv1133c	22.1	362	244	10	9	368	431	756	2.38e-07	52.4
QHM27401.1	iML1515.b0543	34.5	110	68	2	1	108	1	108	1.41e-12	59.3
QHM27401.1	iML1515.b1599	34.7	101	64	1	3	103	10	108	4.24e-11	55.5
QHM27401.1	iSbBS512_1146.SbBS512_E1785	34.7	101	64	1	3	103	10	108	4.24e-11	55.5
QHM27401.1	iSSON_1240.SSON_1561	34.7	101	64	1	3	103	10	108	4.24e-11	55.5
QHM27401.1	iSDY_1059.SDY_1554	34.7	101	64	1	3	103	10	108	8.40e-11	54.7
QHM27401.1	iSF_1195.SF1620	34.7	101	64	1	3	103	10	108	1.18e-10	54.3
QHM27402.1	iML1515.b0543	30.0	100	70	0	3	102	4	103	3.74e-12	57.4
QHM27405.1	iYO844.BSU26650	33.8	287	184	3	1	282	1	286	7.94e-56	182
QHM27405.1	iJN1463.PP_0026	36.0	267	171	0	16	282	22	288	5.04e-51	169
QHM27405.1	STM_v1_0.STM0758	34.7	291	180	5	1	282	1	290	8.11e-49	164
QHM27411.1	iNF517.LLMG_RS06770	37.2	277	170	4	93	366	73	348	1.58e-55	186
QHM27411.1	iJN1463.PP_4717	37.6	263	151	5	120	374	24	281	2.13e-52	175
QHM27411.1	iAF987.Gmet_1889	33.1	269	170	3	104	365	12	277	1.54e-50	171
QHM27412.1	iYL1228.KPN_03388	37.7	191	110	4	6	192	5	190	1.69e-28	105
QHM27412.1	iSSON_1240.SSON_3108	34.9	189	118	3	6	192	5	190	5.19e-27	101
QHM27412.1	iPC815.YPO0945	35.4	189	117	3	6	192	5	190	1.45e-26	100
QHM27412.1	iSbBS512_1146.SbBS512_E3386	34.9	189	118	3	6	192	5	190	2.04e-26	99.8
QHM27412.1	iSF_1195.SF2945	34.9	189	118	3	6	192	5	190	2.04e-26	99.8
QHM27412.1	STM_v1_0.STM3103	33.9	189	120	3	6	192	5	190	4.03e-26	99.0
QHM27412.1	iSDY_1059.SDY_3118	33.9	189	120	3	6	192	5	190	2.22e-25	97.1
QHM27413.1	iCN900.CD630_32530	29.2	438	288	6	9	441	2	422	3.23e-53	184
QHM27413.1	iYO844.BSU28080	30.6	421	266	9	32	446	27	427	4.94e-47	167
QHM27413.1	iAF987.Gmet_2475	35.4	427	234	13	30	447	20	413	4.36e-47	167
QHM27414.1	iNF517.LLMG_RS06775	51.8	191	88	2	1	187	158	348	8.32e-63	197
QHM27414.1	iCN900.CD630_14490	50.5	184	90	1	6	188	5	188	3.72e-60	185
QHM27414.1	iYO844.BSU22780	48.4	186	96	0	4	189	3	188	7.49e-60	184
QHM27415.1	iCN900.CD630_14520	41.1	129	76	0	7	135	3	131	8.08e-34	117
QHM27415.1	iSynCJ816.SGL_RS02755	46.2	143	74	2	10	150	18	159	4.74e-33	115
QHM27415.1	iNF517.LLMG_RS06775	38.4	146	90	0	6	151	2	147	7.60e-29	108
QHM27415.1	iYL1228.KPN_00142	38.5	156	91	2	8	158	4	159	7.26e-30	106
QHM27415.1	iML1515.b0142	40.3	129	76	1	9	136	5	133	1.45e-29	105
QHM27415.1	iSDY_1059.SDY_0158	40.3	129	76	1	9	136	5	133	2.05e-29	105
QHM27415.1	iSSON_1240.SSON_0154	40.3	129	76	1	9	136	5	133	2.05e-29	105
QHM27416.1	iYO844.BSU00780	30.4	115	80	0	1	115	1	115	1.82e-17	72.0
QHM27416.1	iCN900.CD630_14510	29.6	115	81	0	1	115	1	115	3.72e-17	71.2
QHM27416.1	iNF517.LLMG_RS06780	32.5	117	78	1	1	117	1	116	6.57e-17	70.5
QHM27418.1	iEK1008.Rv2059	30.5	243	155	4	49	283	109	345	6.15e-27	109
QHM27419.1	iYL1228.KPN_03376	29.3	147	102	2	41	186	41	186	1.68e-07	53.1
QHM27419.1	iAF987.Gmet_3221	25.5	161	113	3	18	174	18	175	1.10e-06	50.4
QHM27419.1	STM_v1_0.STM3091	28.6	147	103	2	41	186	41	186	1.19e-06	50.4
QHM27419.1	iML1515.b2943	28.6	147	103	2	41	186	41	186	1.58e-06	50.1
QHM27419.1	iSbBS512_1146.SbBS512_E3375	28.6	147	103	2	41	186	41	186	1.58e-06	50.1
QHM27419.1	iSDY_1059.SDY_3129	28.6	147	103	2	41	186	41	186	1.58e-06	50.1
QHM27419.1	iSSON_1240.SSON_3097	28.6	147	103	2	41	186	41	186	1.58e-06	50.1
QHM27423.1	iML1515.b2430	31.5	311	158	11	55	313	97	404	7.89e-34	128
QHM27424.1	iYS854.USA300HOU_RS01150	60.3	741	292	2	12	752	11	749	0.0	915
QHM27424.1	iCN900.CD630_07590	59.2	741	301	1	12	752	3	742	7.43e-320	889
QHM27424.1	iML1515.b0903	59.3	750	296	2	12	752	11	760	7.83e-315	877
QHM27424.1	iSbBS512_1146.SbBS512_E2425	59.3	750	296	2	12	752	11	760	7.83e-315	877
QHM27424.1	iSSON_1240.SSON_0904	59.3	750	296	2	12	752	11	760	7.83e-315	877
QHM27424.1	iSDY_1059.SDY_2358	59.2	750	297	2	12	752	11	760	3.17e-314	875
QHM27424.1	iSF_1195.SF0898	59.2	750	297	2	12	752	11	760	4.49e-314	875
QHM27424.1	iYL1228.KPN_00931	59.2	750	297	2	12	752	11	760	2.97e-312	870
QHM27424.1	STM_v1_0.STM0973	58.9	750	299	2	12	752	11	760	7.94e-310	864
QHM27424.1	iPC815.YPO1383	58.6	758	303	3	4	752	5	760	9.16e-309	861
QHM27424.1	STM_v1_0.STM3241	57.3	750	311	2	12	752	15	764	1.23e-302	846
QHM27424.1	iML1515.b3114	57.1	750	313	2	12	752	15	764	3.78e-299	837
QHM27424.1	iSF_1195.SF3154	57.1	750	313	2	12	752	15	764	3.78e-299	837
QHM27424.1	iSSON_1240.SSON_3271	57.1	750	313	2	12	752	15	764	3.78e-299	837
QHM27424.1	iSbBS512_1146.SbBS512_E3243	56.9	750	314	2	12	752	15	764	5.36e-299	837
QHM27424.1	iSDY_1059.SDY_3306	56.9	750	314	2	12	752	15	764	6.17e-298	834
QHM27425.1	iNF517.LLMG_RS10005	48.8	250	124	2	17	264	12	259	1.95e-91	271
QHM27426.1	iYS854.USA300HOU_RS04825	44.6	101	56	0	1	101	1	101	2.98e-28	98.2
QHM27427.1	iYO844.BSU39780	24.5	323	192	8	1	293	1	301	1.01e-22	95.5
QHM27427.1	iYO844.BSU09530	26.1	326	192	9	1	297	1	306	4.52e-21	91.3
QHM27427.1	iYL1228.KPN_01195	26.7	300	173	15	2	293	14	274	2.57e-20	88.6
QHM27427.1	iML1515.b1771	26.2	332	181	10	1	290	1	310	7.36e-20	87.8
QHM27427.1	STM_v1_0.STM1288	27.8	259	145	11	40	293	44	265	4.28e-20	87.8
QHM27432.1	iYS854.USA300HOU_RS14180	33.3	526	337	6	10	525	3	524	3.33e-94	297
QHM27433.1	iYO844.BSU13850	34.5	566	346	9	51	594	75	637	1.11e-85	280
QHM27433.1	iAF692.Mbar_A0343	30.7	553	366	5	61	598	94	644	5.10e-85	278
QHM27433.1	iSynCJ816.SGL_RS16100	32.3	558	359	8	53	594	164	718	5.21e-84	277
QHM27433.1	iYO844.BSU33490	33.1	547	345	7	67	594	154	698	5.04e-83	274
QHM27433.1	iCN900.CD630_03130	32.4	571	359	11	46	594	230	795	1.17e-79	267
QHM27433.1	iSynCJ816.SGL_RS16085	33.2	572	343	9	57	594	75	641	5.61e-81	267
QHM27433.1	iCN900.CD630_21150	33.3	532	330	8	77	586	282	810	3.05e-78	264
QHM27433.1	iYS854.USA300HOU_RS13880	34.5	545	324	9	80	598	261	798	2.43e-74	253
QHM27433.1	STM_v1_0.STM0353	33.6	563	339	13	77	607	203	762	1.74e-74	253
QHM27437.1	iYO844.BSU14520	43.8	559	297	6	6	551	20	574	5.45e-150	442
QHM27438.1	iAM_Pv461.PVX_111455	25.4	173	116	5	188	351	582	750	4.32e-04	42.0
QHM27438.1	iAM_Pf480.PF3D7_1025100	22.8	180	126	3	181	351	644	819	7.69e-04	41.2
QHM27440.1	iYO844.BSU09680	37.3	418	260	1	35	450	33	450	1.33e-89	280
QHM27440.1	iCN900.CD630_04490	36.1	451	283	4	1	447	1	450	5.29e-84	266
QHM27441.1	iNF517.LLMG_RS01925	46.7	443	234	1	11	453	17	457	5.00e-137	401
QHM27441.1	iNF517.LLMG_RS01930	46.8	442	225	4	11	444	12	451	1.86e-131	387
QHM27456.1	iCN718.ABAYE_RS03670	33.8	136	85	3	8	142	3	134	8.55e-15	66.6
QHM27460.1	iYO844.BSU39540	36.9	328	207	0	1	328	1	328	4.83e-80	246
QHM27461.1	iYS854.USA300HOU_RS00390	58.1	649	269	3	32	678	40	687	1.10e-262	738
QHM27465.1	iYO844.BSU03070	23.3	356	270	3	23	376	9	363	8.04e-24	103
QHM27469.1	iHN637.CLJU_RS09415	47.8	441	230	0	9	449	17	457	5.33e-149	432
QHM27470.1	iYS854.USA300HOU_RS00620	27.4	369	257	4	8	369	7	371	1.42e-38	143
QHM27474.1	iCN900.CD630_25030	38.6	865	494	9	15	854	19	871	2.23e-158	485
QHM27474.1	iCN900.CD630_18240	36.9	865	509	12	14	854	25	876	1.45e-157	483
QHM27474.1	iYO844.BSU15650	37.0	871	506	10	14	850	20	881	4.19e-154	474
QHM27474.1	iSynCJ816.SGL_RS16270	35.9	908	501	19	14	854	42	935	2.27e-145	453
QHM27474.1	iAF987.Gmet_1614	38.7	877	488	17	12	860	17	871	6.27e-142	442
QHM27475.1	iYS854.USA300HOU_RS00765	38.4	510	300	7	9	514	10	509	5.33e-117	354
QHM27477.1	iHN637.CLJU_RS08755	48.5	272	130	2	13	284	10	271	1.49e-85	257
QHM27477.1	iYO844.BSU33400	47.5	282	140	2	5	286	3	276	2.63e-85	256
QHM27477.1	iYO844.BSU29050	44.4	279	143	2	12	286	10	280	6.34e-82	248
QHM27478.1	iEK1008.Rv3737	23.6	250	177	7	4	246	44	286	6.00e-11	61.6
QHM27481.1	iNF517.LLMG_RS12440	56.3	279	109	4	2	270	1	276	5.68e-101	296
QHM27481.1	iCN900.CD630_13320	54.7	274	119	2	1	274	6	274	4.69e-100	293
QHM27482.1	iYS854.USA300HOU_RS01730	37.0	165	92	3	8	160	91	255	1.10e-20	85.5
QHM27492.1	iIS312.TCDM_05454	24.3	519	310	24	46	511	6	494	1.36e-07	53.9
QHM27494.1	iNF517.LLMG_RS05970	68.5	467	146	1	3	469	1	466	1.51e-254	700
QHM27500.1	iMM1415.266645	25.1	291	186	7	56	333	59	330	1.71e-19	87.4
QHM27500.1	iCHOv1.100771266	24.4	291	188	8	56	333	59	330	6.22e-17	80.1
QHM27502.1	iML1515.b2431	32.1	212	136	5	103	309	88	296	4.10e-24	99.4
QHM27503.1	iYO844.BSU22750	49.6	226	113	1	9	234	9	233	9.62e-73	221
QHM27503.1	iYS854.USA300HOU_RS07520	49.8	227	111	1	9	235	11	234	1.24e-72	221
QHM27503.1	iNF517.LLMG_RS03890	45.4	229	124	1	9	237	9	236	2.86e-67	207
QHM27506.1	iAF692.Mbar_A0343	35.1	567	361	5	58	619	80	644	8.57e-111	346
QHM27506.1	iCN900.CD630_21150	38.3	553	315	9	85	617	282	828	1.73e-108	345
QHM27506.1	iYS854.USA300HOU_RS13880	36.6	547	315	9	85	613	258	790	3.77e-99	320
QHM27506.1	iYO844.BSU33500	36.1	552	322	8	52	575	212	760	2.81e-98	318
QHM27506.1	iSynCJ816.SGL_RS16085	33.2	570	363	4	62	614	72	640	1.83e-99	317
QHM27506.1	iYO844.BSU13850	35.0	618	368	11	16	614	34	636	6.69e-98	312
QHM27507.1	iHN637.CLJU_RS07630	51.7	238	109	1	8	245	8	239	5.37e-90	265
QHM27508.1	iYS854.USA300HOU_RS05725	36.5	104	64	1	2	105	3	104	2.53e-23	85.9
QHM27508.1	iPC815.YPO3868	40.8	103	55	2	3	101	4	104	9.22e-22	82.0
QHM27511.1	iYS854.USA300HOU_RS11550	31.8	107	71	1	31	137	12	116	4.91e-10	55.1
QHM27512.1	iYS854.USA300HOU_RS13880	37.5	56	35	0	10	65	81	136	1.06e-08	49.3
QHM27516.1	iNF517.LLMG_RS02085	33.6	441	286	5	1	435	1	440	3.70e-90	280
QHM27526.1	iAF692.Mbar_A2042	40.2	234	110	7	1	207	7	237	1.38e-36	128
QHM27526.1	iYL1228.KPN_00909	40.1	227	117	5	2	212	3	226	6.88e-36	125
QHM27526.1	iSynCJ816.SGL_RS08525	39.5	233	112	6	1	207	1	230	1.45e-35	125
QHM27526.1	iML1515.b0875	38.8	227	120	5	2	212	3	226	5.93e-34	120
QHM27526.1	iSbBS512_1146.SbBS512_E2456	38.8	227	120	5	2	212	3	226	5.93e-34	120
QHM27526.1	iSF_1195.SF0832	38.8	227	120	5	2	212	3	226	5.93e-34	120
QHM27527.1	iCN718.ABAYE_RS17030	27.7	459	291	6	40	493	52	474	1.04e-53	191
QHM27527.1	iJN1463.PP_5013	28.9	415	264	4	45	458	59	443	2.26e-48	176
QHM27528.1	iYS854.USA300HOU_RS00980	42.9	445	253	1	7	450	2	446	1.78e-122	364
QHM27528.1	iNF517.LLMG_RS03390	42.8	442	251	2	7	446	2	443	1.99e-115	346
QHM27529.1	iNF517.LLMG_RS11220	44.4	466	246	9	19	480	5	461	4.28e-120	365
QHM27530.1	iYO844.BSU34130	50.1	674	332	4	6	678	12	682	2.76e-254	717
QHM27533.1	iHN637.CLJU_RS20980	27.2	367	256	5	19	381	16	375	2.58e-34	132
QHM27535.1	iHN637.CLJU_RS20980	29.6	425	267	13	12	419	7	416	5.96e-40	147
QHM27540.1	iNF517.LLMG_RS11205	51.6	486	226	5	3	482	6	488	1.38e-167	481
QHM27541.1	iNF517.LLMG_RS11200	62.7	327	121	1	1	327	1	326	8.76e-145	411
QHM27541.1	iHN637.CLJU_RS10655	57.3	328	139	1	1	328	1	327	2.00e-134	385
QHM27542.1	iNF517.LLMG_RS11210	57.7	385	162	1	4	387	12	396	3.60e-151	432
QHM27542.1	iYO844.BSU38200	51.8	384	184	1	5	387	4	387	4.41e-135	391
QHM27543.1	iLJ478.TM1193	36.1	623	355	13	9	622	9	597	4.35e-123	390
QHM27543.1	iML1515.b0344	35.4	641	350	14	9	620	18	623	5.41e-112	359
QHM27543.1	iSSON_1240.SSON_0299	35.4	641	350	14	9	620	18	623	1.05e-111	358
QHM27545.1	iYL1228.KPN_04203	33.9	590	366	9	120	698	70	646	5.07e-104	333
QHM27545.1	iPC815.YPO1581	33.2	566	361	7	137	698	95	647	6.93e-98	317
QHM27546.1	iNF517.LLMG_RS11220	46.2	463	242	6	9	470	2	458	4.91e-123	372
QHM27547.1	iLJ478.TM0282	28.0	336	232	6	12	338	18	352	1.70e-42	150
QHM27549.1	iML1515.b3001	52.2	341	159	3	1	337	2	342	1.57e-117	343
QHM27549.1	iSF_1195.SF3047	52.2	341	159	3	1	337	2	342	1.57e-117	343
QHM27549.1	iSSON_1240.SSON_3145	52.2	341	159	3	1	337	2	342	1.57e-117	343
QHM27549.1	iSbBS512_1146.SbBS512_E3430	51.6	341	161	3	1	337	2	342	2.56e-116	340
QHM27549.1	iYL1228.KPN_02741	54.9	317	141	2	12	327	1	316	1.63e-115	337
QHM27551.1	iNF517.LLMG_RS01985	55.0	171	75	2	581	750	4	173	1.24e-50	177
QHM27552.1	iNF517.LLMG_RS01990	38.5	296	180	2	7	301	11	305	5.91e-69	217
QHM27553.1	iHN637.CLJU_RS14190	48.8	244	123	2	1	242	1	244	3.20e-67	208
QHM27553.1	STM_v1_0.STM1358	46.1	243	130	1	5	246	4	246	8.28e-67	207
QHM27553.1	iYL1228.KPN_00073	45.6	250	135	1	1	249	5	254	1.82e-66	206
QHM27553.1	iCN900.CD630_22170	43.7	247	138	1	1	246	1	247	1.18e-64	201
QHM27553.1	iSSON_1240.SSON_1461	44.0	243	135	1	5	246	4	246	6.11e-64	199
QHM27553.1	iSbBS512_1146.SbBS512_E1896	43.6	243	136	1	5	246	4	246	1.22e-63	199
QHM27553.1	iML1515.b1693	43.2	243	137	1	5	246	4	246	4.91e-63	197
QHM27553.1	iSDY_1059.SDY_1474	43.2	243	137	1	5	246	4	246	1.39e-62	196
QHM27553.1	iSF_1195.SF1723	43.2	243	137	1	5	246	4	246	1.39e-62	196
QHM27553.1	iYO844.BSU23080	41.0	249	146	1	5	252	4	252	1.57e-59	188
QHM27554.1	iHN637.CLJU_RS14185	61.0	287	112	0	1	287	1	287	4.45e-119	343
QHM27554.1	iYL1228.KPN_00075	60.1	288	114	1	1	288	1	287	1.71e-115	333
QHM27556.1	iYS854.USA300HOU_RS03755	24.5	347	242	9	61	398	43	378	1.41e-05	46.6
QHM27557.1	iCN900.CD630_27080	58.5	284	118	0	5	288	3	286	6.13e-111	322
QHM27558.1	iCN900.CD630_27080	61.2	278	107	1	5	281	3	280	8.37e-118	339
QHM27559.1	iHN637.CLJU_RS17225	31.3	249	169	2	6	254	4	250	1.37e-38	135
QHM27559.1	iSynCJ816.SGL_RS07245	33.3	249	158	4	8	254	4	246	2.51e-38	134
QHM27559.1	iLJ478.TM1724	33.1	245	161	2	8	252	3	244	1.35e-37	132
QHM27559.1	iML1515.b4266	29.5	254	178	1	3	256	2	254	3.25e-37	132
QHM27559.1	iSSON_1240.SSON_4451	29.5	254	178	1	3	256	2	254	3.25e-37	132
QHM27559.1	iAF987.Gmet_1531	33.3	255	152	5	7	254	3	246	2.38e-35	127
QHM27559.1	iCN718.ABAYE_RS09790	29.1	254	169	2	8	251	5	257	1.85e-33	122
QHM27559.1	iCN900.CD630_26790	29.5	254	164	3	10	251	4	254	2.42e-33	122
QHM27560.1	iCN900.CD630_27100	49.6	272	134	2	6	276	10	279	8.25e-90	268
QHM27564.1	iEK1008.Rv1288	33.1	139	80	7	30	158	190	325	1.83e-08	54.3
QHM27566.1	iYO844.BSU38390	37.2	441	248	8	4	427	5	433	5.01e-85	267
QHM27566.1	iCN900.CD630_30480	35.4	429	258	5	15	428	17	441	6.82e-83	261
QHM27566.1	iYO844.BSU38580	36.2	434	258	8	8	429	9	435	4.64e-81	257
QHM27567.1	iYS854.USA300HOU_RS01010	51.6	289	140	0	25	313	5	293	1.40e-95	284
QHM27567.1	iSDY_1059.SDY_2624	50.2	293	146	0	21	313	3	295	3.60e-88	265
QHM27567.1	iML1515.b2428	50.9	291	143	0	23	313	5	295	5.10e-88	265
QHM27567.1	iSF_1195.SF2481	50.2	293	146	0	21	313	3	295	5.10e-88	265
QHM27567.1	iSbBS512_1146.SbBS512_E2800	50.2	293	146	0	21	313	3	295	7.22e-88	265
QHM27567.1	iSSON_1240.SSON_2517	49.8	293	147	0	21	313	3	295	4.11e-87	263
QHM27567.1	iCN900.CD630_30460	48.8	293	150	0	21	313	6	298	1.41e-86	261
QHM27568.1	iCN900.CD630_15850	30.2	172	110	5	1	165	1	169	4.37e-10	59.3
QHM27570.1	iYO844.BSU39260	52.8	483	204	5	8	485	6	469	1.45e-183	521
QHM27570.1	iCN900.CD630_03890	51.9	486	226	5	8	485	2	487	5.27e-176	503
QHM27570.1	iML1515.b2716	51.1	479	222	5	10	485	4	473	7.00e-168	481
QHM27570.1	iSDY_1059.SDY_2912	51.4	479	221	5	10	485	4	473	9.92e-168	481
QHM27570.1	iCN900.CD630_31240	50.8	482	223	5	9	485	4	476	2.53e-166	478
QHM27570.1	iML1515.b3721	51.9	482	207	8	8	485	2	462	1.31e-164	473
QHM27570.1	iCN900.CD630_30960	50.5	477	226	4	12	485	5	474	4.89e-163	469
QHM27571.1	iCN900.CD630_08160	42.8	621	333	6	1	606	1	614	1.09e-164	484
QHM27571.1	iSSON_1240.SSON_3912	43.5	621	324	6	4	604	2	615	9.82e-163	479
QHM27571.1	iML1515.b3722	43.6	621	323	7	4	604	2	615	1.57e-161	476
QHM27571.1	iSF_1195.SF3733	43.0	621	327	6	4	604	2	615	1.27e-157	466
QHM27571.1	iYO844.BSU39270	40.3	598	341	4	1	592	1	588	2.50e-147	439
QHM27573.1	iYO844.BSU39260	60.0	473	175	6	4	476	8	466	3.62e-200	563
QHM27573.1	iCN900.CD630_30960	54.5	470	208	4	8	476	7	471	2.96e-188	533
QHM27574.1	iYO844.BSU39260	55.9	483	186	6	10	486	8	469	2.25e-190	538
QHM27574.1	iCN900.CD630_31240	53.9	484	212	5	6	486	1	476	4.60e-182	518
QHM27574.1	iCN900.CD630_03890	51.8	485	227	5	10	487	4	488	8.91e-180	512
QHM27574.1	iML1515.b2716	52.0	479	219	5	10	486	4	473	1.27e-178	509
QHM27574.1	iSDY_1059.SDY_2912	52.0	479	219	5	10	486	4	473	1.27e-178	509
QHM27574.1	iCN900.CD630_30960	53.6	478	211	5	12	486	5	474	7.27e-178	507
QHM27574.1	STM_v1_0.STM3051	52.2	483	212	5	11	486	7	477	4.31e-175	500
QHM27574.1	iML1515.b2901	52.8	483	209	5	11	486	9	479	6.54e-175	499
QHM27574.1	iSF_1195.SF2887	52.7	484	208	6	11	486	7	477	9.95e-174	496
QHM27574.1	iSbBS512_1146.SbBS512_E3322	52.7	484	208	6	11	486	9	479	1.51e-173	496
QHM27574.1	iSSON_1240.SSON_3054	52.5	482	210	5	12	486	10	479	6.10e-173	494
QHM27574.1	iYL1228.KPN_03330	52.3	484	210	7	11	486	7	477	9.28e-172	491
QHM27574.1	iYO844.BSU40110	50.3	489	216	6	11	486	5	479	1.41e-171	491
QHM27574.1	iNF517.LLMG_RS02245	50.8	488	213	7	12	486	5	478	1.93e-171	491
QHM27575.1	iCN900.CD630_30970	47.3	645	309	5	3	645	4	619	8.91e-200	576
QHM27575.1	iCN900.CD630_31250	42.9	648	337	8	3	645	4	623	2.48e-184	536
QHM27577.1	iEK1008.Rv3401	31.6	722	449	14	20	713	28	732	2.01e-95	313
QHM27579.1	iYO844.BSU06160	23.4	128	93	2	41	167	32	155	2.59e-05	46.2
QHM27579.1	STM_v1_0.STM4299	21.5	200	148	5	30	225	2	196	3.48e-05	45.8
QHM27580.1	iCHOv1.100770033	31.5	606	372	11	144	711	223	823	6.64e-106	345
QHM27580.1	iCHOv1.100752162	31.7	616	372	12	139	713	271	878	5.11e-102	335
QHM27582.1	iYO844.BSU39540	32.4	330	215	6	1	324	1	328	6.67e-50	168
QHM27583.1	iML1515.b3697	39.6	265	157	2	4	267	3	265	1.84e-58	187
QHM27584.1	iNF517.LLMG_RS04440	59.8	664	260	3	1	664	1	657	5.07e-287	798
QHM27584.1	iYO844.BSU17890	59.9	659	261	3	3	659	2	659	2.83e-286	797
QHM27584.1	iYS854.USA300HOU_RS06830	55.1	666	293	6	1	664	1	662	1.04e-255	719
QHM27585.1	iHN637.CLJU_RS19520	58.6	210	87	0	1	210	1	210	6.13e-84	248
QHM27585.1	iLJ478.TM0295	57.1	212	91	0	1	212	1	212	1.36e-83	247
QHM27585.1	iCN900.CD630_23290	57.1	210	90	0	1	210	1	210	3.44e-81	241
QHM27585.1	iAF987.Gmet_0497	57.6	210	89	0	1	210	1	210	5.28e-80	238
QHM27585.1	iYO844.BSU37110	57.6	210	88	1	1	209	1	210	7.01e-80	237
QHM27586.1	iML1515.b4085	51.9	214	103	0	4	217	1	214	1.99e-77	232
QHM27587.1	iJN1463.PP_0795	43.7	339	179	6	12	346	241	571	2.88e-45	163
QHM27587.1	iYL1228.KPN_02598	35.0	334	205	5	12	341	227	552	1.65e-44	160
QHM27587.1	iPC815.YPO1300	41.6	334	183	5	12	341	232	557	6.19e-44	159
QHM27587.1	iSDY_1059.SDY_2315	41.9	334	182	6	12	341	228	553	1.14e-43	158
QHM27587.1	iSSON_1240.SSON_2223	41.3	334	184	6	12	341	228	553	1.14e-43	158
QHM27587.1	iML1515.b2167	41.3	334	184	6	12	341	228	553	1.58e-43	158
QHM27587.1	iSbBS512_1146.SbBS512_E0796	41.3	334	184	6	12	341	228	553	1.58e-43	158
QHM27587.1	iSF_1195.SF2252	41.3	334	184	6	12	341	228	553	1.58e-43	158
QHM27587.1	STM_v1_0.STM2204	40.5	333	188	5	12	341	227	552	5.48e-42	154
QHM27588.1	iCN900.CD630_25670	45.1	102	56	0	1	102	1	102	2.62e-27	95.9
QHM27588.1	iCN900.CD630_30140	43.7	103	58	0	2	104	4	106	2.93e-27	95.9
QHM27588.1	iHN637.CLJU_RS12835	46.2	104	56	0	1	104	1	104	5.89e-27	95.1
QHM27588.1	iYO844.BSU12010	43.8	96	53	1	1	96	1	95	4.19e-22	89.0
QHM27588.1	iCN900.CD630_02080	44.4	99	55	0	1	99	1	99	2.00e-24	88.6
QHM27589.1	iYO844.BSU12010	34.8	141	91	1	6	146	502	641	6.65e-22	90.5
QHM27589.1	iCN900.CD630_30150	31.3	147	100	1	6	152	3	148	7.17e-24	90.5
QHM27591.1	iYS854.USA300HOU_RS11635	23.1	464	311	18	5	442	6	449	5.57e-16	80.5
QHM27592.1	iCN900.CD630_23230	56.0	343	151	0	18	360	1	343	1.98e-137	394
QHM27593.1	iCN900.CD630_23250	58.4	418	174	0	1	418	1	418	3.26e-172	488
QHM27594.1	iCN900.CD630_23260	61.8	89	32	1	1	89	1	87	1.90e-30	103
QHM27594.1	iCN900.CD630_10830	57.3	89	36	1	1	89	1	87	8.95e-29	99.0
QHM27595.1	iCN900.CD630_23270	45.6	136	74	0	6	141	1	136	1.07e-37	125
QHM27597.1	iLB1027_lipid.PHATRDRAFT_36257	49.1	815	367	10	21	792	24	833	1.01e-280	795
QHM27597.1	iSynCJ816.SGL_RS18020	48.8	780	390	7	18	792	28	803	1.09e-277	786
QHM27599.1	iYO844.BSU40850	48.9	186	93	2	1	186	1	184	7.26e-63	192
QHM27599.1	iYL1228.KPN_00440	47.6	185	95	2	2	186	1	183	3.88e-56	175
QHM27600.1	iHN637.CLJU_RS00585	61.1	468	182	0	1	468	1	468	1.01e-209	588
QHM27601.1	iHN637.CLJU_RS00590	59.5	232	94	0	1	232	1	232	2.14e-97	283
QHM27601.1	iPC815.YPO3326	60.2	231	91	1	1	230	1	231	3.19e-89	263
QHM27601.1	iYO844.BSU28780	58.0	231	95	1	1	231	1	229	6.01e-89	262
QHM27601.1	iML1515.b0061	57.1	231	98	1	1	230	1	231	6.04e-87	257
QHM27601.1	iSbBS512_1146.SbBS512_E0053	56.7	231	99	1	1	230	1	231	6.04e-87	257
QHM27601.1	iSDY_1059.SDY_0088	57.1	231	98	1	1	230	1	231	8.57e-87	256
QHM27601.1	iSSON_1240.SSON_0067	56.7	231	99	1	1	230	1	231	1.72e-86	256
QHM27601.1	STM_v1_0.STM0101	57.1	231	98	1	1	230	1	231	2.45e-86	255
QHM27601.1	iSF_1195.SF0056	56.7	231	99	1	1	230	1	231	2.45e-86	255
QHM27602.1	iHN637.CLJU_RS00595	53.1	524	245	1	5	527	6	529	7.08e-200	567
QHM27603.1	iHN637.CLJU_RS08975	41.6	449	245	8	6	449	4	440	3.43e-104	317
QHM27605.1	iYS854.USA300HOU_RS01690	57.3	213	90	1	13	225	6	217	1.29e-75	227
QHM27606.1	iAF987.Gmet_1754	28.6	353	240	8	12	355	3	352	3.08e-36	137
QHM27606.1	iML1515.b2542	26.2	382	276	5	13	390	7	386	3.17e-35	133
QHM27606.1	iSSON_1240.SSON_2624	25.7	382	278	5	13	390	7	386	3.07e-34	130
QHM27611.1	iYO844.BSU08820	56.5	476	205	2	4	478	5	479	1.29e-199	562
QHM27611.1	iAF692.Mbar_A0814	53.0	485	214	7	5	481	10	488	1.76e-180	514
QHM27612.1	iJN1463.PP_1645	23.7	114	87	0	2	115	4	117	1.90e-07	46.6
QHM27617.1	iCN900.CD630_20200	42.5	668	300	8	80	669	166	827	2.63e-160	484
QHM27619.1	STM_v1_0.STM1620	57.2	367	149	2	7	365	27	393	2.67e-133	386
QHM27620.1	iNF517.LLMG_RS11635	48.8	566	284	2	1	565	1	561	9.13e-183	527
QHM27622.1	iNF517.LLMG_RS11635	46.6	580	304	4	9	588	2	575	5.42e-174	505
QHM27625.1	iHN637.CLJU_RS20985	47.9	267	138	1	7	273	14	279	5.03e-103	301
QHM27626.1	iHN637.CLJU_RS20990	53.4	410	191	0	11	420	9	418	5.21e-171	485
QHM27626.1	STM_v1_0.STM4046	51.6	417	202	0	4	420	2	418	5.73e-163	464
QHM27626.1	iYL1228.KPN_04212	51.1	417	204	0	4	420	2	418	1.24e-159	456
QHM27626.1	iSSON_1240.SSON_4073	50.4	417	207	0	4	420	2	418	1.76e-159	456
QHM27626.1	iML1515.b3903	50.1	413	206	0	4	416	2	414	4.08e-158	452
QHM27626.1	iSF_1195.SF3980	50.1	417	208	0	4	420	2	418	4.08e-158	452
QHM27626.1	iPC815.YPO0329	50.4	417	207	0	4	420	2	418	1.12e-157	451
QHM27628.1	iYO844.BSU31200	52.4	475	226	0	4	478	3	477	6.29e-182	518
QHM27628.1	iHN637.CLJU_RS20995	48.8	480	244	1	1	480	1	478	2.79e-165	475
QHM27629.1	iYO844.BSU39710	47.3	412	210	3	12	418	14	423	7.79e-126	371
QHM27632.1	iCN900.CD630_00410	27.9	154	109	2	1	153	1	153	5.63e-20	80.5
QHM27632.1	iYS854.USA300HOU_RS01275	31.2	141	93	2	4	143	3	140	1.77e-18	76.6
QHM27633.1	iSbBS512_1146.SbBS512_E1145	30.3	99	58	4	3	99	4	93	7.97e-04	35.4
QHM27634.1	iCN900.CD630_00430	35.3	400	254	5	7	402	3	401	1.16e-70	232
QHM27634.1	iYL1228.KPN_03550	31.6	431	284	4	7	426	5	435	1.74e-68	226
QHM27634.1	STM_v1_0.STM3260	32.3	402	261	4	7	397	5	406	4.70e-67	223
QHM27634.1	iYS854.USA300HOU_RS01285	33.9	389	251	3	12	396	12	398	3.71e-66	219
QHM27634.1	iCN900.CD630_23250	33.0	409	262	5	1	397	1	409	1.16e-65	218
QHM27634.1	iSbBS512_1146.SbBS512_E1146	32.6	402	260	4	7	397	5	406	4.51e-65	217
QHM27634.1	iSF_1195.SF2154	32.6	402	260	4	7	397	5	406	9.28e-64	214
QHM27636.1	STM_v1_0.STM0101	26.6	109	75	3	44	151	24	128	2.11e-06	47.0
QHM27637.1	iYS854.USA300HOU_RS07270	46.3	160	81	2	3	157	4	163	7.13e-43	139
QHM27639.1	iCN900.CD630_30610	40.2	82	49	0	3	84	440	521	4.53e-14	69.3
QHM27639.1	iYL1228.KPN_04086	45.9	74	40	0	10	83	493	566	3.34e-12	63.9
QHM27639.1	iYO844.BSU08200	43.8	80	45	0	6	85	447	526	4.40e-12	63.5
QHM27641.1	iYS854.USA300HOU_RS01685	19.1	236	178	4	17	248	17	243	1.02e-04	42.4
QHM27642.1	iYO844.BSU08200	54.7	536	232	4	1	535	1	526	3.77e-204	582
QHM27642.1	iYL1228.KPN_04086	51.8	537	243	6	1	534	44	567	1.64e-183	531
QHM27642.1	iCN900.CD630_30610	49.3	534	258	4	1	534	1	521	4.59e-183	528
QHM27643.1	iYL1228.KPN_04085	66.1	439	148	1	4	442	2	439	2.29e-217	604
QHM27643.1	iYO844.BSU08180	62.9	442	163	1	1	442	1	441	4.42e-210	586
QHM27643.1	iCN900.CD630_30600	59.6	443	179	0	1	443	1	443	1.90e-200	561
QHM27644.1	iEK1008.Rv3400	24.4	213	134	6	2	190	23	232	1.48e-09	56.2
QHM27646.1	iYO844.BSU08200	55.9	528	224	3	1	523	1	524	1.94e-208	592
QHM27647.1	iYL1228.KPN_04085	65.6	439	150	1	8	446	2	439	2.93e-214	596
QHM27647.1	iYO844.BSU08180	62.6	439	163	1	8	446	4	441	6.91e-208	580
QHM27647.1	iCN900.CD630_30600	59.2	436	178	0	12	447	8	443	1.97e-196	551
QHM27647.1	iCN900.CD630_08640	58.8	442	175	2	9	446	3	441	7.91e-191	537
QHM27648.1	iYL1228.KPN_04156	25.6	266	170	10	60	309	25	278	2.81e-10	60.1
QHM27648.1	STM_v1_0.STM3884	25.9	259	164	10	60	302	25	271	1.72e-08	54.7
QHM27649.1	iYO844.BSU06160	26.0	262	165	10	41	292	32	274	3.16e-09	58.5
QHM27649.1	iYL1228.KPN_04506	23.9	213	147	7	30	238	2	203	3.04e-08	55.5
QHM27650.1	iYO844.BSU07810	49.1	566	259	10	4	557	8	556	2.05e-192	550
QHM27650.1	iYO844.BSU34560	48.1	565	271	9	1	553	1	555	9.45e-191	546
QHM27650.1	iCN900.CD630_30910	48.2	569	269	11	1	558	1	554	1.88e-186	535
QHM27650.1	iYS854.USA300HOU_RS02395	48.6	521	251	7	5	524	7	511	6.28e-180	518
QHM27650.1	iYL1228.KPN_04651	46.8	560	267	13	4	553	7	545	8.50e-179	515
QHM27650.1	iSbBS512_1146.SbBS512_E4844	45.8	557	277	10	4	553	7	545	1.57e-176	509
QHM27650.1	iSDY_1059.SDY_4258	46.0	557	276	10	4	553	7	545	1.57e-176	509
QHM27650.1	iSF_1195.SF4251	45.7	558	276	10	4	553	7	545	2.23e-176	509
QHM27650.1	iML1515.b4239	45.5	558	277	10	4	553	7	545	1.80e-175	506
QHM27650.1	iSSON_1240.SSON_4420	45.5	558	277	10	4	553	7	545	1.80e-175	506
QHM27650.1	iYS854.USA300HOU_RS08055	46.6	562	273	10	2	555	3	545	1.36e-174	504
QHM27650.1	STM_v1_0.STM4453	44.9	555	285	8	4	553	6	544	5.64e-174	503
QHM27651.1	iYS854.USA300HOU_RS11865	33.9	478	273	15	5	457	6	465	2.52e-71	233
QHM27651.1	iNF517.LLMG_RS01005	31.7	479	299	12	1	460	6	475	2.52e-69	228
QHM27652.1	iYL1228.KPN_02823	31.5	298	178	7	4	288	3	287	5.49e-34	125
QHM27652.1	iCN900.CD630_22360	30.5	292	184	8	7	286	7	291	1.56e-31	118
QHM27653.1	iSF_1195.SF0565	26.7	909	573	25	5	881	6	853	9.01e-85	290
QHM27653.1	iML1515.b0732	26.4	909	576	25	5	881	6	853	4.49e-84	288
QHM27657.1	iYS854.USA300HOU_RS01090	60.7	369	139	3	1	367	1	365	7.02e-148	422
QHM27658.1	iNF517.LLMG_RS05120	53.4	290	126	5	1	285	1	286	2.25e-100	295
QHM27659.1	iAF987.Gmet_1919	31.9	94	62	1	40	131	38	131	1.04e-08	56.6
QHM27659.1	iAF987.Gmet_3476	24.4	135	97	3	3	135	11	142	1.35e-08	56.6
QHM27659.1	iAF987.Gmet_0069	31.7	120	78	3	1	117	1	119	4.90e-08	54.3
QHM27662.1	iNF517.LLMG_RS03830	54.3	536	235	5	1	536	1	526	3.92e-208	588
QHM27664.1	iYO844.BSU06990	26.4	292	187	10	20	304	26	296	1.76e-19	86.3
QHM27664.1	iYO844.BSU30290	26.7	288	173	10	28	305	17	276	6.04e-18	81.6
QHM27664.1	iYS854.USA300HOU_RS01105	28.9	256	158	6	55	305	43	279	6.30e-18	81.6
QHM27664.1	iYO844.BSU28730	27.8	291	176	9	24	305	16	281	8.88e-18	81.3
QHM27664.1	iEK1008.Rv2317	27.0	282	179	7	27	304	16	274	8.07e-18	81.3
QHM27664.1	iEK1008.Rv2834c	26.1	272	177	7	37	305	25	275	8.18e-18	81.3
QHM27665.1	iYO844.BSU30280	28.8	288	186	7	41	318	25	303	2.60e-28	110
QHM27668.1	iJN1463.PP_4935	34.7	510	308	10	82	581	106	600	1.00e-81	267
QHM27668.1	iPC815.YPO1395	33.1	522	330	8	61	573	70	581	1.29e-80	264
QHM27668.1	STM_v1_0.STM0984	31.1	530	354	7	48	573	59	581	3.70e-79	260
QHM27668.1	iAF987.Gmet_2349	30.6	578	387	6	1	572	1	570	1.09e-78	258
QHM27668.1	iML1515.b0914	31.1	530	354	7	48	573	59	581	4.06e-77	254
QHM27668.1	iSbBS512_1146.SbBS512_E2410	31.1	530	354	7	48	573	59	581	4.06e-77	254
QHM27668.1	iSDY_1059.SDY_2344	31.1	530	354	7	48	573	59	581	4.06e-77	254
QHM27668.1	iSF_1195.SF0910	31.1	530	354	7	48	573	59	581	4.06e-77	254
QHM27668.1	iSSON_1240.SSON_0916	31.1	530	354	7	48	573	59	581	5.67e-77	254
QHM27668.1	iYL1228.KPN_00941	31.1	534	349	9	48	573	59	581	1.55e-76	253
QHM27669.1	iAF987.Gmet_2349	31.4	574	381	5	22	589	4	570	3.18e-89	286
QHM27670.1	STM_v1_0.STM3884	27.8	198	129	7	151	343	107	295	1.10e-05	46.2
QHM27670.1	iML1515.b3751	27.9	197	128	7	152	343	108	295	6.20e-05	43.9
QHM27672.1	iCN900.CD630_07670	35.9	117	75	0	7	123	3	119	1.01e-20	80.5
QHM27673.1	iYL1228.KPN_03038	51.7	331	150	4	8	337	4	325	1.09e-107	317
QHM27673.1	iML1515.b2703	53.2	331	138	5	8	337	4	318	5.68e-106	312
QHM27673.1	iSbBS512_1146.SbBS512_E3174	53.2	331	138	5	8	337	4	318	5.68e-106	312
QHM27673.1	STM_v1_0.STM2833	51.4	331	148	4	8	337	4	322	7.43e-105	310
QHM27673.1	iSSON_1240.SSON_2847	52.6	331	140	5	8	337	4	318	2.63e-104	308
QHM27674.1	iCN900.CD630_07640	53.1	179	84	0	2	180	6	184	7.36e-65	197
QHM27674.1	iYL1228.KPN_03037	51.4	181	88	0	3	183	4	184	1.24e-63	194
QHM27674.1	STM_v1_0.STM2832	49.7	183	92	0	1	183	2	184	7.15e-63	192
QHM27674.1	iML1515.b2702	49.7	183	92	0	1	183	2	184	8.25e-62	189
QHM27674.1	iSbBS512_1146.SbBS512_E3175	49.7	183	92	0	1	183	2	184	8.25e-62	189
QHM27674.1	iSSON_1240.SSON_2846	49.7	183	92	0	1	183	2	184	8.25e-62	189
QHM27677.1	iCN900.CD630_11820	37.3	268	134	4	6	263	2	245	2.02e-41	142
QHM27677.1	iLJ478.TM1724	37.5	272	127	5	6	263	1	243	3.71e-41	141
QHM27678.1	iYS854.USA300HOU_RS01410	66.1	292	97	2	1	292	1	290	2.14e-134	382
QHM27679.1	iYS854.USA300HOU_RS01405	56.0	134	56	2	1	131	1	134	4.52e-46	145
QHM27680.1	iYS854.USA300HOU_RS01400	47.3	300	156	2	2	300	3	301	2.60e-84	255
QHM27680.1	STM_v1_0.STM3885	46.8	297	156	2	6	302	9	303	5.80e-79	242
QHM27680.1	iML1515.b3752	45.7	300	161	2	3	302	6	303	4.65e-78	239
QHM27680.1	iSSON_1240.SSON_3922	45.7	300	161	2	3	302	6	303	4.65e-78	239
QHM27680.1	iSbBS512_1146.SbBS512_E4167	45.6	298	160	2	3	300	6	301	1.32e-77	238
QHM27680.1	iSF_1195.SF3835	45.3	300	162	2	3	302	11	308	1.54e-77	238
QHM27680.1	iYL1228.KPN_04157	44.4	297	163	2	4	300	8	302	2.47e-75	233
QHM27680.1	iSDY_1059.SDY_3995	44.7	300	164	2	3	302	6	303	9.59e-75	231
QHM27680.1	iPC815.YPO0008	45.8	297	159	2	4	300	6	300	2.63e-74	230
QHM27681.1	iYO844.BSU35960	27.6	221	144	8	62	272	35	249	9.21e-14	70.5
QHM27682.1	iYS854.USA300HOU_RS00795	60.0	847	337	2	16	861	21	866	0.0	1008
QHM27685.1	iNF517.LLMG_RS11035	74.7	150	38	0	3	152	2	151	1.01e-88	256
QHM27686.1	iEK1008.Rv3536c	31.9	210	131	6	56	261	57	258	2.29e-16	76.3
QHM27686.1	iYL1228.KPN_02119	30.6	258	160	6	12	260	9	256	3.49e-16	75.9
QHM27686.1	iSSON_1240.SSON_0329	27.0	233	159	5	39	266	38	264	1.16e-14	71.6
QHM27686.1	iML1515.b0350	27.2	213	147	4	56	266	56	262	5.46e-14	69.7
QHM27688.1	iYS854.USA300HOU_RS04050	37.3	279	172	3	1	277	1	278	2.33e-53	175
QHM27698.1	iHN637.CLJU_RS10635	34.8	92	52	4	225	314	2	87	3.41e-04	42.7
QHM27698.1	iIT341.HP0687	34.7	95	51	4	225	314	4	92	4.62e-04	42.4
QHM27698.1	iAF987.Gmet_2444	33.7	89	58	1	224	312	21	108	8.11e-04	41.6
QHM27700.1	iYS854.USA300HOU_RS12610	50.0	38	19	0	32	69	43	80	4.35e-04	42.0
QHM27700.1	iJN1463.PP_4281	26.8	97	67	2	296	388	307	403	7.83e-04	41.2
QHM27700.1	iSSON_1240.SSON_3036	27.9	104	68	3	287	383	1	104	6.02e-04	39.7
QHM27701.1	iYS854.USA300HOU_RS04910	32.6	484	316	7	65	543	59	537	3.58e-73	242
QHM27717.1	iNF517.LLMG_RS04525	51.6	258	125	0	7	264	7	264	6.72e-91	269
QHM27718.1	iNF517.LLMG_RS04530	54.6	412	183	2	4	411	2	413	2.07e-150	432
QHM27718.1	iHN637.CLJU_RS02950	54.0	404	183	1	11	411	14	417	4.01e-144	416
QHM27718.1	iLJ478.TM0293	48.3	414	211	1	1	411	1	414	1.91e-136	396
QHM27718.1	iYO844.BSU13130	51.6	405	191	2	11	411	11	414	2.19e-135	394
QHM27720.1	iYS854.USA300HOU_RS04910	31.4	519	345	7	10	522	9	522	1.53e-73	243
QHM27722.1	iYO844.BSU30980	42.2	625	347	4	13	632	12	627	1.09e-181	528
QHM27722.1	iJN1463.PP_4058	43.8	593	324	4	39	623	144	735	1.02e-176	519
QHM27722.1	iSynCJ816.SGL_RS12820	40.4	646	340	8	13	622	115	751	5.18e-174	513
QHM27722.1	iPC815.YPO3942	44.0	587	311	10	12	587	110	689	4.50e-167	494
QHM27722.1	iEK1008.Rv1326c	43.0	589	325	6	39	623	149	730	4.05e-166	492
QHM27722.1	iML1515.b3432	40.7	619	349	9	12	619	110	721	4.15e-165	489
QHM27722.1	iSSON_1240.SSON_3672	40.7	619	349	9	12	619	110	721	4.15e-165	489
QHM27722.1	iSF_1195.SF3455	40.7	619	349	9	12	619	110	721	8.28e-165	488
QHM27722.1	iSDY_1059.SDY_3578	40.7	619	349	9	12	619	110	721	2.33e-164	487
QHM27722.1	iSbBS512_1146.SbBS512_E3892	40.5	619	350	9	12	619	110	721	6.58e-164	486
QHM27722.1	STM_v1_0.STM3538	40.6	621	347	9	12	619	110	721	2.62e-163	484
QHM27722.1	iYL1228.KPN_03798	41.6	586	324	8	13	587	111	689	3.29e-161	479
QHM27723.1	iNF517.LLMG_RS09380	62.1	375	141	1	1	375	1	374	9.60e-169	476
QHM27724.1	iNF517.LLMG_RS09375	31.8	374	246	3	5	377	6	371	2.77e-66	214
QHM27725.1	iNF517.LLMG_RS09370	51.7	480	228	3	3	479	2	480	1.09e-166	478
QHM27726.1	iNF517.LLMG_RS09365	52.3	795	376	2	1	792	1	795	5.84e-297	835
QHM27727.1	iNF517.LLMG_RS09360	47.9	560	277	7	5	558	4	554	7.56e-181	524
QHM27729.1	iML1515.b3826	28.8	243	160	7	1	232	1	241	5.60e-17	77.8
QHM27729.1	iSDY_1059.SDY_3917	28.4	243	161	7	1	232	1	241	1.06e-16	77.0
QHM27729.1	iSF_1195.SF3904	28.8	243	160	7	1	232	1	241	1.47e-16	76.6
QHM27729.1	iSbBS512_1146.SbBS512_E4293	28.4	243	161	7	1	232	1	241	2.02e-16	76.3
QHM27729.1	iSSON_1240.SSON_4000	28.4	243	161	7	1	232	1	241	2.78e-16	75.9
QHM27730.1	iYO844.BSU34550	44.0	209	117	0	7	215	1	209	2.52e-57	181
QHM27730.1	iCN900.CD630_21890	41.9	217	126	0	7	223	2	218	7.43e-54	172
QHM27730.1	iCN900.CD630_31280	42.5	207	119	0	7	213	1	207	1.93e-53	171
QHM27730.1	iML1515.b1317	42.5	214	121	1	7	220	3	214	4.41e-51	164
QHM27731.1	iNF517.LLMG_RS02310	40.3	782	437	13	118	896	6	760	2.86e-186	555
QHM27735.1	iAF987.Gmet_0069	30.4	168	107	4	2	164	3	165	2.52e-17	79.0
QHM27735.1	iJN1463.PP_1494	34.7	118	73	2	4	117	20	137	3.38e-15	73.2
QHM27735.1	iAF987.Gmet_1706	35.3	119	70	3	3	117	2	117	1.49e-14	71.2
QHM27736.1	iAF987.Gmet_0043	28.8	257	158	8	368	608	19	266	2.25e-18	88.6
QHM27740.1	iEK1008.Rv0125	27.1	291	191	8	123	410	79	351	2.18e-19	88.6
QHM27756.1	iJN1463.PP_2490	22.7	203	125	5	12	213	36	207	1.28e-04	41.6
QHM27757.1	iAF987.Gmet_1657	23.9	109	78	1	12	115	9	117	6.17e-08	47.4
QHM27759.1	iNF517.LLMG_RS01985	51.7	180	85	2	1	179	1	179	4.27e-51	179
QHM27760.1	iYS854.USA300HOU_RS14620	49.8	470	235	1	1	469	1	470	1.08e-167	480
QHM27763.1	iAF987.Gmet_0521	45.2	124	68	0	3	126	4	127	1.14e-30	107
QHM27764.1	iCN900.CD630_26790	38.2	191	115	2	5	195	3	190	4.81e-40	139
QHM27766.1	iSynCJ816.SGL_RS08770	25.7	191	129	5	12	200	2	181	4.69e-17	75.9
QHM27768.1	iCN900.CD630_31280	43.0	207	118	0	7	213	1	207	2.40e-54	173
QHM27768.1	iML1515.b1317	44.4	214	117	1	7	220	3	214	2.13e-54	173
QHM27768.1	iYO844.BSU34550	41.6	209	122	0	7	215	1	209	8.44e-53	169
QHM27768.1	iCN900.CD630_21890	42.0	207	120	0	7	213	2	208	1.35e-51	166
QHM27768.1	iNF517.LLMG_RS02315	42.7	213	119	2	8	219	3	213	1.20e-48	158
QHM27769.1	iYO844.BSU39540	38.2	304	185	2	1	302	1	303	4.86e-68	216
QHM27770.1	iEK1008.Rv3737	22.8	394	260	12	46	416	53	425	4.12e-08	55.1
QHM27772.1	iYL1228.KPN_04780	30.4	497	294	16	4	470	20	494	1.61e-46	168
QHM27772.1	STM_v1_0.STM1099	30.0	497	296	16	4	470	20	494	1.13e-45	166
QHM27772.1	iSbBS512_1146.SbBS512_E4882	29.8	497	297	16	4	470	20	494	1.50e-44	163
QHM27772.1	iSSON_1240.SSON_4489	29.8	497	297	16	4	470	20	494	1.50e-44	163
QHM27774.1	iAF692.Mbar_A1837	35.4	192	112	3	1	180	1	192	3.43e-34	122
QHM27776.1	iYS854.USA300HOU_RS01080	30.5	187	125	5	1	187	1	182	3.23e-21	87.0
QHM27776.1	iYO844.BSU19230	32.8	198	118	6	20	210	19	208	1.33e-18	80.1
QHM27776.1	iNF517.LLMG_RS02035	29.4	160	105	4	1	158	1	154	3.15e-18	79.0
QHM27777.1	iSynCJ816.SGL_RS10930	27.4	687	412	15	7	620	14	686	1.68e-61	217
QHM27777.1	iSynCJ816.SGL_RS17200	27.2	690	414	15	7	620	12	689	2.46e-61	217
QHM27777.1	iEK1008.Rv0684	26.7	694	416	17	7	619	17	698	1.12e-54	198
QHM27783.1	iEK1008.Rv2048c	32.8	229	126	6	56	260	1409	1633	2.22e-25	107
QHM27783.1	iEK1008.Rv2933	29.5	288	162	11	61	331	1517	1780	5.64e-24	102
QHM27786.1	iJN1463.PP_5004	32.1	109	67	4	28	135	29	131	9.46e-08	52.0
QHM27789.1	iYS854.USA300HOU_RS04910	34.6	540	341	6	9	546	9	538	4.16e-100	313
QHM27794.1	iAF987.Gmet_2439	41.3	213	115	3	3	214	5	208	9.87e-46	152
QHM27794.1	iAF692.Mbar_A1219	38.1	202	120	2	1	201	1	198	5.12e-42	148
QHM27794.1	iAF692.Mbar_A2149	37.6	202	121	2	1	201	1	198	1.33e-41	147
QHM27796.1	iAF987.Gmet_2441	33.5	260	155	9	1	254	1	248	1.39e-23	99.0
QHM27798.1	iAF987.Gmet_3244	37.5	371	207	11	61	418	53	411	4.54e-53	182
QHM27799.1	iAF692.Mbar_A0762	40.4	218	123	5	28	239	35	251	6.74e-35	125
QHM27802.1	iLJ478.TM1429	41.9	227	124	4	6	228	5	227	1.52e-56	179
QHM27802.1	iYS854.USA300HOU_RS06540	44.3	219	114	4	6	220	5	219	5.90e-51	166
QHM27802.1	iNF517.LLMG_RS05570	39.2	227	130	4	4	226	7	229	2.85e-50	164
QHM27803.1	iSynCJ816.SGL_RS11255	42.3	52	30	0	26	77	306	357	7.58e-06	46.6
QHM27803.1	iLJ478.TM1253	24.8	153	94	3	19	158	316	460	4.28e-05	44.3
QHM27804.1	iEK1008.Rv3777	31.8	327	199	8	11	321	9	327	3.28e-32	122
QHM27804.1	iJN1463.PP_0072	33.4	308	179	8	28	320	27	323	3.09e-28	111
QHM27805.1	iYO844.BSU38300	40.8	260	150	3	6	263	10	267	9.40e-60	190
QHM27806.1	iNF517.LLMG_RS06150	50.4	262	129	1	1	262	1	261	1.40e-79	241
QHM27807.1	iYS854.USA300HOU_RS11295	41.5	207	113	5	5	207	2	204	1.81e-41	139
QHM27807.1	iNF517.LLMG_RS06155	41.2	194	110	2	10	200	8	200	5.86e-41	138
QHM27807.1	iYO844.BSU38290	38.6	197	111	5	10	202	13	203	5.63e-36	125
QHM27808.1	iHN637.CLJU_RS09415	24.8	307	199	6	58	334	79	383	2.47e-11	64.7
QHM27809.1	iJN1463.PP_3598	32.8	247	154	6	3	244	15	254	3.65e-37	131
QHM27811.1	iSynCJ816.SGL_RS14875	32.0	100	59	3	33	131	25	116	3.83e-11	57.4
QHM27811.1	iAF987.Gmet_0988	30.5	128	73	4	5	131	15	127	2.07e-10	55.5
QHM27811.1	iSynCJ816.SGL_RS05525	28.2	131	88	2	1	131	1	125	7.55e-10	53.9
QHM27812.1	iPC815.YPO3854	57.1	443	186	1	1	443	10	448	4.86e-177	503
QHM27812.1	iHN637.CLJU_RS08795	56.6	452	190	2	3	454	8	453	4.72e-173	493
QHM27814.1	iAF987.Gmet_0843	27.0	270	179	6	1	257	1	265	7.36e-19	83.2
QHM27815.1	iSynCJ816.SGL_RS08700	38.0	893	512	18	35	895	19	901	1.66e-160	493
QHM27815.1	iYO844.BSU15650	35.8	857	518	10	41	875	17	863	1.54e-160	492
QHM27815.1	iAF692.Mbar_A0500	34.8	896	536	14	44	903	18	901	4.87e-149	463
QHM27816.1	iAM_Pv461.PVX_080575	25.0	148	105	4	71	213	55	201	1.14e-05	45.1
QHM27816.1	iYS854.USA300HOU_RS00720	22.9	170	127	4	35	201	20	188	1.08e-05	45.1
QHM27816.1	iML1515.b4384	38.3	60	27	2	71	129	53	103	1.99e-05	44.3
QHM27816.1	iSbBS512_1146.SbBS512_E4931	38.3	60	27	2	71	129	53	103	1.99e-05	44.3
QHM27816.1	iSDY_1059.SDY_4644	38.3	60	27	2	71	129	53	103	1.99e-05	44.3
QHM27816.1	iSF_1195.SF4416	38.3	60	27	2	71	129	53	103	1.99e-05	44.3
QHM27816.1	iSSON_1240.SSON_4535	38.3	60	27	2	71	129	53	103	1.99e-05	44.3
QHM27816.1	iAM_Pc455.PCYB_102830	24.7	150	103	5	71	213	55	201	6.64e-05	42.7
QHM27816.1	iYL1228.KPN_04840	41.9	43	24	1	71	112	44	86	8.36e-05	42.4
QHM27816.1	STM_v1_0.STM4570	41.9	43	24	1	71	112	53	95	8.75e-05	42.4
QHM27816.1	iPC815.YPO0440	41.9	43	24	1	71	112	53	95	8.75e-05	42.4
QHM27816.1	iAM_Pb448.PBANKA_111300	23.6	148	107	4	71	213	54	200	2.17e-04	41.2
QHM27818.1	iML1515.b3713	35.5	110	65	2	67	170	60	169	2.18e-08	51.6
QHM27818.1	iMM904.YLR011W	26.5	162	108	4	3	155	2	161	4.24e-08	50.8
QHM27821.1	iYS854.USA300HOU_RS00620	25.2	381	269	3	11	382	7	380	9.67e-35	132
QHM27823.1	iJN1463.PP_0970	32.8	393	225	11	11	390	51	417	2.06e-46	164
QHM27825.1	iYO844.BSU33400	38.8	268	154	4	2	268	3	261	5.53e-62	196
QHM27825.1	iYO844.BSU29050	40.2	264	144	5	10	268	11	265	1.40e-60	193
QHM27825.1	iHN637.CLJU_RS08755	38.8	260	147	3	10	268	10	258	1.98e-60	192
QHM27825.1	iYS854.USA300HOU_RS03800	38.9	262	147	6	10	266	8	261	1.21e-55	180
QHM27825.1	iMM904.YOR120W	38.0	292	154	9	5	273	9	296	4.26e-55	180
QHM27826.1	iYO844.BSU39780	27.4	296	181	5	23	287	16	308	5.31e-32	120
QHM27831.1	iYS854.USA300HOU_RS04740	36.9	347	205	4	1	338	1	342	2.59e-73	232
QHM27832.1	iYS854.USA300HOU_RS14565	47.2	271	142	1	7	277	7	276	1.38e-83	251
QHM27833.1	iYS854.USA300HOU_RS14570	46.7	570	298	6	1	566	1	568	1.38e-176	510
QHM27841.1	iJN1463.PP_3073	35.0	263	153	7	3	258	1	252	1.87e-30	114
QHM27842.1	iYO844.BSU02750	35.4	206	127	4	20	219	19	224	2.19e-35	127
QHM27845.1	iYO844.BSU18260	25.0	368	243	9	1	337	1	366	1.01e-10	63.2
QHM27845.1	iAF987.Gmet_1712	27.5	120	87	0	394	513	185	304	4.91e-10	60.5
QHM27845.1	iCHOv1.100774097	24.0	287	194	7	73	337	110	394	2.56e-09	58.9
QHM27845.1	iMM1415.11409	24.1	295	200	7	65	337	102	394	2.56e-09	58.9
QHM27845.1	iCN900.CD630_10560	27.0	141	102	1	373	513	186	325	2.54e-09	58.5
QHM27845.1	iAF987.Gmet_2262	28.6	119	85	0	394	512	183	301	2.05e-09	58.5
QHM27845.1	iAF987.Gmet_3301	27.4	117	85	0	394	510	184	300	2.80e-09	58.2
QHM27845.1	iEK1008.Rv0873	28.9	197	125	5	63	245	116	311	1.47e-08	57.0
QHM27849.1	iNF517.LLMG_RS01335	45.9	314	167	2	16	327	16	328	7.98e-90	271
QHM27850.1	iYS854.USA300HOU_RS03515	47.3	311	152	5	1	310	2	301	1.47e-89	270
QHM27850.1	iNF517.LLMG_RS01335	43.5	331	181	4	3	331	2	328	2.96e-85	259
QHM27850.1	iSbBS512_1146.SbBS512_E1359	42.5	358	171	7	1	330	1	351	1.46e-84	259
QHM27850.1	iML1515.b1200	42.5	358	171	7	1	330	1	351	1.40e-84	259
QHM27850.1	iSF_1195.SF1203	41.9	358	173	6	1	330	11	361	3.78e-84	258
QHM27850.1	iYL1228.KPN_03495	41.2	354	181	4	1	330	1	351	1.12e-83	256
QHM27851.1	iNF517.LLMG_RS01350	48.7	189	96	1	1	188	1	189	1.86e-59	184
QHM27852.1	iNF517.LLMG_RS01355	45.1	122	67	0	1	122	1	122	2.32e-34	115
QHM27853.1	iYO844.BSU09280	47.3	226	114	3	1	224	1	223	9.71e-69	212
QHM27853.1	iNF517.LLMG_RS05570	45.7	234	122	3	4	235	8	238	2.17e-65	202
QHM27853.1	iLJ478.TM1429	44.8	232	123	3	1	230	1	229	1.70e-65	202
QHM27853.1	iYS854.USA300HOU_RS06540	49.5	222	107	3	1	220	1	219	2.18e-64	201
QHM27856.1	iYO844.BSU07810	36.5	564	330	13	5	555	8	556	1.58e-119	363
QHM27856.1	iYO844.BSU34560	36.9	529	316	10	5	524	4	523	1.39e-117	358
QHM27856.1	iCN900.CD630_30910	37.4	530	310	9	3	524	2	517	3.27e-117	357
QHM27856.1	iYS854.USA300HOU_RS08055	37.0	530	316	8	1	525	1	517	5.45e-117	357
QHM27856.1	iNF517.LLMG_RS03830	35.9	555	322	10	1	551	1	525	3.55e-116	354
QHM27856.1	iYL1228.KPN_04651	37.4	524	305	15	4	521	6	512	5.73e-107	331
QHM27857.1	iYO844.BSU34610	45.2	414	224	3	6	417	5	417	4.90e-123	362
QHM27858.1	iYO844.BSU34600	63.5	422	153	1	4	425	9	429	8.66e-184	518
QHM27859.1	iYO844.BSU34590	65.7	277	95	0	18	294	2	278	3.37e-125	358
QHM27861.1	iEK1008.Rv1327c	31.1	222	128	7	26	227	254	470	1.68e-20	94.0
QHM27861.1	iJN1463.PP_4060	31.5	213	119	7	15	201	210	421	3.82e-18	86.7
QHM27862.1	iYS854.USA300HOU_RS01090	57.3	368	144	4	1	363	1	360	1.01e-137	396
QHM27863.1	iNF517.LLMG_RS03850	57.5	756	311	5	1	756	4	749	0.0	897
QHM27863.1	iYO844.BSU34570	57.4	739	306	5	2	738	4	735	1.89e-313	873
QHM27863.1	iCN900.CD630_21880	54.7	753	329	6	1	745	1	749	1.96e-299	838
QHM27864.1	iCHOv1.100754028	25.3	438	259	14	120	552	134	508	1.27e-24	110
QHM27864.1	iMM1415.217364	26.2	428	248	14	130	552	220	584	7.75e-24	107
QHM27866.1	iYO844.BSU05860	46.7	289	150	1	2	286	1	289	1.46e-85	258
QHM27866.1	iNF517.LLMG_RS05120	46.8	282	144	4	4	282	6	284	3.22e-85	256
QHM27867.1	iPC815.YPO1581	34.5	455	282	8	207	654	174	619	1.31e-81	273
QHM27867.1	iYL1228.KPN_04203	32.2	546	350	7	166	698	128	666	4.72e-76	258
QHM27868.1	iYS854.USA300HOU_RS12870	53.8	476	208	7	1	468	1	472	8.45e-161	470
QHM27869.1	iYS854.USA300HOU_RS10990	35.8	486	299	8	3	483	4	481	1.50e-104	321
QHM27871.1	iYO844.BSU07810	51.4	562	250	10	7	557	8	557	1.57e-199	568
QHM27871.1	iYO844.BSU34560	49.4	555	271	7	6	552	3	555	2.72e-195	557
QHM27871.1	iYS854.USA300HOU_RS02395	47.9	549	270	7	8	554	7	541	5.32e-194	553
QHM27871.1	iYL1228.KPN_04651	49.5	556	254	9	7	552	7	545	7.71e-190	543
QHM27871.1	STM_v1_0.STM4453	48.2	556	261	10	7	552	6	544	2.96e-184	529
QHM27871.1	iML1515.b4239	48.0	552	268	8	7	552	7	545	8.69e-184	528
QHM27871.1	iCN900.CD630_30910	47.2	553	278	9	7	552	4	549	3.24e-182	524
QHM27871.1	iSF_1195.SF4251	47.8	552	269	8	7	552	7	545	2.83e-182	524
QHM27871.1	iSbBS512_1146.SbBS512_E4844	47.8	552	269	8	7	552	7	545	4.01e-182	523
QHM27871.1	iPC815.YPO3696	48.6	564	261	13	5	554	5	553	9.20e-182	523
QHM27871.1	iSSON_1240.SSON_4420	47.6	552	270	8	7	552	7	545	2.29e-181	521
QHM27871.1	iSDY_1059.SDY_4258	47.1	552	273	8	7	552	7	545	7.43e-180	518
QHM27871.1	iNF517.LLMG_RS03830	49.7	515	228	8	7	518	5	491	2.16e-179	516
QHM27872.1	iJN1463.PP_0072	23.2	297	207	6	6	281	7	303	4.88e-09	56.2
QHM27872.1	iNF517.LLMG_RS09975	29.7	165	83	6	61	194	59	221	1.70e-07	51.6
QHM27872.1	iEK1008.Rv2048c	26.2	168	121	1	16	183	1374	1538	5.58e-07	50.8
QHM27873.1	iYO844.BSU09680	38.1	441	272	1	70	509	10	450	5.64e-96	298
QHM27873.1	iCN900.CD630_04490	36.7	450	281	4	60	506	2	450	2.76e-88	279
QHM27874.1	iYO844.BSU34560	46.8	560	282	7	3	552	2	555	1.39e-192	550
QHM27874.1	iYO844.BSU07810	48.8	562	265	10	5	556	8	556	3.21e-191	547
QHM27874.1	iYL1228.KPN_04651	47.1	537	271	5	5	541	7	530	1.44e-179	517
QHM27874.1	STM_v1_0.STM4453	47.3	537	270	5	5	541	6	529	1.97e-179	516
QHM27874.1	iSbBS512_1146.SbBS512_E4844	46.7	537	273	5	5	541	7	530	4.68e-178	513
QHM27874.1	iSF_1195.SF4251	46.6	537	274	5	5	541	7	530	2.67e-177	511
QHM27874.1	iYS854.USA300HOU_RS02395	48.1	516	252	7	6	519	7	508	3.19e-177	511
QHM27874.1	iML1515.b4239	46.4	537	275	5	5	541	7	530	7.57e-177	510
QHM27874.1	iSSON_1240.SSON_4420	46.4	537	275	5	5	541	7	530	2.15e-176	509
QHM27874.1	iSDY_1059.SDY_4258	46.7	537	273	5	5	541	7	530	3.05e-176	508
QHM27874.1	iCN900.CD630_30910	48.9	515	251	8	5	517	4	508	1.60e-174	504
QHM27874.1	iPC815.YPO3696	46.5	555	276	9	5	551	7	548	5.19e-173	500
QHM27879.1	iYS854.USA300HOU_RS04910	39.7	504	297	5	53	553	41	540	7.19e-117	356
QHM27880.1	iYS854.USA300HOU_RS04910	39.0	503	300	5	54	553	42	540	4.16e-109	336
QHM27882.1	iHN637.CLJU_RS15095	41.4	391	222	4	1	387	1	388	5.25e-101	304
QHM27882.1	iNF517.LLMG_RS02945	39.6	391	231	3	2	387	3	393	3.36e-93	285
QHM27883.1	iNF517.LLMG_RS02940	49.7	364	174	5	3	357	2	365	2.37e-118	346
QHM27883.1	iJN1463.PP_1768	48.0	356	181	4	4	356	6	360	1.26e-114	337
QHM27883.1	iPC815.YPO1389	49.3	361	172	5	3	356	4	360	1.34e-111	329
QHM27884.1	iCN900.CD630_18140	31.7	167	108	3	3	169	4	164	1.73e-17	77.0
QHM27884.1	iSF_1195.SF0643	31.6	152	98	2	5	156	4	149	2.85e-16	73.6
QHM27884.1	iML1515.b0638	31.6	152	98	2	5	156	4	149	2.87e-15	70.9
QHM27884.1	iSSON_1240.SSON_0592	31.6	152	98	2	5	156	4	149	1.68e-15	70.9
QHM27885.1	iSF_1195.SF3047	50.0	332	154	2	1	324	1	328	1.38e-110	325
QHM27885.1	iSbBS512_1146.SbBS512_E3430	49.7	332	155	2	1	324	1	328	3.94e-110	323
QHM27885.1	iML1515.b3001	50.0	332	154	2	1	324	1	328	5.58e-110	323
QHM27885.1	iSSON_1240.SSON_3145	49.7	332	155	2	1	324	1	328	5.58e-110	323
QHM27885.1	iYL1228.KPN_02741	53.5	314	144	2	16	328	4	316	1.26e-109	321
QHM27889.1	iNF517.LLMG_RS11485	48.6	395	201	2	1	394	1	394	3.19e-128	374
QHM27889.1	iYO844.BSU29470	48.4	395	200	4	1	393	1	393	1.44e-121	357
QHM27889.1	iNF517.LLMG_RS11480	45.2	394	213	3	1	392	1	393	1.73e-117	347
QHM27893.1	iJN1463.PP_3597	30.4	204	111	8	283	458	35	235	1.06e-13	70.9
QHM27893.1	iYL1228.KPN_00969	30.7	212	129	8	272	468	14	222	1.49e-12	67.4
QHM27893.1	iJN1463.PP_0225	28.5	214	114	9	280	458	13	222	3.42e-12	66.2
QHM27893.1	iJN1463.PP_2416	31.3	195	99	8	271	437	16	203	3.88e-12	66.2
QHM27893.1	iML1515.b1917	25.0	228	118	7	273	458	8	224	4.49e-12	65.9
QHM27893.1	iML1515.b0933	29.9	211	132	7	272	468	14	222	6.46e-12	65.5
QHM27893.1	iSSON_1240.SSON_0936	29.9	211	132	7	272	468	14	222	6.46e-12	65.5
QHM27893.1	iSynCJ816.SGL_RS14425	29.7	202	124	5	274	457	56	257	1.20e-11	65.1
QHM27893.1	iML1515.b1483	26.8	205	118	6	288	466	36	234	2.01e-11	64.7
QHM27893.1	iAF692.Mbar_A1305	28.9	211	122	9	284	468	18	226	2.74e-11	64.7
QHM27893.1	iNF517.LLMG_RS08555	24.2	227	134	6	273	466	6	227	2.63e-11	64.3
QHM27893.1	iSbBS512_1146.SbBS512_E1746	26.8	205	118	6	288	466	36	234	2.69e-11	64.3
QHM27893.1	iSynCJ816.SGL_RS10355	27.4	234	125	10	274	466	19	248	3.96e-11	64.3
QHM27895.1	iYS854.USA300HOU_RS05355	28.9	128	83	3	83	203	112	238	4.00e-08	52.0
QHM27896.1	iYS854.USA300HOU_RS05360	30.3	456	281	10	4	442	2	437	3.44e-53	185
QHM27898.1	iNF517.LLMG_RS05525	49.4	154	74	2	6	155	4	157	1.80e-53	166
QHM27898.1	iCN718.ABAYE_RS11095	51.9	158	71	2	4	156	3	160	1.35e-51	161
QHM27899.1	iML1515.b3012	42.9	266	147	3	6	270	9	270	2.30e-70	218
QHM27899.1	STM_v1_0.STM3165	43.2	266	146	3	6	270	9	270	3.25e-70	217
QHM27899.1	iSbBS512_1146.SbBS512_E3440	42.9	266	147	3	6	270	9	270	1.30e-69	216
QHM27899.1	iYL1228.KPN_03432	43.6	266	145	3	6	270	9	270	1.05e-68	213
QHM27899.1	iPC815.YPO0676	40.7	270	153	4	6	273	9	273	3.15e-68	212
QHM27899.1	iYO844.BSU33400	42.5	273	153	3	2	273	7	276	6.11e-68	211
QHM27899.1	iHN637.CLJU_RS08755	42.7	255	142	2	6	260	10	260	2.76e-67	210
QHM27899.1	iYS854.USA300HOU_RS03800	35.8	268	172	0	2	269	4	271	7.77e-64	201
QHM27899.1	iYS854.USA300HOU_RS09485	40.9	279	157	5	1	274	1	276	1.46e-63	200
QHM27899.1	iSF_1195.SF3057	45.3	234	123	3	38	270	2	231	8.43e-64	199
QHM27899.1	iSSON_1240.SSON_3155	45.3	234	123	3	38	270	2	231	1.69e-63	199
QHM27906.1	iNF517.LLMG_RS04735	69.8	235	71	0	1	235	1	235	2.15e-115	329
QHM27908.1	iNF517.LLMG_RS07275	26.3	490	307	14	9	494	60	499	1.46e-28	118
QHM27911.1	iYO844.BSU03981	59.5	472	183	4	21	488	10	477	2.21e-187	536
QHM27911.1	iNF517.LLMG_RS00140	48.3	617	278	10	20	611	5	605	1.31e-174	508
QHM27911.1	iML1515.b3599	58.2	469	189	4	22	489	5	467	1.15e-169	497
QHM27911.1	iSbBS512_1146.SbBS512_E4016	58.0	469	190	4	22	489	5	467	4.59e-169	495
QHM27911.1	iSSON_1240.SSON_3809	58.0	469	190	4	22	489	5	467	4.59e-169	495
QHM27911.1	iSF_1195.SF3633	58.0	469	190	4	22	489	5	467	6.49e-169	495
QHM27911.1	STM_v1_0.STM3685	58.2	469	189	4	22	489	5	467	1.34e-168	494
QHM27911.1	iYL1228.KPN_03942	57.8	469	191	4	22	489	5	467	9.75e-168	492
QHM27911.1	iPC815.YPO4068	58.1	475	191	5	23	495	7	475	1.26e-167	492
QHM27912.1	iYS854.USA300HOU_RS11635	23.7	729	485	22	7	691	6	707	9.80e-36	143
QHM27913.1	iNF517.LLMG_RS00150	49.3	138	67	1	4	141	3	137	9.58e-45	143
QHM27914.1	iNF517.LLMG_RS00155	54.9	379	169	1	4	380	5	383	5.82e-137	395
QHM27916.1	iYS854.USA300HOU_RS05725	51.1	88	43	0	17	104	17	104	5.03e-29	100
QHM27920.1	iLB1027_lipid.PHATRDRAFT_41676	45.7	140	72	1	1	140	1	136	4.97e-43	139
QHM27920.1	iEK1008.Rv2445c	51.1	137	62	2	4	139	2	134	3.53e-42	136
QHM27920.1	iMM1415.79059	47.4	137	68	1	4	140	21	153	1.90e-41	135
QHM27920.1	iAT_PLT_636.4831	45.8	144	73	2	1	143	1	140	3.27e-41	134
QHM27920.1	iMM1415.18103	46.4	138	70	1	1	138	1	134	3.27e-41	134
QHM27920.1	iCHOv1.100765627	44.9	138	72	1	1	138	1	134	4.64e-41	134
QHM27920.1	iMM1415.18102	45.1	144	74	2	1	143	1	140	6.57e-41	134
QHM27920.1	iCHOv1.100765914	45.8	144	73	2	1	143	1	140	9.32e-41	133
QHM27920.1	iCHOv1.100752009	48.5	130	63	1	11	140	16	141	1.53e-40	133
QHM27920.1	iAT_PLT_636.4830	45.1	144	74	2	1	143	26	165	1.11e-39	131
QHM27920.1	iAT_PLT_636.4832	46.3	134	68	1	5	138	22	151	1.24e-39	131
QHM27920.1	iMM904.YKL067W	41.6	137	76	1	2	138	3	135	1.26e-38	128
QHM27920.1	iAM_Pb448.PBANKA_114240	44.0	134	71	1	5	138	2	131	1.29e-37	125
QHM27920.1	iAM_Pc455.PCYB_111400	44.8	134	70	1	5	138	2	131	1.29e-37	125
QHM27922.1	iJN1463.PP_4138	49.4	162	80	2	6	166	9	169	1.45e-49	158
QHM27925.1	iYO844.BSU38390	40.7	437	243	7	58	482	1	433	9.89e-96	296
QHM27925.1	iYO844.BSU38580	39.1	437	250	7	58	482	1	433	1.71e-92	288
QHM27928.1	iCN900.CD630_36430	43.4	371	202	4	3	369	4	370	9.97e-101	302
QHM27929.1	iCN900.CD630_36420	48.5	367	178	3	3	360	4	368	1.98e-115	339
QHM27930.1	iCN900.CD630_36410	56.6	244	106	0	1	244	1	244	2.92e-96	281
QHM27931.1	iCN900.CD630_36400	38.7	318	184	3	1	317	1	308	6.23e-73	228
QHM27932.1	iNF517.LLMG_RS10205	50.9	163	79	1	3	165	11	172	7.03e-50	159
QHM27932.1	iHN637.CLJU_RS19350	50.3	157	77	1	9	165	16	171	4.93e-47	152
QHM27932.1	iCN718.ABAYE_RS11130	50.0	160	79	1	6	165	10	168	1.56e-45	150
QHM27932.1	iAF987.Gmet_0870	45.8	166	89	1	1	166	5	169	8.07e-44	144
QHM27933.1	iIT341.HP0106	58.6	379	156	1	1	378	1	379	4.18e-156	444
QHM27933.1	iNF517.LLMG_RS08915	59.8	371	148	1	3	372	4	374	2.61e-152	434
QHM27933.1	iYO844.BSU27250	55.7	379	167	1	1	378	1	379	6.85e-145	415
QHM27933.1	iHN637.CLJU_RS11995	53.7	374	172	1	1	373	1	374	8.25e-139	400
QHM27934.1	iIT341.HP0107	57.9	304	125	1	1	301	2	305	1.97e-116	337
QHM27934.1	iYO844.BSU27260	56.3	300	130	1	3	301	4	303	1.28e-107	315
QHM27935.1	iSynCJ816.SGL_RS14865	45.6	248	133	2	2	249	5	250	8.69e-75	228
QHM27936.1	iNF517.LLMG_RS08645	22.4	170	115	5	30	195	30	186	4.76e-06	46.2
QHM27940.1	iYO844.BSU07810	50.3	547	263	6	7	546	13	557	6.46e-201	571
QHM27940.1	iYS854.USA300HOU_RS02395	50.4	514	242	9	5	513	9	514	1.21e-179	516
QHM27941.1	iNF517.LLMG_RS02305	44.4	507	243	8	175	648	4	504	1.22e-128	389
QHM27942.1	iNF517.LLMG_RS02305	40.1	499	261	7	178	638	4	502	6.38e-100	315
QHM27942.1	iCN900.CD630_30970	36.0	483	278	6	177	641	3	472	3.01e-92	298
QHM27942.1	iSSON_1240.SSON_3912	39.9	429	235	5	181	604	4	414	7.74e-87	283
QHM27944.1	iYO844.BSU35740	69.8	129	36	2	1	129	1	126	3.56e-59	178
QHM27944.1	iYS854.USA300HOU_RS03470	69.0	129	37	2	1	129	1	126	1.59e-58	177
QHM27945.1	iYO844.BSU35720	43.6	392	207	8	4	390	360	742	2.87e-108	334
QHM27945.1	iYS854.USA300HOU_RS01320	46.6	369	185	8	26	390	27	387	1.03e-108	324
QHM27946.1	iNF517.LLMG_RS08075	28.9	391	239	11	38	410	26	395	9.22e-41	154
QHM27946.1	iYO844.BSU35720	28.0	379	248	10	42	408	379	744	1.40e-34	141
QHM27948.1	iYL1228.KPN_02701	50.0	188	92	1	1	186	1	188	5.07e-62	190
QHM27948.1	iSbBS512_1146.SbBS512_E2689	51.6	188	89	1	1	186	1	188	1.02e-61	189
QHM27948.1	iSDY_1059.SDY_2510	51.6	188	89	1	1	186	1	188	1.02e-61	189
QHM27948.1	iSSON_1240.SSON_2369	51.6	188	89	1	1	186	1	188	1.02e-61	189
QHM27948.1	iSF_1195.SF2387	51.6	188	89	1	1	186	1	188	2.91e-61	188
QHM27948.1	STM_v1_0.STM2356	50.0	188	92	1	1	186	1	188	2.21e-58	181
QHM27948.1	iPC815.YPO2773	47.9	188	96	1	1	186	1	188	4.28e-56	175
QHM27952.1	iYS854.USA300HOU_RS05515	58.2	440	182	2	21	459	6	444	3.43e-164	470
QHM27956.1	iYO844.BSU03070	26.8	370	245	9	53	409	56	412	2.43e-26	111
QHM27957.1	iSynCJ816.SGL_RS16080	26.4	72	53	0	12	83	18	89	5.20e-06	43.9
QHM27959.1	iAF987.Gmet_0069	36.3	124	68	4	1	117	1	120	3.13e-16	75.9
QHM27961.1	iYS854.USA300HOU_RS01685	25.2	202	132	6	17	207	21	214	3.51e-06	46.6
QHM27962.1	iYO844.BSU38580	51.9	432	198	3	5	426	2	433	2.40e-151	437
QHM27962.1	iYO844.BSU38390	52.0	427	193	3	11	426	8	433	5.21e-151	436
QHM27965.1	iYS854.USA300HOU_RS12505	45.5	198	102	4	58	251	60	255	1.33e-45	157
QHM27966.1	iEK1008.Rv1257c	37.9	454	275	5	9	459	2	451	1.98e-86	271
QHM27966.1	iYO844.BSU28680	36.1	413	259	3	51	459	43	454	2.63e-80	256
QHM27966.1	iAF987.Gmet_3245	35.3	456	285	5	9	459	3	453	1.28e-77	249
QHM27968.1	iYS854.USA300HOU_RS13590	34.2	190	118	2	36	222	45	230	5.99e-38	131
QHM27968.1	iYS854.USA300HOU_RS04985	34.2	199	115	2	24	222	13	195	2.47e-35	124
QHM27968.1	iNF517.LLMG_RS01960	37.0	173	106	1	50	222	25	194	1.32e-33	120
QHM27970.1	iEK1008.Rv3823c	24.1	316	222	6	178	485	217	522	3.76e-18	90.5
QHM27974.1	iCN900.CD630_19470	36.9	187	114	2	18	201	28	213	1.09e-34	122
QHM27974.1	iYS854.USA300HOU_RS04405	31.2	202	135	3	20	218	22	222	2.06e-30	114
QHM27974.1	iYO844.BSU30420	32.2	199	131	2	15	210	21	218	1.68e-30	112
QHM27974.1	iEK1008.Rv0073	33.9	192	122	3	22	210	26	215	1.27e-29	112
QHM27974.1	iYO844.BSU32750	30.0	223	150	4	1	218	1	222	4.13e-29	110
QHM27978.1	iYS854.USA300HOU_RS13940	54.4	68	28	2	200	265	165	231	2.63e-09	55.8
QHM27980.1	iAF987.Gmet_0985	28.1	89	63	1	31	119	14	101	4.94e-10	53.1
QHM27980.1	iEK1008.Rv1826	26.9	93	68	0	32	124	16	108	2.78e-09	51.2
QHM27980.1	iHN637.CLJU_RS18485	31.5	92	61	2	31	122	14	103	4.54e-09	50.4
QHM27980.1	iYL1228.KPN_03340	26.1	92	68	0	32	123	16	107	9.77e-09	49.7
QHM27985.1	iYO844.BSU29470	53.1	397	183	3	1	396	1	395	1.26e-148	426
QHM27985.1	iNF517.LLMG_RS11485	50.6	397	193	3	1	396	1	395	1.18e-136	395
QHM27985.1	iYS854.USA300HOU_RS09075	50.6	391	188	4	4	391	5	393	1.61e-135	393
QHM27985.1	iNF517.LLMG_RS11480	50.3	394	192	4	1	392	1	392	2.05e-132	385
QHM27988.1	iYO844.BSU32100	39.7	401	233	6	5	399	9	406	2.32e-94	288
QHM27988.1	iYS854.USA300HOU_RS04665	40.1	399	227	8	5	396	9	402	1.16e-93	286
QHM27993.1	iNF517.LLMG_RS06715	58.0	355	146	3	1	354	1	353	1.36e-144	412
QHM27994.1	iNF517.LLMG_RS06720	63.2	250	91	1	10	259	9	257	3.35e-97	285
QHM27995.1	iNF517.LLMG_RS06725	67.5	252	82	0	13	264	6	257	4.94e-119	341
QHM27996.1	iNF517.LLMG_RS06730	63.1	360	131	1	5	362	2	361	1.03e-158	451
QHM27996.1	iYS854.USA300HOU_RS05485	56.8	359	155	0	6	364	2	360	4.18e-148	422
QHM28003.1	iYO844.BSU30450	30.2	281	196	0	5	285	4	284	1.98e-40	142
QHM28005.1	iYS854.USA300HOU_RS00795	52.4	445	212	0	6	450	13	457	5.00e-153	456
QHM28006.1	iNF517.LLMG_RS10835	58.2	292	111	3	1	281	1	292	2.08e-112	326
QHM28008.1	STM_v1_0.STM0042	32.0	428	285	4	11	434	20	445	4.42e-73	236
QHM28013.1	iYS854.USA300HOU_RS12355	46.7	165	86	2	7	171	2	164	9.98e-38	128
QHM28014.1	iNF517.LLMG_RS09820	49.5	319	160	1	2	319	3	321	4.51e-107	315
QHM28016.1	iYO844.BSU13580	65.8	389	133	0	19	407	1	389	8.15e-187	523
QHM28018.1	iYO844.BSU35710	39.9	273	154	4	4	269	4	273	5.44e-78	237
QHM28019.1	iYO844.BSU35700	55.2	261	111	2	6	262	4	262	5.86e-90	279
QHM28019.1	iNF517.LLMG_RS08170	40.2	338	196	2	6	342	10	342	8.31e-80	251
QHM28022.1	iYO844.BSU03070	29.0	449	294	7	18	448	13	454	8.76e-42	155
QHM28023.1	iNF517.LLMG_RS04645	46.8	406	211	3	1	403	1	404	1.86e-119	354
QHM28023.1	iHN637.CLJU_RS01975	44.7	405	215	5	2	403	5	403	2.32e-108	325
QHM28023.1	iAF692.Mbar_A0158	45.6	401	207	6	3	403	5	394	2.54e-107	322
QHM28024.1	iNF517.LLMG_RS07210	37.2	312	185	4	2	303	6	316	3.06e-59	192
QHM28027.1	iAF692.Mbar_A3172	34.1	205	129	2	4	204	13	215	1.03e-29	110
QHM28027.1	iSynCJ816.SGL_RS14580	33.5	203	130	2	4	201	11	213	4.28e-29	108
QHM28028.1	iML1515.b0123	33.6	488	250	11	36	459	34	511	6.94e-74	242
QHM28028.1	iSbBS512_1146.SbBS512_E0116	33.7	489	248	12	36	459	47	524	1.86e-73	241
QHM28028.1	iSF_1195.SF0119	33.5	489	249	12	36	459	34	511	1.03e-72	239
QHM28028.1	iSSON_1240.SSON_0131	33.5	489	249	12	36	459	34	511	1.03e-72	239
QHM28028.1	iSDY_1059.SDY_0030	33.5	489	249	12	36	459	34	511	5.59e-72	237
QHM28028.1	STM_v1_0.STM0168	31.5	508	254	11	36	459	34	531	3.99e-68	227
QHM28028.1	iYL1228.KPN_00131	32.3	504	251	11	36	459	34	527	1.40e-67	226
QHM28034.1	iCN718.ABAYE_RS08040	50.7	71	35	0	111	181	66	136	2.84e-20	82.0
QHM28034.1	iSynCJ816.SGL_RS13735	31.5	184	86	6	5	184	7	154	3.62e-17	74.3
QHM28035.1	iYL1228.KPN_00025	51.0	302	145	3	1	300	1	301	1.29e-97	289
QHM28035.1	STM_v1_0.STM0051	50.5	301	146	3	2	300	4	303	4.48e-96	285
QHM28035.1	iML1515.b0030	48.5	303	151	4	1	300	1	301	5.11e-92	275
QHM28035.1	iSbBS512_1146.SbBS512_E0034	48.8	303	150	4	1	300	1	301	7.23e-92	275
QHM28035.1	iSSON_1240.SSON_0035	48.2	303	152	4	1	300	1	301	2.06e-91	273
QHM28035.1	iSF_1195.SF0027	47.9	305	154	4	1	302	1	303	4.13e-91	273
QHM28035.1	iSDY_1059.SDY_0052	48.2	303	152	4	1	300	1	301	8.28e-91	272
QHM28036.1	iML1515.b0493	31.8	264	163	4	7	267	18	267	6.18e-31	116
QHM28036.1	iCHOv1.100773401	32.0	259	151	6	2	241	3	255	1.11e-27	108
QHM28036.1	iMM1415.235033	30.6	255	160	5	2	241	3	255	4.48e-27	107
QHM28038.1	iNF517.LLMG_RS08550	53.4	506	228	6	1	504	1	500	2.00e-169	487
QHM28038.1	iYS854.USA300HOU_RS03905	53.4	511	225	5	1	505	1	504	1.06e-167	483
QHM28039.1	iNF517.LLMG_RS08555	60.0	235	94	0	5	239	2	236	2.51e-89	269
QHM28039.1	iYS854.USA300HOU_RS03900	43.7	323	176	4	5	323	2	322	1.40e-85	260
QHM28040.1	iNF517.LLMG_RS08560	41.5	441	249	4	5	443	2	435	4.62e-116	346
QHM28041.1	iNF517.LLMG_RS05580	72.6	496	136	0	2	497	10	505	6.38e-275	755
QHM28042.1	iYS854.USA300HOU_RS06550	39.5	605	303	10	1	601	1	546	2.75e-137	411
QHM28042.1	iYO844.BSU09300	38.5	608	301	9	3	601	6	549	3.22e-132	398
QHM28043.1	iNF517.LLMG_RS05570	62.9	229	85	0	9	237	7	235	7.55e-109	313
QHM28043.1	iYO844.BSU09280	57.1	226	97	0	12	237	6	231	9.65e-98	286
QHM28065.1	iYL1228.KPN_00440	38.9	185	111	2	1	185	1	183	2.65e-43	143
QHM28066.1	iYS854.USA300HOU_RS03755	24.0	154	113	1	64	217	61	210	8.61e-04	40.8
QHM28067.1	iML1515.b0844	40.5	262	155	1	2	262	3	264	2.02e-61	194
QHM28069.1	iML1515.b3697	36.9	271	169	2	1	270	1	270	7.90e-48	159
QHM28070.1	iNF517.LLMG_RS03390	47.9	445	231	1	6	449	4	448	1.37e-133	392
QHM28070.1	iYS854.USA300HOU_RS00980	47.6	435	227	1	5	438	3	437	1.18e-132	390
QHM28071.1	iHN637.CLJU_RS04420	32.4	374	248	3	9	377	10	383	7.59e-56	188
QHM28080.1	iCN900.CD630_33500	37.8	82	48	3	31	112	8	86	7.45e-08	53.5
QHM28081.1	iYS854.USA300HOU_RS09450	32.2	87	48	4	111	197	127	202	9.75e-05	42.0
QHM28090.1	iAF987.Gmet_2349	30.3	515	341	10	208	713	60	565	3.01e-56	201
QHM28090.1	iPC815.YPO1395	26.2	535	380	7	187	713	48	575	2.40e-51	187
QHM28090.1	iJN1463.PP_4935	27.3	524	348	8	203	710	79	585	1.16e-50	186
QHM28092.1	iYS854.USA300HOU_RS09450	28.4	109	70	3	113	220	101	202	3.56e-07	48.9
QHM28098.1	iYS854.USA300HOU_RS10950	41.5	260	150	2	1	258	1	260	3.48e-64	201
QHM28099.1	iNF517.LLMG_RS00430	66.9	341	110	2	1	338	1	341	1.15e-161	454
QHM28101.1	iYO844.BSU05830	34.7	444	259	7	6	446	3	418	2.98e-78	249
QHM28101.1	iCN900.CD630_28830	33.8	455	267	12	1	447	1	429	9.43e-75	240
QHM28101.1	iYO844.BSU38580	32.2	451	280	8	1	447	1	429	1.79e-71	232
QHM28101.1	iYO844.BSU38390	31.7	451	266	10	1	439	1	421	1.21e-69	227
QHM28104.1	iCN900.CD630_28830	36.2	445	257	10	2	434	1	430	1.24e-70	229
QHM28104.1	STM_v1_0.STM1313	34.1	460	271	11	2	444	1	445	3.41e-66	218
QHM28104.1	iML1515.b1737	34.4	453	279	10	2	444	1	445	3.65e-65	216
QHM28104.1	iSSON_1240.SSON_1421	34.4	453	279	10	2	444	1	445	3.65e-65	216
QHM28104.1	iYO844.BSU05830	31.7	439	276	11	9	440	5	426	4.00e-65	215
QHM28104.1	iSF_1195.SF1489	34.4	453	279	10	2	444	1	445	6.66e-65	215
QHM28105.1	iNF517.LLMG_RS02245	66.5	483	151	3	1	477	1	478	4.05e-248	685
QHM28105.1	iSSON_1240.SSON_1595	65.5	476	158	2	8	477	4	479	1.40e-246	681
QHM28106.1	iYL1228.KPN_02823	34.0	291	172	7	8	292	7	283	4.32e-45	154
QHM28107.1	iJN1463.PP_0957	25.2	115	85	1	98	212	34	147	3.42e-05	43.9
QHM28111.1	iAF987.Gmet_0880	27.8	302	215	2	4	303	6	306	3.10e-34	130
QHM28112.1	iNF517.LLMG_RS04750	48.7	374	186	4	45	416	40	409	1.70e-107	323
QHM28112.1	iYS854.USA300HOU_RS13815	46.2	379	200	3	43	417	46	424	4.42e-103	312
QHM28114.1	STM_v1_0.STM1221	30.6	216	140	6	11	218	37	250	8.51e-23	93.2
QHM28116.1	STM_v1_0.STM1301	29.5	112	68	4	4	111	6	110	1.91e-06	43.9
QHM28116.1	iAF987.Gmet_1170	30.7	114	69	3	1	110	1	108	5.06e-06	42.7
QHM28117.1	iNF517.LLMG_RS08860	61.7	684	237	9	1	682	1	661	1.70e-305	846
QHM28117.1	iYO844.BSU00380	58.3	683	264	9	1	682	1	663	1.10e-277	776
QHM28117.1	iYS854.USA300HOU_RS02505	57.2	685	255	11	5	682	3	656	3.76e-274	766
QHM28118.1	iJN1463.PP_3588	25.4	334	238	5	10	340	15	340	2.71e-18	85.5
QHM28125.1	iAM_Pc455.PCYB_147430	24.2	322	171	8	25	289	14	319	5.37e-20	88.2
QHM28125.1	iAM_Pf480.PF3D7_1249900	27.2	228	156	4	25	248	361	582	2.98e-19	87.4
QHM28125.1	iAM_Pv461.PVX_085660	31.7	218	135	4	26	241	82	287	3.33e-19	86.7
QHM28125.1	iAM_Pb448.PBANKA_146280	25.2	317	168	8	25	289	147	446	5.64e-19	86.3
QHM28125.1	iAM_Pv461.PVX_101390	26.9	238	157	5	54	289	276	498	2.87e-18	84.3
QHM28127.1	iYO844.BSU00460	48.4	283	145	1	1	283	1	282	7.15e-94	278
QHM28128.1	iEK1008.Rv0220	35.7	70	37	2	235	296	310	379	6.27e-04	40.8
QHM28129.1	iSynCJ816.SGL_RS04625	36.5	208	122	4	1	201	18	222	2.98e-40	139
QHM28130.1	iNF517.LLMG_RS12025	30.5	266	183	2	3	266	4	269	1.51e-28	109
QHM28130.1	iYS854.USA300HOU_RS03425	28.4	261	185	2	3	262	8	267	1.34e-27	107
QHM28130.1	iAF692.Mbar_A0996	26.9	260	186	3	8	264	9	267	4.69e-27	105
QHM28130.1	iYO844.BSU02870	31.3	243	165	2	1	241	1	243	1.03e-26	104
QHM28130.1	iSynCJ816.SGL_RS04630	26.6	256	187	1	8	262	26	281	1.04e-26	104
QHM28130.1	iHN637.CLJU_RS15670	30.9	233	159	2	8	239	6	237	3.96e-26	102
QHM28130.1	iAF987.Gmet_0493	28.0	268	189	2	1	264	4	271	1.27e-24	99.0
QHM28131.1	iCN900.CD630_35170	40.9	252	149	0	1	252	1	252	1.20e-66	209
QHM28132.1	iYO844.BSU00500	48.8	449	230	0	1	449	1	449	1.60e-142	415
QHM28132.1	iYS854.USA300HOU_RS02555	46.9	446	237	0	4	449	3	448	5.34e-134	393
QHM28132.1	iNF517.LLMG_RS10360	50.2	452	225	0	4	455	3	454	2.33e-129	382
QHM28134.1	iYO844.BSU00510	73.2	317	84	1	1	317	1	316	1.02e-160	451
QHM28134.1	iNF517.LLMG_RS08760	68.5	311	96	1	10	318	6	316	6.73e-149	421
QHM28134.1	iYS854.USA300HOU_RS02560	68.0	319	100	1	1	317	2	320	1.15e-146	415
QHM28137.1	iML1515.b3697	44.2	269	149	1	1	268	1	269	2.60e-74	227
QHM28138.1	iAM_Pv461.PVX_100900	27.7	285	170	8	12	265	334	613	2.00e-22	100
QHM28138.1	iAM_Pf480.PF3D7_1239000	27.7	282	174	6	12	265	359	638	8.70e-22	98.2
QHM28138.1	iAM_Pb448.PBANKA_145350	26.2	290	168	8	12	265	320	599	2.68e-20	93.6
QHM28139.1	iYS854.USA300HOU_RS03080	40.9	171	96	4	55	221	22	191	2.56e-33	122
QHM28142.1	iNF517.LLMG_RS02375	72.4	533	147	0	2	534	3	535	5.24e-285	783
QHM28142.1	iYO844.BSU37150	70.7	536	156	1	1	536	1	535	1.92e-280	771
QHM28142.1	iYS854.USA300HOU_RS11480	67.7	530	169	2	1	529	1	529	6.47e-265	732
QHM28143.1	iNF517.LLMG_RS03735	57.5	424	178	2	1	423	1	423	3.87e-173	490
QHM28143.1	iYS854.USA300HOU_RS00045	52.7	423	199	1	1	422	1	423	5.16e-155	444
QHM28143.1	iAF987.Gmet_3528	53.7	423	193	3	1	422	1	421	7.10e-154	441
QHM28144.1	iPC815.YPO1321	57.7	418	172	3	8	425	20	432	3.90e-159	455
QHM28144.1	iYL1228.KPN_03139	57.1	417	169	4	7	420	17	426	7.34e-156	447
QHM28144.1	STM_v1_0.STM2970	57.3	415	169	4	8	420	18	426	1.95e-153	441
QHM28144.1	iML1515.b2796	56.4	413	176	1	8	420	18	426	2.25e-152	438
QHM28144.1	iSSON_1240.SSON_2953	56.4	413	176	1	8	420	18	426	2.25e-152	438
QHM28144.1	iSbBS512_1146.SbBS512_E3076	56.4	413	176	1	8	420	18	426	3.18e-152	437
QHM28144.1	iSDY_1059.SDY_3013	56.4	413	176	1	8	420	18	426	3.18e-152	437
QHM28144.1	iSF_1195.SF2810	55.9	413	178	1	8	420	18	426	5.96e-150	432
QHM28145.1	iYS854.USA300HOU_RS13730	52.9	157	73	1	4	159	6	162	1.95e-52	168
QHM28145.1	iNF517.LLMG_RS08710	46.3	188	93	3	3	190	4	183	1.01e-51	166
QHM28145.1	iYO844.BSU15850	51.6	155	71	2	3	157	1	151	6.10e-47	154
QHM28146.1	iYO844.BSU15860	61.5	296	112	1	2	297	1	294	5.03e-117	338
QHM28146.1	iYS854.USA300HOU_RS13725	61.7	290	111	0	2	291	1	290	1.51e-113	329
QHM28149.1	iNF517.LLMG_RS01685	55.4	419	183	3	1	417	1	417	1.09e-150	433
QHM28149.1	iYO844.BSU37100	53.3	426	193	4	1	423	1	423	3.64e-146	422
QHM28149.1	iYS854.USA300HOU_RS11465	51.0	410	198	3	6	415	8	414	2.58e-141	409
QHM28150.1	iCN900.CD630_02510	28.2	245	161	6	141	377	133	370	5.06e-12	67.0
QHM28158.1	iYO844.BSU04570	41.0	461	264	5	1	460	2	455	1.01e-105	321
QHM28158.1	iNF517.LLMG_RS01860	42.0	462	240	11	1	456	1	440	4.78e-99	303
QHM28158.1	iYS854.USA300HOU_RS11240	40.1	441	254	6	18	456	18	450	1.70e-96	297
QHM28159.1	iYS854.USA300HOU_RS07595	21.2	344	253	7	17	354	8	339	3.01e-17	84.0
QHM28160.1	iNF517.LLMG_RS08575	45.4	119	64	1	1	118	1	119	2.21e-33	112
QHM28160.1	iYO844.BSU04620	47.5	118	61	1	1	117	1	118	3.59e-30	104
QHM28161.1	iNF517.LLMG_RS08570	45.8	367	193	4	7	373	6	366	6.18e-111	328
QHM28161.1	iYO844.BSU04640	46.5	372	189	5	7	375	7	371	1.00e-101	305
QHM28163.1	iJN1463.PP_1200	37.6	569	316	19	11	561	20	567	8.17e-88	286
QHM28163.1	iYL1228.KPN_04152	38.3	465	265	11	8	461	5	458	2.64e-83	274
QHM28163.1	STM_v1_0.STM3880	37.9	456	262	9	16	461	14	458	1.96e-82	272
QHM28163.1	iSSON_1240.SSON_3917	37.9	456	262	9	16	461	14	458	1.45e-81	270
QHM28163.1	iML1515.b3747	37.9	456	262	9	16	461	14	458	2.83e-81	269
QHM28163.1	iSbBS512_1146.SbBS512_E4173	37.9	456	262	9	16	461	14	458	2.83e-81	269
QHM28163.1	iSF_1195.SF3828	37.7	456	263	9	16	461	14	458	3.95e-81	268
QHM28163.1	iPC815.YPO0006	37.6	460	258	11	16	461	14	458	3.95e-81	268
QHM28163.1	iSDY_1059.SDY_4001	38.0	458	261	10	16	461	14	460	1.62e-79	264
QHM28164.1	iNF517.LLMG_RS05530	59.2	919	359	7	1	910	1	912	0.0	1004
QHM28164.1	iYO844.BSU15520	58.0	931	383	7	1	926	1	928	0.0	975
QHM28164.1	iYS854.USA300HOU_RS06045	58.2	919	368	10	1	910	1	912	0.0	972
QHM28165.1	iYS854.USA300HOU_RS06040	42.2	367	193	7	3	355	5	366	7.90e-90	273
QHM28165.1	iHN637.CLJU_RS12425	41.5	352	194	4	1	344	1	348	3.96e-87	266
QHM28165.1	iNF517.LLMG_RS04565	40.5	348	199	3	3	344	4	349	6.13e-87	266
QHM28165.1	iYO844.BSU15510	41.9	360	188	6	1	348	1	351	2.73e-84	259
QHM28165.1	iCN900.CD630_35890	40.8	355	197	5	1	348	1	349	7.81e-83	255
QHM28165.1	iYO844.BSU11230	41.9	360	179	5	1	347	1	343	1.25e-82	254
QHM28166.1	iNF517.LLMG_RS08835	48.1	337	174	1	2	338	3	338	2.08e-101	301
QHM28167.1	iNF517.LLMG_RS08830	49.5	386	191	3	19	402	11	394	1.79e-122	360
QHM28167.1	iYS854.USA300HOU_RS00965	48.7	390	196	2	19	404	24	413	5.74e-120	354
QHM28167.1	iYO844.BSU11200	47.9	388	200	1	19	404	19	406	1.48e-118	350
QHM28168.1	iLJ478.TM1784	36.9	236	143	5	3	233	22	256	8.13e-40	138
QHM28168.1	iYO844.BSU11210	34.6	234	152	1	1	233	1	234	9.71e-39	135
QHM28169.1	iYO844.BSU11220	47.6	374	189	5	3	372	1	371	1.07e-106	318
QHM28169.1	iNF517.LLMG_RS08825	46.0	378	201	2	3	378	1	377	1.38e-102	308
QHM28170.1	iNF517.LLMG_RS08815	63.7	331	119	1	5	335	2	331	4.01e-144	410
QHM28170.1	iNF517.LLMG_RS11590	60.1	338	131	2	1	335	11	347	3.37e-143	408
QHM28170.1	iYS854.USA300HOU_RS14315	60.4	326	129	0	6	331	11	336	1.07e-137	394
QHM28174.1	iNF517.LLMG_RS05690	59.3	312	126	1	8	318	7	318	2.94e-127	366
QHM28177.1	iYS854.USA300HOU_RS09315	23.6	461	295	13	11	428	9	455	3.50e-20	93.6
QHM28181.1	iHN637.CLJU_RS10465	39.2	79	46	2	3	80	475	552	4.12e-08	51.6
QHM28183.1	iYO844.BSU00680	60.1	178	71	0	1	178	2	179	7.54e-77	227
QHM28184.1	iAT_PLT_636.4905	38.7	230	119	6	209	421	242	466	2.59e-33	136
QHM28184.1	iMM1415.18195	38.7	230	119	6	209	421	242	466	2.59e-33	136
QHM28186.1	iYO844.BSU15540	24.7	235	140	9	35	246	60	280	6.08e-06	47.0
QHM28187.1	iNF517.LLMG_RS01995	64.5	484	171	1	12	494	1	484	8.51e-231	642
QHM28187.1	iYS854.USA300HOU_RS02655	60.5	489	191	1	8	494	5	493	2.71e-220	616
QHM28189.1	iYS854.USA300HOU_RS03930	44.4	486	261	4	11	490	19	501	1.87e-136	402
QHM28195.1	iNF517.LLMG_RS08645	25.5	220	142	4	53	263	23	229	7.67e-14	68.9
QHM28196.1	iNF517.LLMG_RS10365	41.9	260	144	3	3	259	4	259	4.65e-55	177
QHM28197.1	iYS854.USA300HOU_RS03790	40.6	387	211	8	4	374	5	388	9.69e-90	275
QHM28197.1	iYO844.BSU35010	36.5	389	228	9	2	376	4	387	2.34e-79	248
QHM28199.1	iYO844.BSU35750	42.5	228	129	2	7	232	3	230	5.23e-56	179
QHM28200.1	iNF517.LLMG_RS07425	72.3	480	132	1	1	480	1	479	5.65e-250	691
QHM28201.1	STM_v1_0.STM1310	67.3	272	89	0	4	275	3	274	3.25e-122	349
QHM28201.1	iNF517.LLMG_RS07415	63.2	272	100	0	4	275	3	274	8.50e-120	343
QHM28201.1	iSbBS512_1146.SbBS512_E1984	65.8	272	93	0	4	275	3	274	2.91e-118	339
QHM28201.1	iSDY_1059.SDY_1540	65.8	272	93	0	4	275	3	274	2.91e-118	339
QHM28201.1	iSSON_1240.SSON_1418	65.8	272	93	0	4	275	3	274	8.32e-118	338
QHM28201.1	iML1515.b1740	65.4	272	94	0	4	275	3	274	3.37e-117	337
QHM28201.1	iSF_1195.SF1486	64.3	272	97	0	4	275	3	274	1.12e-115	333
QHM28201.1	iYL1228.KPN_01228	64.0	272	98	0	4	275	3	274	2.25e-115	332
QHM28202.1	iCN900.CD630_18240	43.7	891	477	9	12	890	8	885	2.94e-226	661
QHM28202.1	iAF692.Mbar_A0500	43.4	910	467	12	14	886	3	901	1.47e-219	645
QHM28202.1	iAF987.Gmet_1614	44.3	873	463	9	25	890	15	871	3.83e-211	622
QHM28202.1	iYO844.BSU15650	43.4	861	450	12	31	866	22	870	1.54e-209	618
QHM28202.1	iCN900.CD630_25030	42.2	898	484	13	8	889	1	879	1.23e-208	615
QHM28202.1	iSynCJ816.SGL_RS16270	42.1	897	469	10	26	876	39	931	7.90e-203	603
QHM28204.1	iHN637.CLJU_RS10465	34.8	89	50	3	639	721	459	545	1.31e-07	54.7
QHM28206.1	iYO844.BSU32260	46.5	430	227	2	1	427	1	430	5.67e-134	391
QHM28206.1	iNF517.LLMG_RS06750	42.2	424	243	1	4	425	3	426	8.59e-119	352
QHM28207.1	iNF517.LLMG_RS06745	48.1	295	147	2	2	291	1	294	2.27e-87	262
QHM28213.1	iNF517.LLMG_RS03765	56.9	325	129	4	2	316	3	326	4.02e-117	340
QHM28214.1	iNF517.LLMG_RS03760	57.0	272	111	2	1	268	1	270	1.20e-97	286
QHM28215.1	iNF517.LLMG_RS03755	68.4	297	92	1	9	303	4	300	2.96e-144	408
QHM28218.1	iNF517.LLMG_RS03765	51.9	131	58	2	2	127	3	133	4.68e-36	125
QHM28219.1	iPC815.YPO1758	44.7	161	87	1	3	163	163	321	4.99e-40	137
QHM28219.1	iYL1228.KPN_02333	45.3	161	86	1	3	163	162	320	7.50e-39	134
QHM28219.1	iML1515.b1817	43.5	161	89	1	3	163	162	320	2.09e-38	133
QHM28219.1	iSbBS512_1146.SbBS512_E2083	43.5	161	89	1	3	163	162	320	2.09e-38	133
QHM28219.1	iSF_1195.SF1411	43.5	161	89	1	3	163	162	320	2.09e-38	133
QHM28219.1	iSSON_1240.SSON_1343	43.5	161	89	1	3	163	162	320	2.09e-38	133
QHM28219.1	iNF517.LLMG_RS03765	45.3	161	86	1	3	163	167	325	3.33e-38	132
QHM28219.1	STM_v1_0.STM1830	42.9	161	90	1	3	163	161	319	2.22e-37	130
QHM28220.1	iNF517.LLMG_RS08965	45.4	328	166	7	3	322	2	324	3.97e-85	259
QHM28220.1	iAF987.Gmet_3272	42.5	327	176	5	4	322	3	325	2.22e-76	236
QHM28221.1	iCN718.ABAYE_RS08040	35.3	139	80	4	1	130	1	138	1.61e-16	70.5
QHM28222.1	iHN637.CLJU_RS20745	43.2	440	234	7	1	428	1	436	6.90e-115	343
QHM28222.1	iNF517.LLMG_RS08930	44.0	439	234	4	1	428	1	438	1.17e-106	323
QHM28222.1	iAF987.Gmet_0984	43.1	436	231	9	1	424	1	431	4.48e-104	316
QHM28222.1	iJN1463.PP_0558	43.4	438	239	5	4	433	7	443	1.04e-103	315
QHM28222.1	iSynCJ816.SGL_RS13980	42.9	438	239	6	2	429	3	439	9.50e-104	315
QHM28222.1	iCN718.ABAYE_RS08035	43.3	418	228	5	1	411	1	416	4.82e-103	313
QHM28222.1	iAF692.Mbar_A1587	41.0	432	244	4	1	423	1	430	3.21e-101	310
QHM28222.1	iYO844.BSU24340	40.0	450	253	7	1	437	1	446	1.80e-101	309
QHM28223.1	iHN637.CLJU_RS20740	41.5	258	150	1	7	263	34	291	2.94e-61	194
QHM28223.1	iNF517.LLMG_RS08925	45.1	244	134	0	13	256	36	279	1.21e-59	190
QHM28223.1	iYO844.BSU29210	42.9	261	148	1	3	262	22	282	2.56e-59	189
QHM28223.1	iIT341.HP0950	43.0	251	139	2	10	256	28	278	7.01e-59	188
QHM28223.1	iSynCJ816.SGL_RS12910	43.5	255	140	2	6	256	29	283	2.78e-58	188
QHM28223.1	iYS854.USA300HOU_RS09020	41.4	251	146	1	7	256	27	277	6.25e-56	181
QHM28224.1	iNF517.LLMG_RS08920	35.6	247	155	3	5	250	21	264	3.44e-40	139
QHM28224.1	iAF987.Gmet_1216	33.6	256	158	5	4	248	57	311	4.46e-35	127
QHM28225.1	iYS854.USA300HOU_RS12505	35.0	260	165	3	76	331	47	306	7.46e-43	151
QHM28226.1	iCN900.CD630_21240	25.2	298	213	5	14	308	10	300	8.59e-22	93.2
QHM28227.1	iML1515.b3943	25.9	193	134	5	8	196	15	202	6.06e-06	47.0
QHM28228.1	iSDY_1059.SDY_0702	47.7	220	112	1	1	217	3	222	1.99e-70	215
QHM28228.1	iYL1228.KPN_00768	48.0	223	113	1	1	220	3	225	3.99e-70	214
QHM28228.1	STM_v1_0.STM0772	47.7	220	112	1	1	217	3	222	5.66e-70	214
QHM28228.1	iML1515.b0755	47.3	220	113	1	1	217	3	222	3.23e-69	212
QHM28228.1	iSbBS512_1146.SbBS512_E0676	47.3	220	113	1	1	217	3	222	3.23e-69	212
QHM28228.1	iSF_1195.SF0549	47.3	220	113	1	1	217	3	222	3.23e-69	212
QHM28228.1	iSSON_1240.SSON_0707	47.3	220	113	1	1	217	3	222	3.23e-69	212
QHM28228.1	iPC815.YPO1133	47.1	223	115	1	1	220	3	225	1.84e-68	210
QHM28228.1	iYS854.USA300HOU_RS13070	45.8	225	119	1	1	222	1	225	1.72e-66	204
QHM28228.1	iAF987.Gmet_1653	47.7	216	110	1	1	213	1	216	4.41e-66	204
QHM28228.1	iNF517.LLMG_RS01830	44.9	227	112	3	1	219	1	222	1.06e-63	197
QHM28231.1	iNF517.LLMG_RS12615	54.3	221	100	1	4	223	2	222	2.49e-73	221
QHM28233.1	iNF517.LLMG_RS01010	42.9	175	69	3	3	176	4	148	8.92e-42	137
QHM28236.1	iYS854.USA300HOU_RS02780	59.4	483	190	3	5	487	4	480	9.92e-210	588
QHM28236.1	iYO844.BSU00920	56.0	484	207	3	4	487	3	480	3.09e-196	554
QHM28236.1	iNF517.LLMG_RS11690	56.2	489	201	3	5	491	4	481	5.11e-190	538
QHM28237.1	iYS854.USA300HOU_RS02790	57.1	471	194	4	1	469	1	465	5.80e-188	531
QHM28237.1	iNF517.LLMG_RS10195	53.4	470	196	6	2	470	1	448	3.95e-174	496
QHM28252.1	iYS854.USA300HOU_RS06925	28.6	865	554	18	13	847	7	837	4.40e-93	311
QHM28253.1	iAM_Pf480.PF3D7_0413700	27.2	158	98	3	42	191	183	331	9.35e-09	53.5
QHM28253.1	iAM_Pv461.PVX_089645	30.7	127	79	5	42	163	217	339	6.02e-08	51.2
QHM28253.1	iAM_Pc455.PCYB_052680	26.4	125	87	2	42	163	192	314	4.80e-07	48.5
QHM28254.1	iNF517.LLMG_RS07765	68.9	315	96	1	17	331	13	325	6.65e-159	447
QHM28255.1	iNF517.LLMG_RS07760	67.8	723	230	3	1	721	1	722	0.0	980
QHM28258.1	iAF987.Gmet_3524	54.6	152	69	0	9	160	15	166	2.94e-52	164
QHM28258.1	iYO844.BSU00180	51.0	151	74	0	9	159	7	157	3.09e-47	150
QHM28258.1	iNF517.LLMG_RS09230	50.7	152	75	0	2	153	4	155	2.96e-46	148
QHM28263.1	iNF517.LLMG_RS02125	49.0	204	103	1	2	205	1	203	1.15e-64	199
QHM28263.1	iYO844.BSU00280	48.0	204	105	1	2	205	1	203	3.59e-61	190
QHM28269.1	iNF517.LLMG_RS11200	59.9	327	130	1	1	327	1	326	9.90e-141	400
QHM28269.1	iHN637.CLJU_RS10655	58.8	328	134	1	1	328	1	327	1.74e-139	397
QHM28270.1	iCN718.ABAYE_RS11715	52.9	367	169	4	1	365	24	388	1.59e-128	374
QHM28270.1	iCN900.CD630_28490	48.7	355	180	2	5	358	277	630	2.39e-120	361
QHM28270.1	STM_v1_0.STM0431	53.7	356	161	4	5	358	6	359	6.61e-121	353
QHM28271.1	iCN900.CD630_28490	36.1	263	166	2	3	264	9	270	5.97e-51	176
QHM28271.1	iCN718.ABAYE_RS11710	37.0	257	161	1	3	259	8	263	9.51e-48	159
QHM28272.1	iNF517.LLMG_RS01635	36.5	189	118	2	89	277	77	263	1.73e-22	93.6
QHM28273.1	iNF517.LLMG_RS01635	33.0	194	129	1	74	267	75	267	5.93e-27	105
QHM28274.1	iNF517.LLMG_RS01625	41.8	244	142	0	1	244	1	244	1.65e-63	198
QHM28274.1	iML1515.b4106	43.5	248	134	3	1	243	4	250	4.43e-59	187
QHM28275.1	iJN1463.PP_0824	24.5	184	116	3	41	224	25	185	9.78e-09	55.5
QHM28280.1	iYS854.USA300HOU_RS14570	24.3	539	315	20	21	518	25	511	7.15e-17	84.0
QHM28280.1	iPC815.YPO2060	26.2	183	130	2	329	507	3	184	2.49e-16	79.0
QHM28280.1	iYS854.USA300HOU_RS08305	31.6	209	117	7	330	514	10	216	7.14e-16	77.8
QHM28280.1	iYL1228.KPN_02373	26.4	182	129	2	330	507	4	184	1.47e-15	76.6
QHM28286.1	iNF517.LLMG_RS09905	49.2	376	163	5	5	353	13	387	1.10e-102	309
QHM28287.1	iYO844.BSU24990	52.2	295	139	2	2	294	3	297	1.96e-99	293
QHM28287.1	iNF517.LLMG_RS09515	50.0	300	143	4	1	297	1	296	5.51e-91	272
QHM28287.1	iNF517.LLMG_RS09510	46.7	302	140	4	1	300	1	283	2.22e-89	267
QHM28295.1	iAF987.Gmet_1914	37.0	108	68	0	1	108	1	108	1.72e-15	74.7
QHM28295.1	iAF987.Gmet_1706	38.0	121	71	2	3	121	2	120	3.45e-15	73.2
QHM28295.1	iAF987.Gmet_2999	35.4	113	71	1	4	114	10	122	6.88e-14	69.7
QHM28296.1	iAF987.Gmet_0043	29.5	241	151	9	239	468	34	266	3.59e-12	68.2
QHM28297.1	iNF517.LLMG_RS09510	53.0	283	127	4	11	291	5	283	1.86e-93	277
QHM28297.1	iYO844.BSU24990	49.2	264	133	1	26	288	37	300	7.72e-84	253
QHM28297.1	iNF517.LLMG_RS09515	46.8	299	145	4	1	288	1	296	1.66e-82	250
QHM28298.1	iNF517.LLMG_RS09505	65.0	303	105	1	3	305	5	306	2.51e-133	380
QHM28299.1	iNF517.LLMG_RS09500	60.7	300	108	3	1	294	1	296	7.30e-117	337
QHM28299.1	iYO844.BSU24970	54.1	294	135	0	1	294	1	294	4.46e-110	320
QHM28300.1	iNF517.LLMG_RS09495	65.2	264	87	3	9	269	8	269	1.02e-115	332
QHM28301.1	iNF517.LLMG_RS09490	73.0	248	67	0	4	251	6	253	6.96e-129	364
QHM28305.1	iYS854.USA300HOU_RS04115	47.9	305	158	1	26	330	2	305	2.45e-99	295
QHM28306.1	STM_v1_0.STM3002	26.4	276	182	5	9	264	12	286	1.79e-24	99.4
QHM28307.1	iNF517.LLMG_RS05655	62.7	335	120	2	3	336	4	334	9.11e-140	399
QHM28308.1	iNF517.LLMG_RS05650	73.9	295	74	1	3	294	12	306	6.37e-151	425
QHM28309.1	iYL1228.KPN_02455	24.5	233	147	9	2	217	371	591	5.31e-08	52.4
QHM28310.1	iNF517.LLMG_RS02085	31.6	446	299	6	1	441	1	445	2.98e-77	248
QHM28311.1	iYO844.BSU34790	60.9	304	119	0	3	306	5	308	2.34e-134	383
QHM28311.1	iNF517.LLMG_RS08000	57.4	305	130	0	3	307	4	308	1.58e-130	373
QHM28311.1	iYS854.USA300HOU_RS04135	56.4	305	133	0	5	309	6	310	3.84e-127	365
QHM28314.1	iYO844.BSU09310	48.4	576	294	2	1	575	1	574	1.51e-196	562
QHM28315.1	iYL1228.KPN_02455	27.2	239	139	8	5	222	371	595	6.68e-11	61.2
QHM28315.1	iAF987.Gmet_3085	24.4	246	163	8	10	236	654	895	1.46e-09	57.4
QHM28315.1	iJN1463.PP_0914	26.0	227	143	8	10	218	453	672	6.06e-09	55.5
QHM28316.1	iNF517.LLMG_RS02085	31.6	443	297	6	8	445	1	442	5.11e-75	241
QHM28317.1	iSbBS512_1146.SbBS512_E1751	31.8	176	118	2	6	180	5	179	4.46e-28	103
QHM28317.1	iML1515.b1488	31.8	176	118	2	6	180	5	179	6.28e-28	103
QHM28317.1	iSSON_1240.SSON_1636	31.8	176	118	2	6	180	5	179	6.28e-28	103
QHM28318.1	iYO844.BSU26590	36.9	377	233	4	4	378	7	380	9.78e-79	248
QHM28318.1	iYS854.USA300HOU_RS03755	36.3	369	227	3	7	374	3	364	3.25e-73	233
QHM28321.1	iCN900.CD630_31950	34.5	957	447	14	5	934	3	806	1.90e-170	516
QHM28322.1	iCN900.CD630_35980	53.4	148	66	1	1	148	1	145	8.34e-50	156
QHM28323.1	iYO844.BSU29450	67.2	403	132	0	2	404	1	403	1.09e-207	577
QHM28323.1	iNF517.LLMG_RS00750	64.8	395	139	0	5	399	3	397	3.02e-194	542
QHM28323.1	iYS854.USA300HOU_RS04770	66.3	389	131	0	6	394	3	391	3.49e-194	542
QHM28324.1	iNF517.LLMG_RS00755	65.3	455	158	0	4	458	3	457	4.77e-211	590
QHM28324.1	iYO844.BSU29440	63.2	457	168	0	4	460	2	458	1.51e-205	576
QHM28327.1	iAF692.Mbar_A1631	22.4	219	133	9	13	209	1	204	5.96e-05	43.9
QHM28329.1	iYS854.USA300HOU_RS04910	34.3	545	337	11	13	550	10	540	1.06e-89	286
QHM28330.1	iYS854.USA300HOU_RS12475	52.4	319	150	2	1	319	1	317	1.09e-106	313
QHM28334.1	iNF517.LLMG_RS12755	61.9	341	122	4	1	340	1	334	6.90e-141	402
QHM28334.1	iNF517.LLMG_RS02785	57.9	342	135	5	1	340	1	335	1.22e-129	373
QHM28334.1	iYS854.USA300HOU_RS04185	58.4	341	134	4	1	340	1	334	1.93e-128	370
QHM28334.1	iCN900.CD630_31740	56.8	338	140	3	3	340	2	333	5.32e-128	369
QHM28335.1	iYS854.USA300HOU_RS04190	63.8	401	139	3	1	400	1	396	3.63e-173	488
QHM28335.1	iNF517.LLMG_RS01325	58.5	402	161	3	1	400	1	398	1.27e-159	454
QHM28336.1	iNF517.LLMG_RS07185	68.3	246	78	0	2	247	3	248	1.90e-119	340
QHM28336.1	iYO844.BSU33920	63.6	247	90	0	1	247	1	247	8.33e-114	326
QHM28336.1	iYS854.USA300HOU_RS04195	64.4	250	85	2	1	247	1	249	3.03e-109	315
QHM28337.1	iNF517.LLMG_RS03215	70.9	433	122	3	1	431	1	431	5.15e-219	608
QHM28337.1	iYO844.BSU33900	68.5	432	133	1	1	432	1	429	7.60e-218	605
QHM28337.1	iYS854.USA300HOU_RS04205	69.0	435	130	3	1	432	1	433	2.05e-216	601
QHM28337.1	iAF987.Gmet_2372	63.8	431	152	2	1	431	1	427	1.17e-202	566
QHM28337.1	iCN900.CD630_31700	65.2	431	147	1	1	431	1	428	1.41e-201	563
QHM28337.1	iHN637.CLJU_RS19255	64.8	429	146	2	4	432	7	430	5.79e-199	557
QHM28339.1	iYL1228.KPN_00170	32.3	440	275	10	14	437	29	461	1.14e-52	185
QHM28339.1	STM_v1_0.STM0203	31.5	435	269	10	14	429	29	453	1.55e-47	171
QHM28339.1	iPC815.YPO3388	31.0	426	265	9	25	429	36	453	1.70e-47	171
QHM28339.1	iSDY_1059.SDY_0171	32.4	432	269	11	14	429	29	453	2.09e-46	168
QHM28339.1	iML1515.b0155	32.4	432	269	11	14	429	29	453	2.89e-46	167
QHM28339.1	iSSON_1240.SSON_0167	32.4	432	269	11	14	429	29	453	2.89e-46	167
QHM28339.1	iSbBS512_1146.SbBS512_E0147	31.8	437	265	11	14	429	29	453	7.67e-46	166
QHM28346.1	iNF517.LLMG_RS09715	45.6	454	241	3	30	478	262	714	1.87e-124	378
QHM28347.1	iNF517.LLMG_RS09720	66.8	241	80	0	3	243	6	246	3.69e-116	332
QHM28347.1	iYS854.USA300HOU_RS09925	62.8	242	90	0	1	242	1	242	1.77e-108	312
QHM28347.1	iNF517.LLMG_RS09915	65.0	237	83	0	6	242	8	244	8.94e-107	308
QHM28347.1	iCN900.CD630_07520	62.3	239	90	0	4	242	2	240	4.25e-104	301
QHM28349.1	iML1515.b3697	29.5	285	174	7	2	282	3	264	7.35e-25	100
QHM28351.1	iNF517.LLMG_RS03945	65.4	327	108	2	1	324	1	325	1.12e-140	400
QHM28351.1	iYO844.BSU37660	62.8	323	118	1	2	324	3	323	1.04e-135	387
QHM28351.1	iYS854.USA300HOU_RS03075	60.6	327	123	2	2	324	3	327	6.43e-126	363
QHM28356.1	iAF692.Mbar_A1138	24.6	179	126	4	1	172	1	177	1.94e-08	54.3
QHM28357.1	iNF517.LLMG_RS06735	55.5	292	130	0	6	297	7	298	7.69e-102	300
QHM28357.1	iYS854.USA300HOU_RS03995	52.8	288	136	0	10	297	15	302	2.85e-101	298
QHM28358.1	iYO844.BSU33420	32.8	701	421	10	1	693	1	659	3.31e-100	322
QHM28361.1	iAF987.Gmet_1888	40.9	225	125	2	17	238	13	232	7.06e-51	167
QHM28363.1	iYO844.BSU01770	67.3	450	143	1	2	451	3	448	9.69e-216	600
QHM28363.1	iNF517.LLMG_RS02290	63.8	453	158	2	2	451	3	452	2.80e-192	541
QHM28364.1	iNF517.LLMG_RS07630	56.4	606	262	2	1	605	1	605	6.45e-237	667
QHM28364.1	iYS854.USA300HOU_RS11625	58.9	606	243	5	1	605	1	601	2.13e-229	647
QHM28364.1	iYO844.BSU01780	58.9	606	242	5	1	605	1	600	2.37e-228	645
QHM28365.1	iAF987.Gmet_0700	26.6	158	107	5	65	217	658	811	1.44e-05	45.1
QHM28366.1	iSbBS512_1146.SbBS512_E2526	31.6	272	177	4	1	270	1	265	7.96e-41	141
QHM28366.1	STM_v1_0.STM0842	31.5	270	176	4	1	268	1	263	5.86e-40	139
QHM28366.1	iSSON_1240.SSON_0804	31.3	272	178	4	1	270	1	265	6.16e-40	139
QHM28366.1	iYL1228.KPN_00856	32.0	272	176	4	1	270	1	265	8.67e-40	139
QHM28366.1	iML1515.b0822	31.3	272	178	4	1	270	1	265	1.22e-39	138
QHM28366.1	iSF_1195.SF0772	31.3	272	178	4	1	270	1	265	1.22e-39	138
QHM28366.1	iML1515.b0844	32.0	269	176	5	1	268	1	263	5.99e-36	129
QHM28368.1	iLJ478.TM0282	33.0	336	203	10	24	344	25	353	9.91e-44	154
QHM28368.1	iCN718.ABAYE_RS14110	29.9	344	217	8	21	343	37	377	1.78e-42	151
QHM28371.1	iYO844.BSU38110	35.0	217	137	3	4	216	3	219	4.16e-34	122
QHM28372.1	iCN900.CD630_17030	50.0	80	40	0	124	203	79	158	4.11e-16	77.0
QHM28372.1	iAF692.Mbar_A1238	34.6	156	84	6	126	272	21	167	1.08e-13	69.7
QHM28372.1	iYS854.USA300HOU_RS12325	33.5	155	97	5	126	276	20	172	2.54e-13	69.7
QHM28374.1	iYS854.USA300HOU_RS11805	24.8	363	241	12	19	366	15	360	8.75e-11	62.8
QHM28375.1	iNF517.LLMG_RS05580	66.6	494	165	0	4	497	12	505	1.27e-249	691
QHM28375.1	iYO844.BSU09290	59.4	493	200	0	5	497	4	496	6.67e-226	630
QHM28377.1	iPC815.YPO3070	26.7	116	80	2	3	115	4	117	3.38e-07	45.8
QHM28380.1	iYO844.BSU03070	22.9	428	306	4	4	419	3	418	3.66e-21	95.9
QHM28381.1	iAF987.Gmet_0880	31.1	305	201	4	5	305	7	306	1.50e-33	128
QHM28382.1	iSynCJ816.SGL_RS15845	44.0	682	350	7	7	659	17	695	3.29e-176	521
QHM28382.1	iAF692.Mbar_A1195	43.3	672	350	9	9	660	39	699	2.89e-165	493
QHM28382.1	iCN718.ABAYE_RS13985	41.6	680	374	10	9	675	19	688	4.26e-164	488
QHM28382.1	iEK1008.Rv2984	40.2	687	388	7	9	675	53	736	1.22e-161	484
QHM28382.1	iJN1463.PP_5217	40.7	659	384	5	7	659	42	699	3.02e-158	474
QHM28383.1	iAF987.Gmet_0880	23.7	498	356	7	12	497	15	500	6.48e-32	128
QHM28387.1	iYO844.BSU06370	58.8	432	169	1	7	429	4	435	4.20e-165	471
QHM28388.1	iNF517.LLMG_RS11635	51.7	576	276	2	1	575	1	575	2.06e-206	587
QHM28389.1	iYO844.BSU16670	39.5	190	114	1	1	189	1	190	1.18e-34	127
QHM28389.1	iYS854.USA300HOU_RS06410	35.4	178	108	3	20	194	20	193	4.22e-30	115
QHM28390.1	iNF517.LLMG_RS11635	45.0	564	304	2	1	563	1	559	6.56e-168	489
QHM28391.1	iAM_Pv461.PVX_089050	31.7	120	75	4	23	140	357	471	9.77e-05	43.5
QHM28391.1	iAM_Pc455.PCYB_051500	30.8	120	76	4	23	140	18	132	5.58e-04	40.8
QHM28392.1	iNF517.LLMG_RS09820	37.7	321	195	4	3	321	5	322	2.17e-62	201
QHM28393.1	iYS854.USA300HOU_RS13930	33.0	627	367	11	17	641	16	591	6.07e-93	299
QHM28397.1	iYS854.USA300HOU_RS14110	41.2	476	267	5	2	465	3	477	1.86e-116	350
QHM28397.1	iHN637.CLJU_RS10530	39.0	462	275	5	7	465	3	460	2.37e-113	341
QHM28397.1	iHN637.CLJU_RS02325	40.9	462	264	6	7	464	3	459	1.89e-112	339
QHM28397.1	iHN637.CLJU_RS02330	38.2	463	277	6	7	465	3	460	7.15e-104	317
QHM28399.1	iCN900.CD630_13530	28.0	261	183	4	8	265	9	267	1.43e-25	101
QHM28400.1	iMM1415.66401	31.4	118	76	3	21	134	26	142	1.40e-07	47.4
QHM28400.1	iYL1228.KPN_01142	30.3	109	70	3	21	127	18	122	7.61e-06	42.7
QHM28402.1	iJN1463.PP_5296	31.2	186	100	6	6	177	8	179	2.95e-17	75.9
QHM28402.1	iMM1415.14923	28.5	186	123	5	5	183	26	208	1.40e-16	74.3
QHM28402.1	STM_v1_0.STM3740	31.0	184	113	6	6	181	6	183	1.16e-15	71.6
QHM28402.1	iCHOv1.100770439	27.4	186	125	5	5	183	5	187	2.68e-15	70.5
QHM28406.1	iJN1463.PP_0416	27.1	181	120	3	6	175	16	195	3.76e-14	68.9
QHM28406.1	iJN1463.PP_1764	27.5	211	129	6	1	190	1	208	3.84e-13	65.5
QHM28406.1	iCN718.ABAYE_RS19015	25.3	190	135	3	4	186	2	191	5.94e-13	65.1
QHM28407.1	iNF517.LLMG_RS00370	51.5	388	186	2	8	393	3	390	1.55e-130	380
QHM28408.1	iCN900.CD630_03940	41.8	330	189	3	1	328	1	329	3.65e-81	249
QHM28411.1	iYO844.BSU27430	60.7	244	94	2	3	246	1	242	4.64e-102	296
QHM28412.1	iYO844.BSU27440	56.5	253	103	2	18	264	15	266	1.27e-90	269
QHM28413.1	iYO844.BSU27450	52.4	210	100	0	4	213	5	214	3.09e-66	202
QHM28414.1	iYO844.BSU27460	54.0	215	97	1	3	215	2	216	1.76e-69	211
QHM28415.1	iYS854.USA300HOU_RS01000	42.8	145	70	4	17	151	538	679	3.92e-27	105
QHM28415.1	iYO844.BSU02350	48.3	120	59	2	17	136	502	618	6.17e-26	102
QHM28415.1	iCN900.CD630_25120	46.2	117	60	2	18	134	17	130	5.32e-28	101
QHM28415.1	iCN900.CD630_03880	41.0	134	74	3	5	138	464	592	8.76e-24	96.3
QHM28415.1	iML1515.b3722	39.0	159	80	6	13	160	469	621	8.79e-24	96.3
QHM28415.1	iSF_1195.SF3733	39.0	159	80	6	13	160	469	621	8.79e-24	96.3
QHM28415.1	iCN900.CD630_31370	36.7	150	89	4	13	161	466	610	1.19e-23	95.9
QHM28415.1	iSSON_1240.SSON_3912	39.0	159	80	6	13	160	469	621	1.20e-23	95.9
QHM28417.1	iCN900.CD630_31270	37.3	474	278	8	1	472	1	457	1.27e-89	281
QHM28417.1	iCN900.CD630_08160	34.9	487	272	10	8	475	3	463	7.23e-79	257
QHM28417.1	iYO844.BSU39270	33.0	460	290	7	8	467	3	444	1.47e-77	253
QHM28418.1	iCN900.CD630_30880	27.8	263	162	6	3	252	2	249	2.69e-30	113
QHM28419.1	iYS854.USA300HOU_RS07350	40.4	438	248	4	10	440	7	438	1.46e-104	317
QHM28423.1	iJN1463.PP_4492	22.5	338	239	9	30	354	35	362	2.48e-08	55.1
QHM28426.1	iML1515.b4173	36.7	406	227	7	28	422	27	413	1.33e-67	221
QHM28427.1	iSynCJ816.SGL_RS05525	39.4	109	51	3	28	131	27	125	5.83e-10	53.9
QHM28428.1	iML1515.b0543	40.9	66	39	0	3	68	4	69	1.51e-08	48.1
QHM28428.1	iSDY_1059.SDY_1554	28.3	99	71	0	5	103	11	109	2.09e-08	47.8
QHM28428.1	iML1515.b1599	27.8	97	70	0	5	101	11	107	4.13e-08	47.0
QHM28428.1	iSbBS512_1146.SbBS512_E1785	27.8	97	70	0	5	101	11	107	4.13e-08	47.0
QHM28428.1	iSSON_1240.SSON_1561	27.8	97	70	0	5	101	11	107	4.13e-08	47.0
QHM28428.1	iSF_1195.SF1620	26.8	97	71	0	5	101	11	107	1.61e-07	45.4
QHM28430.1	iNF517.LLMG_RS07955	34.3	201	127	4	5	200	3	203	1.72e-21	88.6
QHM28431.1	iNF517.LLMG_RS07955	31.0	226	126	8	5	212	3	216	2.82e-21	87.8
QHM28432.1	iYO844.BSU11640	35.7	616	379	7	5	614	8	612	1.93e-113	352
QHM28433.1	iAF987.Gmet_0988	47.5	59	29	1	179	237	27	83	9.15e-08	50.4
QHM28433.1	iPC815.YPO0565	28.8	125	77	4	179	298	10	127	2.87e-07	48.5
QHM28434.1	iNF517.LLMG_RS09290	30.7	153	89	5	31	169	15	164	1.33e-11	61.2
QHM28436.1	iHN637.CLJU_RS20775	52.8	299	138	2	4	301	7	303	9.84e-95	282
QHM28436.1	iCN900.CD630_11800	49.3	306	155	0	3	308	4	309	1.66e-92	276
QHM28437.1	iNF517.LLMG_RS05370	49.5	305	151	2	1	305	5	306	1.24e-100	297
QHM28438.1	iYO844.BSU06360	72.1	509	140	2	10	518	7	513	9.07e-278	763
QHM28438.1	iNF517.LLMG_RS05125	71.2	511	145	2	8	518	5	513	5.48e-272	748
QHM28438.1	iYS854.USA300HOU_RS02070	71.8	507	140	2	12	518	10	513	3.00e-269	741
QHM28444.1	iYO844.BSU03070	26.2	168	123	1	44	211	4	170	1.54e-15	78.2
QHM28447.1	iYS854.USA300HOU_RS13930	23.2	603	389	19	9	585	24	578	7.09e-26	112
QHM28447.1	STM_v1_0.STM2232	27.3	322	193	9	9	327	13	296	1.20e-22	102
QHM28453.1	STM_v1_0.STM1101	35.4	209	119	4	35	234	197	398	1.03e-31	120
QHM28453.1	iYL1228.KPN_04788	36.5	181	100	3	62	234	46	219	1.99e-29	111
QHM28455.1	iCN900.CD630_30800	31.7	101	69	0	6	106	10	110	5.71e-08	47.0
QHM28457.1	iCHOv1.100762211	29.4	761	483	19	86	802	162	912	3.40e-87	297
QHM28457.1	iMM1415.16790	27.1	884	550	23	23	835	97	957	7.49e-86	293
QHM28457.1	iAT_PLT_636.290	28.7	876	507	29	10	800	79	921	2.10e-81	281
QHM28464.1	iSynCJ816.SGL_RS06605	30.6	85	57	1	1	85	3	85	2.09e-04	40.0
QHM28471.1	iNF517.LLMG_RS07275	24.5	490	292	17	13	480	58	491	3.19e-21	97.1
QHM28471.1	iEK1008.Rv3537	27.1	328	196	9	191	484	239	557	9.10e-19	89.7
QHM28474.1	iNF517.LLMG_RS00655	48.6	214	105	3	1	209	1	214	1.24e-61	191
QHM28475.1	iYS854.USA300HOU_RS07440	61.7	428	162	2	5	431	4	430	2.04e-198	555
QHM28475.1	iNF517.LLMG_RS10095	56.9	445	177	2	2	431	3	447	1.75e-184	520
QHM28476.1	iCN900.CD630_26950	56.4	335	144	2	1	335	1	333	4.40e-130	374
QHM28481.1	iYS854.USA300HOU_RS07595	33.3	436	240	11	10	400	5	434	1.61e-61	210
QHM28482.1	iNF517.LLMG_RS01970	38.6	293	175	3	1	290	1	291	1.03e-63	202
QHM28484.1	iAF987.Gmet_1815	35.2	105	57	4	1	94	1	105	1.26e-06	47.8
QHM28489.1	iNF517.LLMG_RS09625	30.9	220	124	7	1	217	1	195	4.44e-20	84.0
QHM28490.1	iNF517.LLMG_RS12210	33.3	363	206	5	1	362	1	328	3.62e-67	215
QHM28491.1	iYL1228.KPN_04095	30.5	364	221	8	32	390	16	352	6.02e-46	162
QHM28491.1	STM_v1_0.STM3828	29.7	364	224	8	32	390	16	352	4.45e-45	159
QHM28491.1	iML1515.b4478	29.7	364	224	8	32	390	16	352	4.58e-44	157
QHM28492.1	iYO844.BSU19520	55.7	442	196	0	1	442	1	442	7.17e-152	438
QHM28492.1	iYO844.BSU40070	55.2	446	196	1	1	442	1	446	6.17e-149	431
QHM28492.1	iHN637.CLJU_RS00300	52.0	448	210	2	1	443	1	448	9.60e-146	422
QHM28493.1	iYL1228.KPN_01547	23.9	301	201	6	18	292	10	308	2.21e-13	71.6
QHM28493.1	iSSON_1240.SSON_3200	24.7	299	198	7	4	277	5	301	9.34e-13	69.7
QHM28493.1	iML1515.b3063	24.1	299	200	7	4	277	5	301	2.19e-12	68.6
QHM28493.1	iSF_1195.SF3104	24.1	299	200	7	4	277	5	301	2.19e-12	68.6
QHM28493.1	iSDY_1059.SDY_3247	24.1	299	200	7	4	277	5	301	2.79e-11	65.1
QHM28494.1	iAF692.Mbar_A1431	38.7	315	173	6	3	311	2	302	6.05e-62	205
QHM28494.1	iLJ478.TM0327	36.6	331	184	7	1	322	1	314	7.63e-63	202
QHM28496.1	iHN637.CLJU_RS13895	59.5	439	177	1	4	442	12	449	4.82e-202	565
QHM28496.1	iML1515.b2787	60.9	440	170	2	4	442	8	446	1.76e-201	564
QHM28496.1	iSF_1195.SF2800	60.7	440	171	2	4	442	8	446	1.43e-200	561
QHM28496.1	STM_v1_0.STM2960	60.2	440	173	2	4	442	8	446	5.81e-200	560
QHM28496.1	iJN1463.PP_4757	59.6	441	177	1	2	442	9	448	7.22e-199	557
QHM28496.1	iSSON_1240.SSON_2944	60.7	438	170	2	6	442	10	446	6.72e-199	557
QHM28496.1	iSbBS512_1146.SbBS512_E3086	60.2	440	173	2	4	442	8	446	1.92e-198	556
QHM28496.1	iYL1228.KPN_03130	59.5	442	177	2	2	442	6	446	2.72e-198	556
QHM28496.1	iYO844.BSU02490	58.0	441	184	1	2	442	16	455	6.16e-197	553
QHM28498.1	iEK1008.Rv2970c	30.5	226	134	5	101	316	136	348	1.97e-19	87.8
QHM28498.1	iEK1008.Rv1399c	30.7	228	134	6	98	316	80	292	8.59e-18	82.4
QHM28499.1	STM_v1_0.STM0042	30.9	433	282	6	9	437	20	439	3.07e-59	201
QHM28499.1	iCN900.CD630_00340	30.0	434	293	7	10	441	22	446	4.84e-56	192
QHM28499.1	iHN637.CLJU_RS00610	28.5	456	294	9	10	452	18	454	2.00e-52	182
QHM28500.1	iYO844.BSU15180	53.3	484	223	2	5	486	2	484	9.60e-175	500
QHM28501.1	iYO844.BSU16760	53.7	402	178	3	1	396	1	400	4.27e-137	397
QHM28502.1	iYO844.BSU30540	55.5	618	274	1	1	617	1	618	9.64e-258	722
QHM28504.1	iAF692.Mbar_A2616	29.6	189	114	5	7	187	19	196	1.02e-14	71.6
QHM28508.1	iYO844.BSU03070	25.5	419	308	4	7	423	4	420	1.00e-40	152
QHM28515.1	iYS854.USA300HOU_RS12505	38.3	261	152	6	76	330	49	306	3.83e-49	166
QHM28516.1	iYS854.USA300HOU_RS07240	31.5	108	72	2	83	189	79	185	4.11e-07	48.5
QHM28516.1	iCN718.ABAYE_RS16270	28.7	171	95	7	33	190	8	164	9.94e-06	44.3
QHM28517.1	iEK1008.Rv2485c	23.9	201	129	6	32	215	169	362	3.43e-04	41.2
QHM28520.1	iNF517.LLMG_RS06630	61.6	557	209	3	4	560	3	554	1.53e-235	659
QHM28520.1	iYS854.USA300HOU_RS11965	60.5	559	215	3	1	559	1	553	1.46e-228	642
QHM28520.1	iYO844.BSU36010	55.7	555	240	3	5	559	13	561	9.30e-214	605
QHM28521.1	iNF517.LLMG_RS12445	62.2	476	172	2	8	477	12	485	1.20e-198	560
QHM28521.1	iYS854.USA300HOU_RS08910	62.4	476	169	4	9	475	12	486	3.11e-196	554
QHM28521.1	iML1515.b2156	59.1	457	183	3	9	461	13	469	9.04e-189	535
QHM28521.1	iSbBS512_1146.SbBS512_E0810	59.1	457	183	3	9	461	13	469	9.04e-189	535
QHM28521.1	iSDY_1059.SDY_2110	59.1	457	183	3	9	461	13	469	9.04e-189	535
QHM28521.1	iSF_1195.SF2241	59.1	457	183	3	9	461	13	469	9.04e-189	535
QHM28521.1	iSSON_1240.SSON_2212	59.1	457	183	3	9	461	13	469	9.04e-189	535
QHM28521.1	iYL1228.KPN_02594	56.7	464	197	3	9	468	13	476	1.20e-186	530
QHM28521.1	STM_v1_0.STM2200	57.8	457	189	3	9	461	13	469	2.41e-186	529
QHM28521.1	iHN637.CLJU_RS11985	57.1	471	194	3	8	470	12	482	3.30e-184	524
QHM28521.1	iNF517.LLMG_RS01980	57.9	473	197	2	8	479	6	477	8.53e-184	522
QHM28521.1	iHN637.CLJU_RS10705	57.7	470	188	3	8	474	14	475	3.96e-182	518
QHM28522.1	iSynCJ816.SGL_RS16185	32.4	179	95	8	47	223	145	299	1.14e-14	71.6
QHM28523.1	iNF517.LLMG_RS02445	58.6	210	87	0	1	210	3	212	8.30e-88	257
QHM28524.1	iNF517.LLMG_RS03735	60.0	418	166	1	1	417	1	418	1.86e-181	511
QHM28526.1	iCN900.CD630_20200	43.1	870	408	12	16	820	17	864	9.39e-221	644
QHM28533.1	iEK1008.Rv0684	61.6	691	260	4	9	694	10	700	3.36e-297	827
QHM28533.1	iSynCJ816.SGL_RS10930	59.3	690	278	3	5	694	3	689	4.59e-285	796
QHM28555.1	iNF517.LLMG_RS11835	65.0	214	74	1	4	216	1	214	5.08e-100	288
QHM28555.1	iYS854.USA300HOU_RS12070	60.6	216	84	1	4	219	1	215	7.15e-93	270
QHM28555.1	iYO844.BSU01370	59.7	216	86	1	4	219	1	215	7.24e-91	265
QHM28561.1	iNF517.LLMG_RS05635	40.6	318	181	3	11	328	8	317	2.45e-81	249
QHM28564.1	iNF517.LLMG_RS08715	48.1	673	300	10	1	632	1	665	2.52e-196	567
QHM28566.1	iNF517.LLMG_RS07320	39.7	368	206	7	6	370	7	361	1.45e-84	260
QHM28567.1	iYS854.USA300HOU_RS12035	47.0	270	136	2	4	273	7	269	1.34e-79	241
QHM28567.1	iCN900.CD630_01000	45.5	277	150	1	1	276	1	277	1.82e-76	233
QHM28568.1	iYS854.USA300HOU_RS12030	44.7	273	150	1	1	272	1	273	1.85e-82	249
QHM28568.1	iCN900.CD630_01010	47.2	282	145	3	1	280	1	280	2.92e-79	241
QHM28569.1	iYS854.USA300HOU_RS12025	43.8	265	148	1	1	265	1	264	6.24e-74	226
QHM28570.1	iNF517.LLMG_RS02350	45.6	250	132	3	3	251	2	248	9.30e-69	212
QHM28573.1	iYS854.USA300HOU_RS04050	28.1	288	198	6	4	288	5	286	1.30e-30	115
QHM28575.1	iHN637.CLJU_RS02910	34.9	358	221	4	2	354	5	355	1.88e-68	219
QHM28576.1	iYO844.BSU17890	53.2	658	298	7	5	653	2	658	4.46e-232	659
QHM28576.1	iNF517.LLMG_RS04440	53.5	658	298	6	4	657	2	655	6.98e-229	651
QHM28576.1	iYS854.USA300HOU_RS06830	50.6	658	314	8	4	653	2	656	1.17e-207	597
QHM28577.1	iYL1228.KPN_00075	40.4	280	165	2	2	280	5	283	9.86e-64	202
QHM28577.1	iNF517.LLMG_RS09705	40.1	282	167	1	2	283	3	282	7.62e-63	199
QHM28577.1	iHN637.CLJU_RS14185	39.1	281	168	3	2	280	5	284	7.79e-58	187
QHM28578.1	iHN637.CLJU_RS14395	52.6	249	117	1	65	313	73	320	9.98e-90	271
QHM28578.1	iAF987.Gmet_0346	55.6	243	106	2	72	313	80	321	1.77e-86	263
QHM28578.1	iLJ478.TM0343	51.1	262	127	1	66	327	73	333	5.51e-85	259
QHM28578.1	iAF987.Gmet_0024	54.5	244	109	2	66	308	73	315	2.65e-84	258
QHM28578.1	iCN900.CD630_18320	48.7	261	133	1	53	313	60	319	1.10e-81	251
QHM28579.1	iNF517.LLMG_RS09700	40.2	343	202	2	13	352	12	354	6.21e-82	253
QHM28579.1	iAF987.Gmet_0978	43.7	341	185	3	1	336	1	339	1.57e-77	242
QHM28581.1	iYS854.USA300HOU_RS14620	60.4	467	184	1	6	471	4	470	9.81e-206	577
QHM28582.1	iYS854.USA300HOU_RS04825	48.5	101	51	1	7	107	2	101	8.36e-27	94.7
QHM28583.1	iYL1228.KPN_03639	67.0	200	64	1	6	203	6	205	2.75e-93	270
QHM28583.1	STM_v1_0.STM3354	66.5	200	65	1	6	203	6	205	7.86e-93	269
QHM28583.1	iML1515.b3062	59.1	198	80	1	6	203	5	201	3.92e-85	249
QHM28583.1	iSF_1195.SF3103	59.1	198	80	1	6	203	5	201	3.92e-85	249
QHM28583.1	iSSON_1240.SSON_3199	58.6	198	81	1	6	203	5	201	4.55e-84	247
QHM28584.1	STM_v1_0.STM3355	62.6	294	110	0	14	307	4	297	1.97e-133	380
QHM28584.1	iYL1228.KPN_03640	63.9	288	104	0	20	307	1	288	2.04e-133	380
QHM28586.1	STM_v1_0.STM0619	38.5	270	154	5	10	272	26	290	2.21e-43	149
QHM28586.1	iSSON_1240.SSON_0565	37.9	282	160	6	1	272	13	289	5.31e-43	148
QHM28586.1	iML1515.b0613	37.9	282	160	6	1	272	13	289	1.05e-42	147
QHM28586.1	iSbBS512_1146.SbBS512_E0527	37.2	282	162	6	1	272	13	289	3.16e-41	143
QHM28587.1	iNF517.LLMG_RS05770	49.6	234	117	1	1	234	1	233	4.75e-71	217
QHM28587.1	iYO844.BSU30760	46.2	234	126	0	2	235	4	237	4.08e-70	215
QHM28588.1	iNF517.LLMG_RS05775	58.7	269	111	0	5	273	2	270	1.63e-93	277
QHM28589.1	iNF517.LLMG_RS05780	48.9	313	155	2	2	312	6	315	2.09e-103	305
QHM28591.1	iNF517.LLMG_RS05690	45.3	311	166	1	2	308	3	313	8.98e-91	273
QHM28591.1	iYS854.USA300HOU_RS01245	47.4	306	157	2	4	305	5	310	6.96e-91	273
QHM28591.1	iYS854.USA300HOU_RS14100	45.2	294	152	4	6	292	6	297	6.79e-81	247
QHM28592.1	iYS854.USA300HOU_RS14620	64.5	471	162	2	4	471	3	471	2.24e-223	622
QHM28593.1	iHN637.CLJU_RS11915	27.8	313	223	3	1	310	7	319	8.07e-40	142
QHM28594.1	iHN637.CLJU_RS12495	49.2	382	190	2	4	383	4	383	4.17e-112	332
QHM28594.1	iHN637.CLJU_RS15045	49.0	382	191	2	4	383	4	383	7.11e-112	332
QHM28594.1	iYS854.USA300HOU_RS09025	43.2	373	209	2	4	374	4	375	1.74e-99	301
QHM28595.1	iSDY_1059.SDY_4064	35.4	65	40	1	159	221	12	76	1.85e-04	41.2
QHM28595.1	iYL1228.KPN_03974	32.3	65	42	1	159	221	12	76	3.39e-04	40.4
QHM28595.1	iML1515.b3634	35.4	65	40	1	159	221	12	76	4.58e-04	40.0
QHM28595.1	iSbBS512_1146.SbBS512_E4059	35.4	65	40	1	159	221	12	76	4.58e-04	40.0
QHM28595.1	iSF_1195.SF3673	35.4	65	40	1	159	221	12	76	4.58e-04	40.0
QHM28595.1	iSSON_1240.SSON_3773	35.4	65	40	1	159	221	12	76	4.58e-04	40.0
QHM28596.1	iHN637.CLJU_RS12485	54.2	96	43	1	1	95	1	96	1.05e-23	86.3
QHM28596.1	iHN637.CLJU_RS15040	54.2	96	43	1	1	95	1	96	1.05e-23	86.3
QHM28596.1	iHN637.CLJU_RS19985	52.9	87	40	1	1	86	1	87	2.09e-21	80.1
QHM28596.1	iYL1228.KPN_00035	46.4	97	51	1	1	96	1	97	1.10e-20	78.6
QHM28597.1	iHN637.CLJU_RS15035	57.7	293	124	0	7	299	3	295	5.57e-110	320
QHM28597.1	iHN637.CLJU_RS12480	57.7	293	124	0	7	299	3	295	5.57e-110	320
QHM28598.1	iML1515.b0615	54.0	470	212	4	45	512	43	510	4.85e-166	479
QHM28598.1	iSSON_1240.SSON_0567	54.0	470	212	4	45	512	43	510	1.38e-165	478
QHM28598.1	STM_v1_0.STM0621	53.2	470	216	4	45	512	42	509	1.89e-165	478
QHM28598.1	iSbBS512_1146.SbBS512_E0529	53.8	470	213	4	45	512	43	510	6.35e-164	474
QHM28598.1	STM_v1_0.STM0061	55.0	467	206	4	47	511	41	505	7.87e-164	473
QHM28598.1	iSF_1195.SF0532	53.4	470	215	4	45	512	43	510	9.00e-164	473
QHM28598.1	iYL1228.KPN_00037	55.1	468	206	4	47	512	35	500	1.96e-163	472
QHM28598.1	iHN637.CLJU_RS12475	50.5	513	249	5	2	511	3	513	4.00e-163	472
QHM28598.1	iHN637.CLJU_RS15030	50.5	513	249	5	2	511	3	513	5.67e-163	471
QHM28598.1	iHN637.CLJU_RS19975	48.7	513	258	5	1	510	1	511	7.80e-158	458
QHM28604.1	iYO844.BSU33040	52.7	459	208	4	3	455	2	457	3.61e-158	455
QHM28604.1	iYS854.USA300HOU_RS09890	51.6	459	213	4	5	457	4	459	1.82e-150	436
QHM28604.1	iYL1228.KPN_01517	50.9	462	217	4	1	455	1	459	2.47e-149	433
QHM28604.1	iIT341.HP1325	49.8	460	221	4	3	455	2	458	5.13e-148	429
QHM28604.1	STM_v1_0.STM1469	48.8	459	225	4	1	452	1	456	2.49e-144	420
QHM28604.1	iSynCJ816.SGL_RS13465	48.5	462	228	4	1	455	2	460	2.75e-143	417
QHM28604.1	iSDY_1059.SDY_1827	48.5	462	228	4	1	455	1	459	8.08e-143	416
QHM28604.1	iSF_1195.SF1634	48.5	462	228	4	1	455	1	459	8.08e-143	416
QHM28604.1	iMM1415.14194	50.8	461	214	5	4	455	47	503	5.96e-142	416
QHM28604.1	iSSON_1240.SSON_1549	48.5	462	228	4	1	455	1	459	2.29e-142	415
QHM28604.1	iML1515.b1611	48.5	462	228	4	1	455	1	459	3.25e-142	415
QHM28604.1	iSbBS512_1146.SbBS512_E1796	48.5	462	228	4	1	455	1	459	3.25e-142	415
QHM28604.1	iCHOv1.100773218	50.1	461	217	5	4	455	47	503	9.61e-141	412
QHM28604.1	iAT_PLT_636.2271	49.7	461	219	5	4	455	50	506	4.25e-140	411
QHM28605.1	iNF517.LLMG_RS07275	52.0	452	211	3	9	460	52	497	3.41e-156	452
QHM28606.1	STM_v1_0.STM0620	37.0	154	91	4	16	165	15	166	4.14e-21	85.1
QHM28606.1	iML1515.b0614	32.5	166	96	4	16	172	15	173	5.08e-18	77.0
QHM28606.1	iSbBS512_1146.SbBS512_E0528	32.5	166	96	4	16	172	15	173	5.08e-18	77.0
QHM28606.1	iSSON_1240.SSON_0566	32.5	166	96	4	16	172	15	173	5.08e-18	77.0
QHM28609.1	iNF517.LLMG_RS08250	58.7	538	222	0	5	542	3	540	1.08e-233	654
QHM28610.1	iCN900.CD630_21240	20.8	312	228	5	6	314	5	300	8.64e-14	70.5
QHM28610.1	iCN900.CD630_31690	25.4	299	203	7	7	302	7	288	5.99e-12	65.1
QHM28611.1	iHN637.CLJU_RS10530	43.1	443	245	3	20	462	18	453	1.13e-119	358
QHM28611.1	iHN637.CLJU_RS02325	44.2	446	242	3	20	465	18	456	3.19e-119	357
QHM28611.1	iHN637.CLJU_RS02330	41.9	446	252	3	20	465	18	456	3.14e-108	328
QHM28615.1	iYO844.BSU38760	53.4	472	211	4	5	476	1	463	1.92e-174	498
QHM28615.1	iNF517.LLMG_RS09335	52.6	454	208	3	5	455	2	451	1.18e-163	471
QHM28616.1	iNF517.LLMG_RS09330	57.1	331	142	0	1	331	1	331	2.54e-125	362
QHM28617.1	iNF517.LLMG_RS09325	45.6	577	303	5	1	575	1	568	5.71e-166	484
QHM28618.1	iNF517.LLMG_RS09320	42.6	571	321	5	8	578	8	571	3.73e-147	436
QHM28620.1	iNF517.LLMG_RS01035	37.0	327	202	3	21	344	1	326	5.43e-65	208
QHM28620.1	iNF517.LLMG_RS05635	35.9	323	199	3	20	342	3	317	8.59e-62	199
QHM28621.1	iNF517.LLMG_RS01040	37.1	286	173	4	1	284	1	281	1.44e-49	166
QHM28622.1	iCHOv1.100753544	34.9	152	96	1	6	154	4	155	8.27e-22	93.2
QHM28623.1	iYS854.USA300HOU_RS14370	32.9	158	85	5	66	210	323	472	4.61e-13	67.0
QHM28624.1	iYO844.BSU22070	55.5	191	85	0	1	191	1	191	6.41e-66	200
QHM28624.1	iNF517.LLMG_RS06820	50.0	192	96	0	1	192	1	192	3.79e-63	193
QHM28624.1	iYS854.USA300HOU_RS02055	46.4	192	103	0	1	192	1	192	2.46e-60	186
QHM28624.1	iHN637.CLJU_RS07410	45.7	188	102	0	1	188	1	188	3.06e-58	181
QHM28626.1	iYO844.BSU06430	32.3	310	209	1	1	309	1	310	3.90e-53	180
QHM28628.1	iYS854.USA300HOU_RS10340	50.5	656	323	2	20	675	11	664	1.31e-228	651
QHM28630.1	iNF517.LLMG_RS00930	47.0	100	51	1	5	104	3	100	7.64e-22	82.0
QHM28631.1	iNF517.LLMG_RS00935	65.4	485	168	0	1	485	1	485	4.63e-223	622
QHM28632.1	iYS854.USA300HOU_RS10315	66.1	475	160	1	1	474	1	475	8.14e-225	625
QHM28633.1	iYS854.USA300HOU_RS10305	51.0	308	146	5	1	308	1	303	1.79e-101	301
QHM28636.1	iCN900.CD630_16590	42.6	747	415	8	3	741	7	747	1.55e-182	541
QHM28637.1	iCN900.CD630_28830	27.8	352	227	9	90	422	83	426	6.37e-23	100
QHM28639.1	iYS854.USA300HOU_RS01685	22.7	247	175	3	16	260	7	239	9.43e-16	75.1
QHM28643.1	iAF692.Mbar_A1138	23.7	118	88	2	1	118	1	116	1.08e-04	43.1
QHM28643.1	iSynCJ816.SGL_RS02995	25.8	155	106	4	2	155	11	157	1.49e-04	42.7
QHM28646.1	iCN900.CD630_28830	27.4	420	283	11	19	428	22	429	3.29e-37	140
QHM28646.1	iYO844.BSU05830	24.5	429	297	10	1	420	1	411	1.15e-34	133
QHM28646.1	STM_v1_0.STM1313	27.4	445	292	10	1	428	4	434	3.45e-34	132
QHM28646.1	iSF_1195.SF1489	26.5	445	296	9	1	428	4	434	1.18e-33	130
QHM28646.1	iML1515.b1737	26.5	445	296	9	1	428	4	434	1.69e-33	130
QHM28646.1	iSSON_1240.SSON_1421	26.7	445	295	9	1	428	4	434	1.69e-33	130
QHM28646.1	iNF517.LLMG_RS02240	26.6	462	293	13	1	435	1	443	2.90e-33	129
QHM28652.1	iHN637.CLJU_RS01300	64.6	446	153	3	6	448	5	448	1.14e-206	577
QHM28652.1	iAF987.Gmet_1186	60.5	440	170	3	11	448	13	450	1.90e-191	539
QHM28653.1	iYS854.USA300HOU_RS05260	26.4	345	228	11	60	390	57	389	1.17e-17	83.6
QHM28654.1	iYO844.BSU35660	62.0	368	139	1	3	370	2	368	1.93e-159	452
QHM28654.1	iYS854.USA300HOU_RS11400	58.6	360	148	1	6	365	3	361	4.85e-149	425
QHM28654.1	iCN900.CD630_10330	56.8	366	156	2	5	369	4	368	1.45e-145	416
QHM28656.1	iLJ478.TM1429	41.9	227	124	4	6	228	5	227	3.92e-54	173
QHM28656.1	iNF517.LLMG_RS05570	39.1	233	134	4	4	232	7	235	2.24e-52	169
QHM28656.1	iYS854.USA300HOU_RS06540	44.7	219	113	4	6	220	5	219	2.09e-51	167
QHM28656.1	iYO844.BSU09280	37.9	232	136	4	8	235	7	234	4.86e-47	156
QHM28657.1	iNF517.LLMG_RS01180	67.9	368	117	1	3	370	7	373	3.34e-192	535
QHM28662.1	iSbBS512_1146.SbBS512_E4050	42.9	98	56	0	5	102	6	103	8.25e-20	88.2
QHM28662.1	iSSON_1240.SSON_3782	42.9	98	56	0	5	102	6	103	8.25e-20	88.2
QHM28664.1	iML1515.b2034	28.5	337	223	9	4	333	2	327	1.81e-40	144
QHM28666.1	iML1515.b2037	22.8	394	286	6	19	401	24	410	5.74e-17	82.4
QHM28668.1	iNF517.LLMG_RS01105	65.4	338	108	2	2	330	5	342	2.62e-166	466
QHM28673.1	iYS854.USA300HOU_RS00675	45.1	304	165	2	2	304	6	308	3.86e-86	261
QHM28674.1	STM_v1_0.STM2082	41.0	205	97	6	37	224	278	475	4.13e-40	142
QHM28674.1	iML1515.b2047	40.1	202	111	3	30	224	265	463	3.53e-39	140
QHM28675.1	iYS854.USA300HOU_RS07460	25.7	276	177	7	51	308	52	317	2.59e-17	82.0
QHM28676.1	iAM_Pf480.PF3D7_1032400	22.9	385	242	15	4	337	31	411	2.87e-07	51.6
QHM28676.1	iMM1415.18700	28.4	162	109	3	124	278	178	339	5.21e-07	50.8
QHM28676.1	iCHOv1.100773712	27.8	162	110	3	124	278	178	339	6.92e-07	50.4
QHM28676.1	iYO844.BSU35730	24.7	162	115	3	168	322	345	506	1.06e-06	50.1
QHM28676.1	iYS854.USA300HOU_RS05150	30.3	89	59	2	176	261	324	412	2.17e-06	48.9
QHM28678.1	iYO844.BSU35550	25.2	234	158	6	3	228	8	232	1.36e-12	66.2
QHM28688.1	iPC815.YPO0557	22.7	269	165	8	102	353	64	306	2.76e-05	45.1
QHM28706.1	iEK1008.Rv3782	24.5	204	144	5	4	203	5	202	1.92e-08	54.3
QHM28706.1	STM_v1_0.STM2087	43.6	94	50	2	4	95	3	95	2.15e-08	54.3
QHM28707.1	iEK1008.Rv3782	39.4	94	50	4	5	96	7	95	2.81e-07	50.8
QHM28708.1	iNF517.LLMG_RS01180	66.1	372	124	2	2	373	5	374	2.19e-187	523
QHM28715.1	iML1515.b2037	23.3	412	288	9	5	400	10	409	3.21e-17	83.2
QHM28717.1	STM_v1_0.STM2082	48.0	202	99	2	25	222	277	476	4.94e-50	169
QHM28726.1	iML1515.b1655	34.7	118	69	5	148	257	146	263	4.85e-11	61.2
QHM28729.1	iYS854.USA300HOU_RS05260	22.9	292	212	7	547	832	79	363	2.00e-14	75.9
QHM28730.1	iCN900.CD630_21640	34.8	319	191	4	3	307	6	321	4.21e-59	191
QHM28730.1	iNF517.LLMG_RS07210	36.5	310	188	4	2	302	5	314	6.10e-59	191
QHM28730.1	iNF517.LLMG_RS02010	32.6	307	194	7	2	299	5	307	4.39e-53	176
QHM28730.1	iNF517.LLMG_RS05690	35.6	306	183	7	3	299	7	307	1.64e-52	174
QHM28731.1	iSynCJ816.SGL_RS13900	27.5	309	194	10	49	346	62	351	3.21e-16	79.3
QHM28732.1	iYO844.BSU35740	72.2	126	35	0	1	126	1	126	5.60e-67	198
QHM28733.1	iNF517.LLMG_RS12395	60.0	430	153	3	41	451	42	471	3.08e-159	458
QHM28733.1	iYO844.BSU40070	53.6	455	197	2	1	449	1	447	1.06e-156	451
QHM28733.1	iHN637.CLJU_RS00300	53.8	448	204	2	1	447	1	446	3.34e-153	442
QHM28733.1	iYO844.BSU19520	54.1	444	198	1	1	444	1	438	1.61e-152	440
QHM28733.1	iYS854.USA300HOU_RS13570	53.1	439	203	1	2	440	7	442	4.24e-152	439
QHM28734.1	iYS854.USA300HOU_RS13575	45.9	508	271	2	1	504	1	508	2.48e-155	452
QHM28734.1	iYO844.BSU40060	45.4	504	273	2	3	504	4	507	8.05e-153	445
QHM28734.1	iNF517.LLMG_RS12400	44.5	506	270	3	1	504	1	497	1.46e-150	439
QHM28735.1	iNF517.LLMG_RS12405	58.5	301	122	2	1	298	1	301	6.30e-120	345
QHM28735.1	iHN637.CLJU_RS05685	54.0	298	137	0	1	298	1	298	7.75e-113	327
QHM28736.1	iNF517.LLMG_RS08560	31.3	431	292	2	5	434	2	429	1.70e-70	229
QHM28737.1	iEK1008.Rv0684	28.7	474	302	11	14	461	14	477	5.45e-52	187
QHM28737.1	iSynCJ816.SGL_RS10930	28.0	478	295	10	14	461	11	469	3.85e-46	171
QHM28743.1	iYS854.USA300HOU_RS04910	39.4	508	297	6	41	546	40	538	7.55e-118	358
QHM28744.1	iYS854.USA300HOU_RS04890	50.0	306	152	1	1	306	1	305	5.40e-106	311
QHM28745.1	iYS854.USA300HOU_RS04895	43.3	330	175	5	18	344	36	356	5.93e-84	258
QHM28746.1	iYS854.USA300HOU_RS04900	63.4	339	121	3	5	341	3	340	2.23e-145	415
QHM28747.1	iYS854.USA300HOU_RS04905	68.0	297	90	2	8	302	7	300	4.30e-141	400
QHM28750.1	iCN900.CD630_20200	47.8	696	284	10	56	678	166	855	3.01e-192	565
QHM28752.1	iNF517.LLMG_RS00670	78.4	88	19	0	1	88	1	88	1.52e-42	133
QHM28753.1	iNF517.LLMG_RS00675	68.3	567	178	1	6	570	5	571	7.78e-274	758
QHM28753.1	iYO844.BSU13910	63.9	560	201	1	6	565	4	562	5.49e-256	712
QHM28753.1	iYS854.USA300HOU_RS05400	61.2	567	217	3	4	569	3	567	7.62e-247	689
QHM28754.1	iNF517.LLMG_RS12140	49.0	388	184	6	1	380	1	382	8.72e-119	352
QHM28755.1	iNF517.LLMG_RS12135	24.5	351	225	12	2	335	1	328	2.93e-18	84.0
QHM28757.1	iHN637.CLJU_RS05525	27.3	267	153	6	40	296	53	288	1.00e-25	107
QHM28757.1	iJN1463.PP_4803	31.7	243	139	5	40	281	38	254	5.30e-25	105
QHM28757.1	iYL1228.KPN_00871	31.6	247	145	4	38	281	38	263	3.99e-24	102
QHM28757.1	iYL1228.KPN_02468	32.4	241	139	4	44	281	42	261	4.81e-24	102
QHM28757.1	STM_v1_0.STM0863	32.0	247	144	4	38	281	38	263	7.38e-24	102
QHM28757.1	iML1515.b0839	32.0	247	144	4	38	281	38	263	1.86e-23	100
QHM28757.1	iSbBS512_1146.SbBS512_E2506	32.0	247	144	4	38	281	38	263	1.86e-23	100
QHM28757.1	iSF_1195.SF0789	32.0	247	144	4	38	281	45	270	8.67e-24	100
QHM28757.1	iSDY_1059.SDY_0841	32.0	247	144	4	38	281	38	263	2.52e-23	100
QHM28758.1	iNF517.LLMG_RS00370	57.4	380	160	2	9	387	8	386	1.38e-153	438
QHM28760.1	iYS854.USA300HOU_RS03880	46.4	633	328	8	17	646	12	636	2.30e-187	546
QHM28761.1	iAF692.Mbar_A1633	31.8	129	80	3	34	162	35	155	1.68e-09	54.3
QHM28761.1	iCN900.CD630_35170	29.0	124	85	3	55	178	132	252	4.92e-09	53.9
QHM28761.1	iMM1415.11821	29.6	152	95	5	31	179	32	174	5.09e-08	50.1
QHM28767.1	iYS854.USA300HOU_RS05515	44.8	435	237	2	8	441	13	445	1.77e-113	340
QHM28768.1	iPC815.YPO3117	41.2	311	175	4	3	306	6	315	5.41e-76	235
QHM28768.1	STM_v1_0.STM0489	40.3	300	167	4	4	294	7	303	1.10e-69	219
QHM28768.1	iSF_1195.SF0420	38.1	312	181	4	4	306	7	315	4.92e-68	215
QHM28768.1	iSDY_1059.SDY_0444	38.5	312	180	4	4	306	7	315	1.96e-67	213
QHM28768.1	iML1515.b0475	38.1	312	181	4	4	306	7	315	3.90e-67	213
QHM28768.1	iSSON_1240.SSON_0462	38.1	312	181	4	4	306	7	315	5.51e-67	212
QHM28769.1	iYO844.BSU02400	65.3	450	155	1	4	452	9	458	2.14e-203	570
QHM28769.1	iYL1228.KPN_00309	61.1	445	173	0	7	451	12	456	1.03e-186	528
QHM28769.1	iML1515.b0260	60.2	445	177	0	7	451	10	454	1.93e-186	527
QHM28769.1	iYO844.BSU39390	57.6	446	188	1	7	451	11	456	2.25e-182	517
QHM28770.1	iYL1228.KPN_00310	47.8	291	145	3	13	297	17	306	3.49e-84	255
QHM28770.1	iML1515.b0261	47.4	289	143	4	16	297	20	306	9.89e-84	254
QHM28771.1	iYS854.USA300HOU_RS02965	41.8	498	282	6	2	496	1	493	1.20e-124	372
QHM28771.1	iYS854.USA300HOU_RS02960	37.4	497	301	6	2	496	1	489	4.56e-111	337
QHM28773.1	iYO844.BSU30550	66.9	390	127	1	4	391	5	394	1.64e-190	532
QHM28773.1	iNF517.LLMG_RS10795	70.8	397	113	1	1	394	1	397	1.83e-189	530
QHM28773.1	iYS854.USA300HOU_RS09495	66.9	396	130	1	1	395	2	397	1.87e-186	522
QHM28773.1	iCN900.CD630_01300	63.6	390	139	2	4	391	3	391	2.38e-182	511
QHM28773.1	iHN637.CLJU_RS01260	62.4	388	145	1	4	391	2	388	1.04e-179	504
QHM28773.1	iLJ478.TM1658	63.9	393	139	2	4	394	2	393	2.36e-172	486
QHM28774.1	iYO844.BSU03070	33.5	484	307	6	21	490	24	506	9.58e-82	262
QHM28777.1	iYS854.USA300HOU_RS02965	25.3	509	357	13	1	499	1	496	2.87e-38	145
QHM28778.1	iYS854.USA300HOU_RS02960	28.3	505	341	9	1	499	1	490	6.08e-61	207
QHM28778.1	iYS854.USA300HOU_RS02965	28.9	501	337	13	1	494	1	489	1.52e-54	190
QHM28782.1	iYS854.USA300HOU_RS07240	35.2	145	92	2	56	200	52	194	1.26e-18	80.1
QHM28783.1	iYS854.USA300HOU_RS09335	68.3	810	247	5	1	807	1	803	0.0	1178
QHM28783.1	iNF517.LLMG_RS08750	62.7	840	266	8	1	806	1	827	0.0	1102
QHM28784.1	iYS854.USA300HOU_RS09315	29.1	550	366	8	24	554	6	550	1.01e-71	239
QHM28785.1	iCN900.CD630_04050	41.1	236	136	1	2	237	6	238	1.02e-60	191
QHM28785.1	iYS854.USA300HOU_RS09310	43.6	236	125	5	1	236	1	228	1.29e-56	180
QHM28786.1	iML1515.b4167	36.5	255	152	5	1	251	230	478	1.39e-28	113
QHM28787.1	iYS854.USA300HOU_RS09300	42.9	469	261	4	11	473	2	469	1.77e-132	390
QHM28789.1	iPC815.YPO3712	46.9	322	151	3	2	310	3	317	6.27e-90	274
QHM28789.1	iML1515.b4035	48.0	319	154	5	2	310	3	319	1.91e-86	265
QHM28789.1	iSSON_1240.SSON_4213	48.0	319	154	5	2	310	3	319	1.91e-86	265
QHM28789.1	iSF_1195.SF4170	48.0	319	154	5	2	310	3	319	3.82e-86	265
QHM28789.1	STM_v1_0.STM4230	47.2	324	147	4	2	310	3	317	5.09e-86	264
QHM28789.1	iYS854.USA300HOU_RS01090	56.8	241	103	1	3	243	4	243	6.37e-86	264
QHM28789.1	iYL1228.KPN_04424	47.6	317	156	5	2	310	3	317	5.73e-85	261
QHM28789.1	STM_v1_0.STM3554	46.1	304	156	5	2	301	3	302	6.93e-83	256
QHM28789.1	iML1515.b3450	48.1	289	135	4	2	281	3	285	1.96e-82	254
QHM28789.1	iJN1463.PP_1018	45.7	300	151	4	3	293	4	300	1.27e-81	253
QHM28789.1	iSbBS512_1146.SbBS512_E3873	48.1	289	135	4	2	281	3	285	5.52e-82	253
QHM28789.1	iYL1228.KPN_03810	48.4	281	140	4	2	278	3	282	3.11e-81	251
QHM28789.1	iPC815.YPO3793	47.7	283	143	4	3	281	4	285	6.39e-81	251
QHM28789.1	iEK1008.Rv1238	54.1	242	110	1	3	244	4	244	2.60e-80	250
QHM28790.1	iEK1008.Rv2040c	35.9	284	175	4	41	318	9	291	1.78e-48	164
QHM28790.1	iLJ478.TM1121	32.0	281	190	1	42	321	21	301	1.03e-47	162
QHM28790.1	iPC815.YPO3795	33.2	286	179	3	42	321	15	294	2.82e-45	155
QHM28790.1	iCN900.CD630_34160	31.0	281	194	0	41	321	8	288	1.32e-44	153
QHM28790.1	iML1515.b3452	31.4	290	187	3	38	321	11	294	2.51e-42	147
QHM28791.1	iLJ478.TM1122	33.3	222	147	1	60	280	54	275	4.20e-41	142
QHM28791.1	iEK1008.Rv2834c	32.7	272	178	3	12	280	5	274	1.14e-40	141
QHM28791.1	iEK1008.Rv2039c	36.6	216	135	2	60	274	59	273	3.58e-40	140
QHM28791.1	iCN900.CD630_34150	31.1	267	171	2	22	280	25	286	4.82e-38	135
QHM28792.1	iLJ478.TM1120	25.4	417	291	6	13	422	7	410	9.75e-45	161
QHM28793.1	iNF517.LLMG_RS00415	32.1	246	145	5	2	225	31	276	4.99e-35	125
QHM28794.1	iNF517.LLMG_RS06755	51.4	210	101	1	1	209	1	210	3.98e-69	210
QHM28794.1	iNF517.LLMG_RS02445	49.5	210	104	2	2	209	3	212	4.52e-64	197
QHM28795.1	iML1515.b3291	43.7	135	59	3	1	123	3	132	3.75e-24	89.7
QHM28799.1	iEK1008.Rv2936	41.0	195	111	1	21	211	24	218	3.12e-36	131
QHM28799.1	iJN1463.PP_1484	33.9	224	140	4	6	223	4	225	1.13e-34	127
QHM28799.1	iYO844.BSU02750	31.7	205	135	2	21	220	20	224	1.84e-35	127
QHM28799.1	iEK1008.Rv2397c	36.9	217	131	3	6	217	4	219	4.97e-34	126
QHM28799.1	iLJ478.TM1376	32.3	220	143	3	3	217	2	220	1.31e-33	125
QHM28799.1	iCHOv1.100761226	33.8	228	141	5	3	223	895	1119	4.17e-32	125
QHM28799.1	iMM1415.11303	33.8	228	141	5	3	223	895	1119	7.67e-32	124
QHM28799.1	iJN1463.PP_3817	35.2	213	132	4	4	211	12	223	4.47e-33	124
QHM28799.1	iCN900.CD630_09000	33.0	230	145	5	7	227	2	231	5.83e-33	124
QHM28799.1	iLJ478.TM0421	34.1	217	137	3	6	217	3	218	4.22e-33	124
QHM28799.1	iYL1228.KPN_01927	33.5	224	139	5	6	222	4	224	7.66e-33	122
QHM28799.1	iJN1463.PP_5137	36.7	215	132	3	7	218	10	223	1.96e-32	122
QHM28799.1	iSSON_1240.SSON_2511	33.8	222	137	3	6	218	2	222	2.45e-32	122
QHM28799.1	iYO844.BSU32750	35.0	206	123	4	18	213	17	221	2.24e-32	121
QHM28799.1	iYS854.USA300HOU_RS02325	34.1	220	132	5	7	213	2	221	2.24e-32	121
QHM28799.1	iPC815.YPO1332	31.8	217	142	3	7	218	20	235	4.15e-32	121
QHM28799.1	iCN900.CD630_14890	31.9	226	145	3	7	223	2	227	2.14e-32	121
QHM28799.1	iML1515.b2422	33.9	221	136	3	6	217	2	221	4.75e-32	121
QHM28799.1	iSbBS512_1146.SbBS512_E2794	33.9	221	136	3	6	217	2	221	4.75e-32	121
QHM28799.1	iSDY_1059.SDY_2618	33.9	221	136	3	6	217	2	221	4.75e-32	121
QHM28799.1	iJN1463.PP_0114	35.5	203	121	4	21	213	20	222	3.89e-32	120
QHM28799.1	iJN1463.PP_5179	32.7	217	138	4	7	217	23	237	8.41e-32	120
QHM28799.1	iSynCJ816.SGL_RS10355	30.9	272	169	6	5	261	17	284	6.94e-32	120
QHM28799.1	iYL1228.KPN_02770	33.3	222	138	3	6	218	2	222	1.75e-31	119
QHM28799.1	iYL1228.KPN_00886	31.8	217	142	3	7	218	36	251	3.81e-31	119
QHM28799.1	iJN1463.PP_2668	33.8	228	145	3	5	227	2	228	2.25e-32	119
QHM28799.1	iCN900.CD630_16140	32.7	205	134	1	21	221	39	243	4.80e-32	119
QHM28800.1	iCN900.CD630_19470	32.0	100	67	1	90	188	121	220	3.81e-06	47.0
QHM28800.1	iYO844.BSU02750	21.7	180	124	4	19	181	21	200	1.40e-05	45.4
QHM28800.1	iYO844.BSU24950	35.9	78	48	1	68	145	108	183	4.84e-05	43.9
QHM28800.1	iYS854.USA300HOU_RS08305	23.7	114	83	1	79	188	103	216	6.50e-05	43.5
QHM28800.1	iYL1228.KPN_00969	28.5	193	113	6	6	182	14	197	1.53e-04	42.4
QHM28800.1	iJN1463.PP_0240	37.7	106	63	3	101	203	120	225	1.61e-04	42.4
QHM28801.1	iYS854.USA300HOU_RS07280	50.3	159	79	0	95	253	3	161	6.30e-55	174
QHM28801.1	iYO844.BSU21690	51.6	157	76	0	95	251	5	161	1.43e-53	171
QHM28801.1	iYS854.USA300HOU_RS06930	48.8	162	83	0	98	259	6	167	1.84e-49	160
QHM28801.1	iCN900.CD630_21660	47.3	165	86	1	98	262	7	170	6.97e-47	158
QHM28802.1	iSynCJ816.SGL_RS16080	33.3	69	44	1	9	75	7	75	3.30e-05	41.6
QHM28806.1	iML1515.b3697	29.5	281	173	6	3	273	4	269	1.89e-26	103
QHM28812.1	iYS854.USA300HOU_RS09450	27.4	179	116	5	48	222	37	205	1.07e-10	58.9
QHM28816.1	iCN900.CD630_31950	31.1	835	441	19	11	746	4	803	6.75e-125	392
QHM28822.1	iYO844.BSU11010	44.4	615	328	8	1	613	1	603	1.22e-172	504
QHM28823.1	iYO844.BSU13180	53.4	764	348	4	2	764	3	759	1.11e-284	801
QHM28825.1	iYO844.BSU15590	59.8	378	146	4	10	386	6	378	4.23e-159	452
QHM28825.1	iSynCJ816.SGL_RS11000	55.0	380	165	3	7	381	8	386	1.55e-141	407
QHM28826.1	iYO844.BSU15600	56.6	189	82	0	7	195	6	194	6.61e-72	216
QHM28826.1	iYL1228.KPN_03112	57.1	191	81	1	5	195	6	195	4.32e-71	214
QHM28826.1	iPC815.YPO3364	56.1	189	82	1	5	193	18	205	3.65e-70	212
QHM28826.1	STM_v1_0.STM2933	56.1	189	82	1	5	193	6	193	3.52e-70	212
QHM28826.1	iSF_1195.SF2773	54.4	195	88	1	5	199	6	199	2.33e-68	207
QHM28826.1	iML1515.b2750	54.4	195	88	1	5	199	6	199	4.68e-68	206
QHM28826.1	iSDY_1059.SDY_2949	54.4	195	88	1	5	199	6	199	4.68e-68	206
QHM28826.1	iSSON_1240.SSON_2898	54.4	195	88	1	5	199	6	199	4.68e-68	206
QHM28826.1	iSbBS512_1146.SbBS512_E3124	54.4	195	88	1	5	199	6	199	6.63e-68	206
QHM28827.1	iHN637.CLJU_RS06465	27.5	298	203	8	10	296	6	301	4.54e-26	105
QHM28829.1	iLB1027_lipid.PHATRDRAFT_22453	31.4	574	363	13	27	578	13	577	3.69e-73	245
QHM28832.1	iCN718.ABAYE_RS03670	35.2	128	75	4	22	148	19	139	3.82e-10	54.3
QHM28833.1	iNF517.LLMG_RS11600	61.3	564	216	2	1	562	1	564	4.80e-247	689
QHM28835.1	iJN1463.PP_4210	28.8	685	428	14	4	664	6	654	1.12e-56	203
QHM28839.1	iML1515.b1736	40.0	100	60	0	8	107	16	115	2.83e-21	81.3
QHM28839.1	iSF_1195.SF1490	40.0	100	60	0	8	107	16	115	2.83e-21	81.3
QHM28839.1	iSSON_1240.SSON_1422	40.0	100	60	0	8	107	16	115	2.83e-21	81.3
QHM28839.1	STM_v1_0.STM1314	40.0	100	60	0	8	107	16	115	7.83e-21	80.1
QHM28839.1	iCN900.CD630_36470	40.4	99	55	1	11	105	7	105	2.77e-19	75.9
QHM28839.1	iCN900.CD630_01350	34.0	100	66	0	10	109	2	101	2.92e-18	73.2
QHM28840.1	iYO844.BSU38590	38.1	97	57	1	5	98	2	98	7.81e-15	63.9
QHM28841.1	iCN900.CD630_08620	31.7	369	234	8	62	423	64	421	9.48e-42	153
QHM28841.1	iYO844.BSU05830	29.8	373	250	8	78	442	74	442	9.53e-38	142
QHM28841.1	iCN900.CD630_01370	30.7	371	240	10	71	429	68	433	4.91e-37	140
QHM28842.1	iML1515.b2716	48.3	487	230	6	3	484	4	473	2.11e-160	462
QHM28842.1	iSDY_1059.SDY_2912	48.0	487	231	6	3	484	4	473	1.20e-159	461
QHM28842.1	iCN900.CD630_31240	48.2	492	229	7	1	484	3	476	5.37e-159	459
QHM28842.1	iYO844.BSU39260	48.7	489	219	6	2	484	7	469	1.24e-155	450
QHM28842.1	iCN900.CD630_30960	47.8	492	231	7	1	484	1	474	6.74e-154	446
QHM28842.1	iNF517.LLMG_RS02245	45.0	498	240	7	1	484	1	478	6.22e-153	444
QHM28842.1	iYS854.USA300HOU_RS01380	46.4	498	230	8	2	484	3	478	3.54e-152	442
QHM28842.1	STM_v1_0.STM3051	45.1	494	241	4	1	484	4	477	3.92e-151	439
QHM28842.1	iSF_1195.SF2887	44.9	494	242	4	1	484	4	477	8.98e-150	436
QHM28842.1	iML1515.b2901	44.7	494	243	4	1	484	6	479	1.92e-149	435
QHM28842.1	iYO844.BSU40110	44.8	495	239	6	4	484	5	479	1.10e-148	433
QHM28842.1	iSbBS512_1146.SbBS512_E3322	44.7	494	243	4	1	484	6	479	1.55e-148	432
QHM28842.1	iYL1228.KPN_03330	44.3	494	245	5	1	484	4	477	5.84e-148	431
QHM28842.1	iSSON_1240.SSON_3054	44.8	489	240	4	6	484	11	479	2.51e-147	429
QHM28842.1	iCN900.CD630_31360	43.9	497	246	7	1	484	1	477	2.68e-146	427
QHM28842.1	iML1515.b3721	47.0	487	225	7	3	484	4	462	3.01e-146	426
QHM28842.1	iCN900.CD630_03890	45.2	500	242	9	2	484	3	487	2.29e-142	417
QHM28842.1	iSSON_1240.SSON_1595	45.1	499	234	7	3	484	4	479	3.41e-142	416
QHM28846.1	iYO844.BSU38520	42.9	77	43	1	3	78	2	78	1.23e-16	67.0
QHM28846.1	iYS854.USA300HOU_RS04630	47.2	72	37	1	8	78	7	78	3.50e-16	65.9
QHM28847.1	iCN900.CD630_36640	26.6	383	270	5	98	471	4	384	6.36e-47	167
QHM28848.1	iPC815.YPO0918	28.6	189	128	3	3	186	4	190	4.90e-12	62.0
QHM28848.1	iYO844.BSU10870	25.0	188	139	2	1	186	18	205	7.15e-10	56.2
QHM28849.1	iLJ478.TM1255	30.2	311	194	8	69	369	77	374	8.01e-32	123
QHM28852.1	iNF517.LLMG_RS11990	45.8	637	312	13	27	655	47	658	1.05e-160	481
QHM28860.1	iNF517.LLMG_RS01985	45.9	205	106	3	1	204	1	201	1.01e-52	169
QHM28861.1	iNF517.LLMG_RS07275	31.3	508	277	12	292	796	50	488	1.94e-57	204
QHM28869.1	iAF987.Gmet_3497	33.1	750	470	11	10	730	35	781	1.10e-113	363
QHM28870.1	iEK1008.Rv1023	55.1	410	181	3	4	412	3	410	4.36e-148	427
QHM28870.1	iLJ478.TM0877	55.0	411	181	4	4	412	3	411	1.89e-146	423
QHM28870.1	iCN900.CD630_31700	52.1	413	193	4	4	412	3	414	4.15e-141	409
QHM28870.1	iHN637.CLJU_RS19255	51.8	411	194	4	4	412	7	415	1.26e-140	408
QHM28870.1	iYO844.BSU33900	52.0	415	193	5	1	411	1	413	3.76e-134	392
QHM28870.1	iSynCJ816.SGL_RS17675	53.3	411	186	5	5	412	9	416	1.62e-133	390
QHM28870.1	iAF987.Gmet_2372	50.0	416	203	5	1	413	1	414	9.53e-132	385
QHM28873.1	iAF987.Gmet_0885	31.6	313	201	6	1	310	1	303	4.65e-47	160
QHM28877.1	iYO844.BSU23280	36.0	353	217	5	5	349	5	356	1.18e-66	214
QHM28877.1	iHN637.CLJU_RS10840	34.1	320	202	4	5	316	10	328	1.20e-58	193
QHM28878.1	iAF987.Gmet_1625	44.1	195	108	1	1	195	1	194	1.38e-45	149
QHM28878.1	iNF517.LLMG_RS07705	44.3	194	107	1	1	194	1	193	2.69e-45	149
QHM28878.1	iYO844.BSU23270	42.3	194	111	1	1	194	1	193	6.09e-44	145
QHM28879.1	iYO844.BSU23260	51.3	394	181	4	10	397	8	396	1.00e-119	353
QHM28879.1	iHN637.CLJU_RS10830	49.6	387	192	3	14	399	15	399	4.26e-114	338
QHM28879.1	iNF517.LLMG_RS07700	48.5	390	199	2	7	395	7	395	2.85e-111	331
QHM28879.1	iAF987.Gmet_1626	46.9	397	208	3	3	397	2	397	2.44e-110	329
QHM28880.1	iYO844.BSU23250	56.6	152	66	0	1	152	1	152	5.43e-61	185
QHM28880.1	iNF517.LLMG_RS07695	55.7	149	66	0	1	149	1	149	1.97e-56	173
QHM28880.1	iCN900.CD630_16970	52.7	150	71	0	4	153	3	152	2.71e-56	173
QHM28880.1	iAF987.Gmet_1627	59.6	146	59	0	6	151	7	152	2.89e-56	173
QHM28880.1	iYS854.USA300HOU_RS09385	54.7	150	68	0	4	153	3	152	2.80e-56	173
QHM28880.1	iHN637.CLJU_RS10825	55.6	151	67	0	1	151	1	151	8.98e-55	169
QHM28885.1	iNF517.LLMG_RS02085	28.0	446	302	8	3	431	2	445	1.30e-44	160
QHM28893.1	iML1515.b1103	34.3	105	65	3	10	112	3	105	2.54e-11	57.0
QHM28894.1	iYO844.BSU02750	32.9	225	146	3	15	237	18	239	1.56e-36	129
QHM28894.1	iCN900.CD630_16140	32.4	222	146	2	18	238	40	258	1.44e-34	124
QHM28899.1	iYS854.USA300HOU_RS09255	42.6	197	108	4	6	202	5	196	6.53e-43	142
QHM28901.1	iYO844.BSU29790	58.2	431	179	1	5	435	2	431	2.36e-182	514
QHM28901.1	iYS854.USA300HOU_RS09245	55.7	431	190	1	5	435	2	431	1.09e-174	495
QHM28901.1	iNF517.LLMG_RS11610	55.8	428	187	2	7	432	5	432	2.54e-172	489
QHM28903.1	iYS854.USA300HOU_RS13840	45.6	666	356	3	1	662	1	664	3.45e-189	550
QHM28905.1	iYS854.USA300HOU_RS04515	64.0	253	85	1	2	254	3	249	1.32e-118	339
QHM28906.1	iYS854.USA300HOU_RS04520	36.9	415	253	3	21	427	20	433	1.01e-91	283
QHM28907.1	iYS854.USA300HOU_RS04525	56.9	399	171	1	11	409	17	414	8.45e-163	463
QHM28907.1	iSynCJ816.SGL_RS15265	51.4	403	193	2	7	407	12	413	1.51e-144	417
QHM28908.1	iYS854.USA300HOU_RS04530	43.7	151	82	2	1	151	1	148	3.54e-36	122
QHM28909.1	iYS854.USA300HOU_RS04535	63.9	465	164	1	4	468	5	465	2.55e-217	606
QHM28910.1	iAF692.Mbar_A2263	29.7	323	203	7	42	349	39	352	1.14e-31	122
QHM28911.1	iAF692.Mbar_A2262	33.7	252	166	1	1	251	1	252	5.48e-50	164
QHM28912.1	iAF692.Mbar_A2261	44.9	321	170	2	13	326	15	335	2.25e-80	248
QHM28913.1	iYL1228.KPN_03119	33.0	115	73	2	5	116	66	179	3.88e-10	56.6
QHM28913.1	iYS854.USA300HOU_RS14220	29.4	136	91	3	5	136	91	225	5.32e-10	56.2
QHM28913.1	iML1515.b0684	32.1	112	73	2	5	115	6	115	1.04e-09	53.9
QHM28913.1	iYL1228.KPN_00707	32.1	112	73	2	5	115	6	115	1.04e-09	53.9
QHM28913.1	iSbBS512_1146.SbBS512_E0566	32.1	112	73	2	5	115	45	154	1.63e-09	53.9
QHM28913.1	iSDY_1059.SDY_0624	32.1	112	73	2	5	115	6	115	1.04e-09	53.9
QHM28913.1	iSF_1195.SF0609	32.1	112	73	2	5	115	6	115	1.04e-09	53.9
QHM28913.1	iSSON_1240.SSON_0638	32.1	112	73	2	5	115	6	115	1.04e-09	53.9
QHM28913.1	STM_v1_0.STM0694	32.1	112	73	2	5	115	6	115	2.78e-09	52.8
QHM28914.1	iEK1008.Rv3119	42.4	132	73	2	5	133	14	145	1.68e-29	103
QHM28915.1	iYS854.USA300HOU_RS12295	51.4	37	15	2	47	81	42	77	1.16e-04	36.6
QHM28916.1	iAF987.Gmet_0301	38.4	336	190	6	3	332	2	326	3.67e-80	246
QHM28916.1	iAF987.Gmet_2095	38.4	333	188	5	6	332	5	326	3.75e-77	239
QHM28916.1	iAF987.Gmet_0337	37.9	319	187	6	3	315	2	315	7.58e-74	230
QHM28916.1	iJN1463.PP_4597	36.5	334	200	4	4	332	8	334	1.36e-73	230
QHM28917.1	iYO844.BSU37320	33.9	366	240	2	13	377	4	368	9.85e-70	224
QHM28917.1	iJN1463.PP_2092	36.2	362	220	6	29	383	33	390	2.74e-62	205
QHM28918.1	iYS854.USA300HOU_RS04825	49.5	97	49	0	14	110	5	101	3.00e-35	116
QHM28923.1	iEK1008.Rv0386	38.3	60	37	0	150	209	1022	1081	2.43e-06	47.4
QHM28927.1	iEK1008.Rv2453c	30.0	203	118	9	12	203	4	193	7.93e-09	53.1
QHM28928.1	iJN1463.PP_1292	57.0	151	65	0	5	155	2	152	1.88e-53	166
QHM28928.1	iYS854.USA300HOU_RS12315	51.3	156	72	1	4	155	3	158	2.82e-47	150
QHM28929.1	iAF987.Gmet_0300	30.8	107	74	0	13	119	214	320	4.81e-12	62.4
QHM28930.1	iYS854.USA300HOU_RS12310	36.9	407	249	5	1	400	2	407	1.81e-72	232
QHM28931.1	iJN1463.PP_4600	41.4	145	79	3	6	147	16	157	9.95e-29	103
QHM28931.1	iJN1463.PP_2122	39.9	143	84	2	6	147	16	157	2.38e-28	102
QHM28932.1	iYS854.USA300HOU_RS12325	33.6	339	203	9	4	331	5	332	2.36e-40	144
QHM28933.1	iYS854.USA300HOU_RS12960	63.9	1230	424	12	6	1223	8	1229	0.0	1665
QHM28934.1	iYS854.USA300HOU_RS12955	63.8	528	173	3	1	519	1	519	2.60e-267	737
QHM28934.1	iYO844.BSU37270	64.5	479	166	3	1	478	1	476	1.15e-241	671
QHM28935.1	iYS854.USA300HOU_RS12950	36.8	185	109	5	2	183	7	186	2.08e-31	112
QHM28936.1	iYS854.USA300HOU_RS12945	44.5	218	119	2	9	225	6	222	5.29e-58	182
QHM28944.1	iYO844.BSU29060	43.0	186	105	1	1	185	1	186	1.05e-42	141
QHM28948.1	iNF517.LLMG_RS10900	60.2	649	250	3	38	684	2	644	1.08e-291	811
QHM28948.1	iYS854.USA300HOU_RS08915	60.1	646	252	2	35	680	1	640	2.04e-279	780
QHM28954.1	iEK1008.Rv3825c	31.0	203	117	7	10	205	1430	1616	2.71e-12	67.8
QHM28954.1	iJN1463.PP_0072	28.6	210	135	3	4	213	5	199	1.03e-11	64.7
QHM28956.1	iNF517.LLMG_RS12580	41.5	229	132	2	1	228	1	228	1.59e-57	182
QHM28957.1	iML1515.b1022	36.5	318	194	6	24	340	37	347	4.52e-56	191
QHM28957.1	iYS854.USA300HOU_RS14480	30.9	418	266	10	21	432	7	407	7.58e-52	179
QHM28959.1	iSbBS512_1146.SbBS512_E3762	25.8	132	87	4	12	134	79	208	7.95e-04	38.5
QHM28962.1	iNF517.LLMG_RS07435	53.2	190	89	0	22	211	7	196	3.58e-70	212
QHM28965.1	iCHOv1.100769585	29.1	134	80	4	17	137	43	174	8.27e-08	51.6
QHM28965.1	iPC815.YPO1215	33.0	106	65	3	36	139	59	160	7.08e-07	48.5
QHM28965.1	iML1515.b2232	30.2	106	68	3	36	139	59	160	9.44e-07	48.1
QHM28965.1	iMM1415.14711	27.6	134	82	4	17	137	43	174	1.20e-06	48.1
QHM28965.1	iSbBS512_1146.SbBS512_E2607	30.2	106	68	3	36	139	59	160	9.44e-07	48.1
QHM28965.1	iSDY_1059.SDY_2424	30.2	106	68	3	36	139	59	160	9.44e-07	48.1
QHM28965.1	iSF_1195.SF2312	30.2	106	68	3	36	139	59	160	9.44e-07	48.1
QHM28965.1	iSSON_1240.SSON_2290	30.2	106	68	3	36	139	59	160	9.44e-07	48.1
QHM28965.1	iJN1463.PP_1765	33.0	106	65	3	36	139	50	151	2.21e-06	47.0
QHM28969.1	iCN900.CD630_28320	24.8	214	134	6	28	234	26	219	9.05e-07	49.7
QHM28969.1	iAF987.Gmet_0858	26.0	169	103	3	28	196	19	165	9.54e-06	46.2
QHM28970.1	iNF517.LLMG_RS03045	68.9	469	142	2	9	477	7	471	1.50e-232	645
QHM28970.1	iYO844.BSU23860	63.4	470	167	2	5	474	3	467	1.00e-215	602
QHM28970.1	iYL1228.KPN_02499	63.3	472	167	3	5	476	3	468	4.54e-214	598
QHM28970.1	iML1515.b2029	63.8	472	161	4	5	474	3	466	3.70e-213	596
QHM28970.1	iSbBS512_1146.SbBS512_E1202	63.8	472	161	4	5	474	3	466	3.70e-213	596
QHM28970.1	iSSON_1240.SSON_2100	63.6	470	165	3	5	474	3	466	5.25e-213	595
QHM28970.1	STM_v1_0.STM2081	63.3	474	164	4	5	476	3	468	1.50e-212	594
QHM28970.1	iSDY_1059.SDY_2212	63.6	472	162	4	5	474	3	466	2.13e-212	594
QHM28970.1	iSF_1195.SF2091	63.4	470	166	3	5	474	3	466	3.02e-212	593
QHM28970.1	iPC815.YPO1541	62.1	470	173	2	5	474	3	467	6.88e-209	585
QHM28972.1	iAF987.Gmet_1706	37.6	125	73	2	3	124	2	124	1.30e-14	71.2
QHM28972.1	iAF987.Gmet_1914	33.0	109	70	3	1	107	1	108	2.32e-13	68.2
QHM28973.1	iAF987.Gmet_0043	36.9	103	59	2	401	498	165	266	5.48e-10	61.6
QHM28974.1	iNF517.LLMG_RS01040	32.2	311	197	3	11	320	1	298	4.20e-42	147
QHM28979.1	iLJ478.TM1564	42.0	88	50	1	1	88	1	87	3.21e-17	69.3
QHM28983.1	iNF517.LLMG_RS11030	63.1	344	127	0	1	344	1	344	4.15e-163	459
QHM28983.1	iYS854.USA300HOU_RS05690	60.5	344	135	1	1	344	1	343	6.99e-154	436
QHM28984.1	iNF517.LLMG_RS11025	48.4	806	406	6	1	805	1	797	2.84e-252	721
QHM28985.1	iCN900.CD630_12260	32.8	308	189	7	68	372	32	324	3.68e-37	137
QHM28986.1	iYO844.BSU27330	64.5	203	72	0	7	209	3	205	3.32e-97	281
QHM28986.1	iNF517.LLMG_RS03940	63.1	203	75	0	7	209	2	204	1.46e-92	269
QHM28992.1	iNF517.LLMG_RS01845	36.1	693	386	19	5	659	22	695	7.59e-115	360
QHM28994.1	iNF517.LLMG_RS00960	36.2	174	101	5	7	180	8	171	2.01e-26	99.0
QHM28994.1	iYS854.USA300HOU_RS08275	33.7	181	112	5	1	179	1	175	2.78e-23	90.9
QHM28997.1	iNF517.LLMG_RS11535	61.1	316	123	0	4	319	5	320	1.08e-143	407
QHM28999.1	iSynCJ816.SGL_RS18145	33.3	78	52	0	52	129	78	155	6.17e-10	53.9
QHM29001.1	iNF517.LLMG_RS00415	45.3	245	128	3	3	242	37	280	6.04e-64	200
QHM29004.1	iYS854.USA300HOU_RS06590	68.1	448	141	1	1	448	1	446	1.06e-232	643
QHM29004.1	iYO844.BSU17460	67.7	443	141	1	6	448	4	444	7.63e-230	636
QHM29004.1	iNF517.LLMG_RS12480	64.3	442	153	3	10	448	7	446	2.76e-209	584
QHM29016.1	iYS854.USA300HOU_RS08170	38.3	355	214	4	1	353	1	352	7.31e-84	258
QHM29020.1	iNF517.LLMG_RS08520	58.0	276	114	1	4	279	3	276	1.09e-96	285
QHM29020.1	iAF987.Gmet_1162	55.0	280	124	1	1	280	1	278	3.83e-92	274
QHM29023.1	iNF517.LLMG_RS08500	46.6	247	130	2	17	262	8	253	1.01e-62	199
QHM29023.1	iJN1463.PP_0528	51.5	227	105	3	37	259	34	259	6.77e-60	192
QHM29023.1	STM_v1_0.STM0423	45.8	271	139	5	16	280	13	281	1.07e-59	192
QHM29023.1	iLB1027_lipid.PHATRDRAFT_19000	43.7	263	144	3	15	273	53	315	4.34e-59	191
QHM29023.1	iYL1228.KPN_00373	44.8	279	131	5	23	280	5	281	1.69e-58	189
QHM29023.1	iSF_1195.SF0358	45.7	267	131	5	16	273	13	274	2.38e-58	188
QHM29023.1	iML1515.b0421	47.0	253	120	5	16	259	13	260	9.46e-58	187
QHM29023.1	iSbBS512_1146.SbBS512_E0342	47.0	253	120	5	16	259	13	260	9.46e-58	187
QHM29023.1	iSDY_1059.SDY_0309	47.0	253	120	5	16	259	13	260	9.46e-58	187
QHM29023.1	iSSON_1240.SSON_0398	47.0	253	120	5	16	259	13	260	9.46e-58	187
QHM29023.1	iPC815.YPO3176	50.4	236	106	6	32	260	37	268	1.62e-57	186
QHM29023.1	iCN718.ABAYE_RS04165	46.0	248	122	4	17	255	19	263	1.66e-56	184
QHM29027.1	iYO844.BSU33830	61.2	371	144	0	1	371	4	374	6.47e-166	469
QHM29027.1	iYS854.USA300HOU_RS13270	57.3	389	156	2	1	380	4	391	4.09e-159	453
QHM29027.1	iYO844.BSU33730	58.8	371	152	1	1	370	4	374	7.03e-156	444
QHM29028.1	iYO844.BSU33820	55.8	208	92	0	1	208	4	211	1.90e-76	228
QHM29028.1	iYS854.USA300HOU_RS13265	58.0	205	86	0	1	205	1	205	1.59e-71	216
QHM29028.1	iYO844.BSU33720	52.2	207	99	0	2	208	5	211	2.74e-71	215
QHM29029.1	iYO844.BSU33810	55.4	307	133	4	1	307	1	303	7.88e-115	333
QHM29029.1	iYS854.USA300HOU_RS13260	54.5	310	134	5	1	307	1	306	1.82e-108	317
QHM29029.1	iYO844.BSU33710	51.1	307	147	2	2	308	3	306	3.57e-104	306
QHM29030.1	iYO844.BSU33800	69.6	214	65	0	4	217	1	214	5.57e-95	276
QHM29030.1	iYO844.BSU33700	67.8	214	69	0	4	217	1	214	2.04e-94	275
QHM29032.1	iNF517.LLMG_RS10780	64.1	206	73	1	1	206	1	205	9.29e-95	274
QHM29034.1	iYO844.BSU15700	48.6	368	185	3	7	373	5	369	8.14e-103	310
QHM29034.1	iYS854.USA300HOU_RS06085	44.0	393	214	3	7	396	2	391	5.92e-101	305
QHM29034.1	iJN1463.PP_5285	44.6	392	211	4	6	396	6	392	2.45e-95	291
QHM29034.1	iHN637.CLJU_RS06155	44.9	390	210	3	6	395	5	389	1.57e-94	288
QHM29034.1	iAF987.Gmet_2673	45.6	379	196	3	7	381	5	377	7.77e-94	287
QHM29034.1	iCN718.ABAYE_RS03170	44.6	383	204	3	1	377	5	385	1.33e-92	284
QHM29036.1	iNF517.LLMG_RS10745	54.0	322	135	7	2	314	4	321	4.17e-111	325
QHM29036.1	iYO844.BSU15730	52.3	304	143	2	1	304	1	302	2.25e-109	320
QHM29036.1	iYS854.USA300HOU_RS06110	50.8	315	151	4	1	315	1	311	6.03e-108	316
QHM29037.1	iAM_Pc455.PCYB_061470	28.9	97	64	2	355	446	399	495	1.31e-04	43.9
QHM29038.1	iYS854.USA300HOU_RS06125	36.1	244	156	0	1	244	2	245	1.62e-50	165
QHM29039.1	iYS854.USA300HOU_RS06130	34.0	665	419	9	7	664	6	657	1.63e-105	334
QHM29040.1	iYS854.USA300HOU_RS06135	41.8	294	168	2	1	294	1	291	3.94e-70	218
QHM29041.1	iNF517.LLMG_RS11000	56.9	211	90	1	3	213	4	213	1.95e-81	241
QHM29041.1	iYS854.USA300HOU_RS06140	52.1	213	102	0	1	213	1	213	2.85e-77	231
QHM29042.1	iNF517.LLMG_RS10075	37.2	188	116	2	27	213	21	207	1.13e-36	127
QHM29045.1	iYS854.USA300HOU_RS06160	45.8	566	288	4	5	570	2	548	3.70e-164	478
QHM29047.1	iYS854.USA300HOU_RS06175	48.8	328	161	3	1	328	1	321	5.13e-101	300
QHM29048.1	iYS854.USA300HOU_RS06195	52.1	71	34	0	5	75	2	72	4.95e-19	73.2
QHM29062.1	iCN900.CD630_16140	30.3	221	154	0	16	236	39	259	1.59e-40	140
QHM29062.1	iYO844.BSU02750	30.3	238	161	2	1	233	1	238	1.20e-38	134
QHM29065.1	iAF987.Gmet_2497	38.2	387	233	5	86	468	102	486	4.51e-72	236
QHM29065.1	iCN718.ABAYE_RS17400	38.4	398	214	9	88	466	104	489	2.58e-67	223
QHM29065.1	iJN1463.PP_0417	38.4	388	225	6	87	465	102	484	3.47e-66	220
QHM29065.1	iEK1008.Rv1609	39.9	391	209	9	96	468	121	503	6.73e-63	212
QHM29066.1	iHN637.CLJU_RS07880	44.1	188	102	2	12	198	1	186	4.40e-52	166
QHM29066.1	iLJ478.TM0141	41.8	194	109	2	10	201	44	235	7.75e-48	164
QHM29066.1	iSbBS512_1146.SbBS512_E3736	45.5	189	101	1	12	200	1	187	7.54e-50	159
QHM29066.1	STM_v1_0.STM3469	44.9	187	101	1	12	198	1	185	1.07e-49	159
QHM29066.1	iAF987.Gmet_2496	40.7	189	110	1	12	200	1	187	4.56e-49	157
QHM29066.1	iSDY_1059.SDY_3522	44.9	187	101	1	12	198	1	185	8.61e-49	157
QHM29066.1	iSF_1195.SF3379	45.0	189	102	1	12	200	1	187	8.61e-49	157
QHM29066.1	iML1515.b3360	44.9	187	101	1	12	198	1	185	1.73e-48	156
QHM29066.1	iSSON_1240.SSON_3491	44.9	187	101	1	12	198	1	185	1.73e-48	156
QHM29066.1	iYO844.BSU00750	39.6	187	111	1	12	198	1	185	3.43e-47	153
QHM29066.1	iYL1228.KPN_03746	43.3	187	104	1	12	198	1	185	1.12e-46	151
QHM29066.1	iNF517.LLMG_RS05240	45.5	189	97	5	12	198	1	185	1.89e-46	151
QHM29066.1	iCN718.ABAYE_RS06050	39.1	192	110	2	12	198	1	190	7.82e-46	149
QHM29067.1	iAF987.Gmet_2495	46.7	347	166	3	1	330	1	345	5.23e-85	260
QHM29067.1	iHN637.CLJU_RS07885	43.1	334	189	1	1	333	1	334	2.92e-78	242
QHM29068.1	iAF987.Gmet_2494	45.4	205	112	0	50	254	60	264	4.52e-49	162
QHM29068.1	iSynCJ816.SGL_RS16890	42.4	238	129	3	25	254	54	291	3.05e-47	158
QHM29068.1	iHN637.CLJU_RS07890	38.9	247	141	4	1	243	1	241	7.05e-46	154
QHM29068.1	iEK1008.Rv1611	41.8	220	128	0	35	254	39	258	1.25e-43	148
QHM29069.1	iHN637.CLJU_RS07895	32.5	206	123	3	1	191	1	205	4.23e-25	97.1
QHM29069.1	iLJ478.TM0139	34.3	204	120	7	1	192	1	202	5.42e-25	96.7
QHM29069.1	iNF517.LLMG_RS05270	32.6	190	122	4	4	191	3	188	2.42e-21	89.7
QHM29070.1	iAF987.Gmet_2482	58.1	394	165	0	2	395	1	394	4.80e-166	470
QHM29070.1	iNF517.LLMG_RS05280	59.0	390	159	1	1	389	1	390	9.37e-165	467
QHM29070.1	iHN637.CLJU_RS07900	58.4	389	162	0	9	397	3	391	8.82e-163	462
QHM29070.1	iYO844.BSU22640	58.8	386	158	1	1	386	1	385	1.51e-158	451
QHM29070.1	iCN718.ABAYE_RS03585	56.6	387	168	0	9	395	18	404	7.83e-156	445
QHM29070.1	iSynCJ816.SGL_RS16740	55.5	389	168	1	9	392	19	407	8.14e-154	440
QHM29070.1	iEK1008.Rv1612	59.1	386	158	0	14	399	25	410	2.33e-150	431
QHM29071.1	iAF987.Gmet_2477	40.5	247	145	1	12	256	17	263	8.90e-60	190
QHM29071.1	iHN637.CLJU_RS07905	40.2	241	143	1	9	249	14	253	6.34e-58	185
QHM29071.1	iSynCJ816.SGL_RS03395	39.4	246	146	2	13	255	18	263	1.11e-53	174
QHM29071.1	iJN1463.PP_0082	39.7	239	143	1	9	246	14	252	1.80e-53	174
QHM29071.1	iAF692.Mbar_A3623	42.3	227	126	3	9	234	16	238	1.21e-52	171
QHM29072.1	iCN900.CD630_36320	24.8	165	119	2	4	165	2	164	6.65e-14	65.9
QHM29073.1	iJN1463.PP_0072	30.6	324	215	6	2	316	3	325	1.33e-28	112
QHM29073.1	iJN1463.PP_3606	29.4	320	215	5	4	314	5	322	1.27e-26	106
QHM29076.1	iSynCJ816.SGL_RS17805	39.3	361	204	6	14	360	31	390	6.10e-75	237
QHM29077.1	iNF517.LLMG_RS04865	52.3	350	158	5	4	349	1	345	5.18e-114	334
QHM29079.1	iML1515.b0493	34.5	264	158	4	4	266	18	267	5.70e-40	139
QHM29081.1	iNF517.LLMG_RS02815	59.6	136	54	1	6	141	9	143	3.36e-51	159
QHM29082.1	iSynCJ816.SGL_RS09325	38.8	325	192	4	7	328	10	330	5.32e-71	223
QHM29082.1	iNF517.LLMG_RS08965	39.0	326	187	5	7	327	6	324	7.28e-70	220
QHM29082.1	iAF987.Gmet_1599	36.9	331	190	6	7	328	6	326	7.32e-64	204
QHM29083.1	iHN637.CLJU_RS06285	46.7	75	38	1	6	78	2	76	5.63e-16	65.5
QHM29083.1	iNF517.LLMG_RS08960	40.3	72	42	1	6	77	3	73	1.68e-14	61.6
QHM29083.1	iYS854.USA300HOU_RS06195	45.1	71	37	1	5	73	2	72	1.07e-13	59.7
QHM29084.1	iNF517.LLMG_RS08955	36.6	303	181	3	2	297	3	301	1.05e-52	174
QHM29085.1	iNF517.LLMG_RS08950	47.9	240	117	2	5	240	8	243	5.82e-67	206
QHM29085.1	iLJ478.TM1724	49.2	244	115	3	3	240	6	246	5.15e-66	204
QHM29085.1	iHN637.CLJU_RS17225	46.3	244	125	3	2	240	8	250	3.78e-64	199
QHM29085.1	iCN900.CD630_11820	45.5	242	128	3	3	240	7	248	2.71e-61	192
QHM29085.1	iHN637.CLJU_RS20765	43.8	240	129	3	6	240	10	248	5.26e-61	191
QHM29085.1	iSynCJ816.SGL_RS07245	47.3	245	117	4	3	240	7	246	5.80e-60	189
QHM29086.1	iNF517.LLMG_RS08945	52.7	408	190	2	1	407	1	406	2.74e-139	403
QHM29086.1	iHN637.CLJU_RS20760	50.2	410	201	1	1	407	1	410	5.65e-137	397
QHM29086.1	iYO844.BSU11340	50.0	408	201	1	3	407	4	411	2.65e-130	380
QHM29087.1	iNF517.LLMG_RS08940	39.0	146	80	2	12	148	9	154	1.68e-22	87.0
QHM29088.1	iHN637.CLJU_RS20750	36.6	134	85	0	2	135	14	147	2.24e-26	96.3
QHM29088.1	iYO844.BSU36370	38.8	134	82	0	2	135	6	139	4.85e-26	95.1
QHM29088.1	iYS854.USA300HOU_RS11335	36.3	135	86	0	2	136	9	143	2.83e-23	88.2
QHM29089.1	iNF517.LLMG_RS08930	52.2	448	213	1	1	447	1	448	2.02e-161	463
QHM29089.1	iHN637.CLJU_RS20745	52.5	446	211	1	1	446	1	445	8.79e-161	461
QHM29089.1	iAF987.Gmet_0984	51.6	448	215	2	1	448	1	446	6.35e-153	441
QHM29089.1	iYO844.BSU24340	49.1	444	224	2	1	443	1	443	3.85e-150	434
QHM29089.1	iSynCJ816.SGL_RS13980	50.6	443	218	1	2	444	3	444	5.84e-149	431
QHM29089.1	iPC815.YPO3658	51.2	445	213	4	1	444	1	442	2.79e-147	427
QHM29089.1	iAF692.Mbar_A1587	49.2	445	224	2	1	445	1	443	2.52e-143	419
QHM29090.1	iNF517.LLMG_RS08925	53.9	254	115	1	21	272	28	281	3.63e-89	266
QHM29090.1	iYS854.USA300HOU_RS09020	47.9	267	132	3	17	280	21	283	6.87e-81	245
QHM29091.1	iNF517.LLMG_RS08920	50.0	256	125	1	1	256	12	264	3.94e-79	239
QHM29092.1	iNF517.LLMG_RS02820	55.2	248	111	0	5	252	3	250	1.12e-96	283
QHM29093.1	iCN718.ABAYE_RS16215	34.9	106	60	7	38	137	51	153	5.13e-05	42.0
QHM29096.1	iAF987.Gmet_0769	26.5	98	72	0	21	118	15	112	1.29e-08	50.8
QHM29097.1	iSDY_1059.SDY_4431	35.7	244	146	7	83	318	84	324	5.01e-33	125
QHM29097.1	iML1515.b4161	35.7	244	146	7	83	318	97	337	1.71e-32	124
QHM29097.1	iSbBS512_1146.SbBS512_E4693	35.2	244	147	7	83	318	97	337	2.38e-32	123
QHM29097.1	iSSON_1240.SSON_4346	35.2	244	147	7	83	318	84	324	1.87e-32	123
QHM29097.1	STM_v1_0.STM4349	35.2	244	147	7	83	318	105	345	7.32e-32	122
QHM29097.1	iSF_1195.SF4320	35.2	244	147	7	83	318	108	348	7.71e-32	122
QHM29097.1	iJN1463.PP_4903	32.6	298	182	8	26	313	46	334	7.76e-32	122
QHM29097.1	iYL1228.KPN_04558	34.3	245	149	7	83	318	97	338	2.48e-31	120
QHM29097.1	iPC815.YPO0365	34.9	241	143	8	83	313	96	332	1.20e-30	119
QHM29099.1	iYO844.BSU03070	27.9	408	285	8	4	406	10	413	1.06e-34	137
QHM29102.1	iSDY_1059.SDY_1857	39.6	48	27	1	14	59	188	235	6.70e-04	35.4
QHM29102.1	iML1515.b1634	39.6	48	27	1	14	59	188	235	9.18e-04	35.0
QHM29102.1	iSbBS512_1146.SbBS512_E1824	39.6	48	27	1	14	59	188	235	9.18e-04	35.0
QHM29102.1	iSF_1195.SF1659	39.6	48	27	1	14	59	188	235	9.18e-04	35.0
QHM29102.1	iSSON_1240.SSON_1524	39.6	48	27	1	14	59	188	235	9.18e-04	35.0
QHM29103.1	iNF517.LLMG_RS10800	59.3	393	156	2	1	389	2	394	5.03e-166	470
QHM29105.1	iML1515.b1518	28.6	91	64	1	1	91	1	90	4.23e-05	38.5
QHM29111.1	iYS854.USA300HOU_RS10305	25.9	162	113	4	29	188	29	185	7.57e-10	58.5
QHM29119.1	iYO844.BSU23380	53.3	433	202	0	7	439	6	438	6.22e-166	473
QHM29120.1	iNF517.LLMG_RS01040	32.7	297	178	2	6	291	1	286	8.20e-45	154
QHM29121.1	iYO844.BSU31322	35.2	54	35	0	150	203	41	94	1.95e-07	50.8
QHM29124.1	iYS854.USA300HOU_RS14115	49.9	429	213	2	11	438	6	433	3.32e-149	431
QHM29125.1	iYS854.USA300HOU_RS14110	72.3	465	127	2	7	470	7	470	4.00e-238	660
QHM29126.1	iML1515.b3697	31.1	280	164	9	3	266	1	267	3.62e-23	95.1
QHM29127.1	iAM_Pc455.PCYB_061470	32.3	96	60	1	200	295	406	496	8.89e-07	50.8
QHM29127.1	iAM_Pv461.PVX_001880	31.7	101	65	1	200	300	449	545	2.18e-06	49.7
QHM29127.1	iAM_Pf480.PF3D7_1020400	32.3	93	58	2	200	292	498	585	2.09e-05	46.6
QHM29130.1	iNF517.LLMG_RS03850	53.8	742	329	5	1	738	4	735	1.46e-294	825
QHM29130.1	iYO844.BSU34570	52.0	742	345	5	2	738	4	739	5.50e-271	765
QHM29131.1	iLJ478.TM0282	30.5	338	215	10	14	334	18	352	1.38e-33	126
QHM29131.1	iYL1228.KPN_00770	30.1	332	213	9	22	337	19	347	1.17e-31	121
QHM29131.1	iCN718.ABAYE_RS14110	29.7	360	220	13	4	334	22	377	5.16e-29	114
QHM29132.1	iYS854.USA300HOU_RS12690	41.1	343	196	3	1	342	1	338	8.58e-86	262
QHM29132.1	iNF517.LLMG_RS02185	44.3	314	169	2	8	317	10	321	4.79e-82	253
QHM29133.1	iYS854.USA300HOU_RS03095	41.3	356	205	3	1	353	1	355	1.57e-92	280
QHM29134.1	iYS854.USA300HOU_RS03090	45.0	313	171	1	1	312	2	314	5.41e-89	269
QHM29135.1	iNF517.LLMG_RS02170	42.3	305	176	0	1	305	3	307	4.16e-78	240
QHM29138.1	iNF517.LLMG_RS10105	49.2	388	193	2	9	394	8	393	2.42e-126	369
QHM29138.1	iYO844.BSU22370	48.5	392	197	3	3	392	1	389	2.77e-125	367
QHM29139.1	iYS854.USA300HOU_RS07440	65.6	427	145	2	7	432	5	430	4.90e-216	600
QHM29139.1	iNF517.LLMG_RS10095	58.6	447	170	3	1	432	1	447	2.99e-195	548
QHM29142.1	iNF517.LLMG_RS01755	47.6	336	160	2	4	323	3	338	8.69e-98	294
QHM29142.1	iPC815.YPO1073	46.7	321	170	1	5	325	1	320	1.50e-92	280
QHM29142.1	STM_v1_0.STM0247	44.0	341	190	1	5	345	1	340	3.10e-89	271
QHM29142.1	iML1515.b0199	43.4	341	192	1	5	345	1	340	6.21e-89	270
QHM29142.1	iSbBS512_1146.SbBS512_E0193	43.4	341	192	1	5	345	1	340	6.21e-89	270
QHM29142.1	iSSON_1240.SSON_0213	43.4	341	192	1	5	345	1	340	6.21e-89	270
QHM29142.1	iSDY_1059.SDY_0218	43.1	341	193	1	5	345	1	340	1.24e-88	270
QHM29142.1	iSF_1195.SF0190	43.1	341	193	1	5	345	1	340	4.98e-88	268
QHM29142.1	iYO844.BSU32750	45.3	320	172	1	5	324	1	317	6.61e-88	268
QHM29142.1	iYL1228.KPN_00213	43.1	341	193	1	5	345	1	340	1.13e-86	265
QHM29143.1	iNF517.LLMG_RS01760	52.2	205	98	0	18	222	26	230	2.07e-57	181
QHM29143.1	iCN718.ABAYE_RS07235	46.3	205	110	0	14	218	25	229	2.44e-53	171
QHM29143.1	iYS854.USA300HOU_RS02330	43.6	211	119	0	13	223	9	219	3.89e-52	167
QHM29144.1	iCN718.ABAYE_RS07245	43.0	284	159	3	1	282	1	283	5.60e-74	228
QHM29144.1	iCN718.ABAYE_RS13205	45.1	255	138	2	30	283	36	289	1.91e-70	219
QHM29146.1	iJN1463.PP_5195	26.7	528	321	16	41	537	37	529	4.92e-20	93.2
QHM29146.1	iJN1463.PP_5136	26.9	424	266	12	96	510	122	510	9.68e-20	92.4
QHM29146.1	iJN1463.PP_4882	25.7	486	306	12	55	532	67	505	2.42e-17	84.7
QHM29147.1	iJN1463.PP_5135	25.6	262	179	7	31	280	17	274	1.81e-12	67.0
QHM29148.1	STM_v1_0.STM1226	48.6	245	118	4	4	246	18	256	1.58e-66	213
QHM29148.1	iSDY_1059.SDY_2026	48.6	245	118	4	4	246	18	256	1.58e-66	213
QHM29148.1	iML1515.b1126	48.6	245	118	4	4	246	18	256	4.44e-66	211
QHM29148.1	iSF_1195.SF1128	48.6	245	118	4	4	246	18	256	4.44e-66	211
QHM29148.1	iSbBS512_1146.SbBS512_E1304	48.6	245	118	4	4	246	18	256	6.27e-66	211
QHM29148.1	iSSON_1240.SSON_1144	48.6	245	118	4	4	246	18	256	6.27e-66	211
QHM29148.1	iAF987.Gmet_1903	44.9	247	124	3	2	242	1	241	1.49e-64	206
QHM29148.1	iYL1228.KPN_01132	47.3	245	121	4	4	246	18	256	1.08e-63	205
QHM29148.1	iCN900.CD630_35270	43.5	262	137	4	1	257	1	256	2.36e-63	203
QHM29148.1	iYS854.USA300HOU_RS05485	35.3	343	182	7	4	314	5	339	5.84e-63	203
QHM29148.1	iSynCJ816.SGL_RS10355	40.4	282	157	4	4	279	19	295	9.16e-63	202
QHM29148.1	iCN900.CD630_35300	43.1	262	138	4	1	257	1	256	4.70e-63	202
QHM29148.1	STM_v1_0.STM0878	44.0	241	127	3	4	242	20	254	3.58e-61	199
QHM29148.1	iPC815.YPO2846	35.4	347	172	6	4	312	5	337	6.58e-61	197
QHM29148.1	iJN1463.PP_1722	43.5	276	135	4	1	261	1	270	5.50e-61	197
QHM29148.1	iYL1228.KPN_00886	43.6	241	128	3	4	242	36	270	4.21e-60	196
QHM29148.1	iSynCJ816.SGL_RS17160	44.0	243	128	4	2	242	1	237	2.21e-60	196
QHM29148.1	iJN1463.PP_0411	43.3	245	130	3	4	245	15	253	1.02e-59	195
QHM29148.1	iEK1008.Rv2397c	41.8	244	134	3	18	260	20	256	1.56e-59	194
QHM29148.1	iSF_1195.SF0809	42.3	241	131	3	4	242	47	281	1.68e-58	192
QHM29148.1	iML1515.b0855	42.3	241	131	3	4	242	20	254	1.21e-58	192
QHM29148.1	iSDY_1059.SDY_0740	41.9	241	132	3	4	242	20	254	1.70e-58	192
QHM29148.1	iPC815.YPO1332	42.7	241	130	3	4	242	20	254	2.39e-58	191
QHM29149.1	iNF517.LLMG_RS02600	41.7	642	339	13	35	655	6	633	1.06e-139	426
QHM29158.1	iSbBS512_1146.SbBS512_E4050	32.5	114	76	1	5	118	8	120	9.17e-15	74.7
QHM29158.1	iSSON_1240.SSON_3782	32.5	114	76	1	5	118	8	120	9.17e-15	74.7
QHM29158.1	iYO844.BSU35550	38.2	110	67	1	5	113	8	117	4.66e-13	68.6
QHM29158.1	iYO844.BSU35690	31.9	94	59	2	6	94	3	96	2.38e-12	68.2
QHM29159.1	iSynCJ816.SGL_RS10890	24.4	356	201	9	2	352	9	301	1.78e-11	63.9
QHM29162.1	iJN1463.PP_4799	25.0	276	171	5	46	317	60	303	8.82e-18	82.0
QHM29164.1	iYO844.BSU35940	28.7	209	129	6	22	210	21	229	3.89e-16	76.3
QHM29164.1	iNF517.LLMG_RS12030	27.1	214	138	7	2	199	4	215	4.26e-16	74.3
QHM29164.1	iCN718.ABAYE_RS11225	24.2	211	135	7	1	194	3	205	7.17e-15	71.2
QHM29164.1	iPC815.YPO3392	29.9	201	123	6	11	193	18	218	7.17e-15	71.2
QHM29164.1	STM_v1_0.STM2862	27.9	226	139	6	13	218	16	237	1.09e-14	70.9
QHM29164.1	iSDY_1059.SDY_0504	29.1	203	113	8	1	184	1	191	1.69e-14	70.1
QHM29164.1	iAF692.Mbar_A2394	30.5	210	121	6	1	190	1	205	3.33e-14	69.7
QHM29164.1	iML1515.b0366	28.5	200	118	7	1	184	1	191	4.40e-14	68.9
QHM29164.1	iSSON_1240.SSON_0344	28.5	200	118	7	1	184	1	191	4.40e-14	68.9
QHM29167.1	iJN1463.PP_0612	25.9	371	232	14	1	350	1	349	1.37e-17	82.8
QHM29170.1	iYS854.USA300HOU_RS09195	60.5	552	217	1	1	551	4	555	2.04e-243	679
QHM29170.1	iNF517.LLMG_RS08030	61.2	552	211	1	3	551	4	555	1.36e-241	674
QHM29171.1	STM_v1_0.STM0047	34.5	148	81	6	2	139	12	153	7.84e-13	62.0
QHM29172.1	iNF517.LLMG_RS07670	60.0	285	111	3	18	300	14	297	2.23e-115	334
QHM29172.1	iYS854.USA300HOU_RS06015	56.5	301	127	3	9	305	5	305	6.89e-108	315
QHM29173.1	iCN900.CD630_25950	56.5	170	73	1	4	172	6	175	3.20e-64	194
QHM29173.1	iAF987.Gmet_1768	57.6	158	62	2	5	159	8	163	9.67e-59	181
QHM29174.1	iNF517.LLMG_RS04565	49.7	354	174	3	1	352	1	352	7.66e-121	352
QHM29174.1	iYO844.BSU15510	44.0	352	192	3	4	353	3	351	1.07e-109	324
QHM29175.1	iNF517.LLMG_RS05530	30.8	921	546	9	6	841	7	921	7.58e-142	446
QHM29175.1	iYS854.USA300HOU_RS06045	30.4	923	547	9	6	841	7	921	1.40e-139	440
QHM29175.1	iYO844.BSU15520	30.6	925	543	9	6	841	7	921	2.11e-137	435
QHM29176.1	STM_v1_0.STM4585	30.3	188	122	5	5	185	4	189	4.00e-17	75.9
QHM29176.1	iNF517.LLMG_RS07955	26.5	215	126	6	5	190	4	215	2.71e-16	73.9
QHM29176.1	iSDY_1059.SDY_4656	30.6	183	118	5	5	180	4	184	2.93e-15	70.9
QHM29176.1	iSF_1195.SF4427	30.6	183	118	5	5	180	4	184	7.86e-15	69.7
QHM29176.1	iSSON_1240.SSON_4545	30.6	183	118	5	5	180	4	184	7.86e-15	69.7
QHM29176.1	iSbBS512_1146.SbBS512_E4944	30.6	183	118	5	5	180	4	184	1.09e-14	69.3
QHM29183.1	iNF517.LLMG_RS10755	31.8	154	99	2	8	158	11	161	1.51e-16	72.4
QHM29184.1	iYO844.BSU02750	32.4	204	131	3	21	217	21	224	1.33e-29	112
QHM29184.1	iCN900.CD630_16140	32.2	199	129	2	21	213	40	238	5.42e-29	111
QHM29184.1	iEK1008.Rv2936	30.5	223	147	3	3	217	5	227	1.38e-26	106
QHM29184.1	iML1515.b0652	27.8	216	146	3	5	210	1	216	1.34e-25	101
QHM29184.1	iSSON_1240.SSON_0606	27.8	216	146	3	5	210	1	216	1.34e-25	101
QHM29184.1	iCN900.CD630_07520	27.4	219	149	3	5	213	1	219	1.83e-25	101
QHM29184.1	iSF_1195.SF0629	27.8	216	146	3	5	210	1	216	1.87e-25	101
QHM29188.1	iYS854.USA300HOU_RS04050	34.9	284	180	4	1	282	1	281	4.31e-54	177
QHM29189.1	iCN718.ABAYE_RS03670	30.3	122	79	2	18	139	19	134	3.29e-11	57.0
QHM29193.1	iCN900.CD630_13400	26.1	134	86	4	8	128	25	158	2.75e-06	47.4
QHM29200.1	iHN637.CLJU_RS04100	54.4	443	196	3	2	440	3	443	1.25e-164	471
QHM29203.1	iHN637.CLJU_RS10610	27.8	528	336	13	4	523	9	499	3.89e-42	157
QHM29205.1	iYS854.USA300HOU_RS01305	63.3	218	78	2	1	216	15	232	1.03e-90	266
QHM29205.1	iYS854.USA300HOU_RS01325	58.1	217	89	2	1	215	15	231	9.97e-84	248
QHM29206.1	iYS854.USA300HOU_RS01330	47.5	339	178	0	1	339	1	339	8.45e-114	333
QHM29207.1	iNF517.LLMG_RS08070	23.5	378	265	9	8	371	4	371	6.39e-29	115
QHM29208.1	iYS854.USA300HOU_RS01335	44.5	344	188	2	254	594	213	556	1.19e-94	301
QHM29211.1	iNF517.LLMG_RS08560	32.3	433	286	2	4	435	2	428	7.97e-75	240
QHM29217.1	iYO844.BSU21690	60.9	169	65	1	3	170	6	174	2.50e-72	215
QHM29217.1	iYS854.USA300HOU_RS07280	55.6	169	74	1	3	170	4	172	2.13e-66	200
QHM29218.1	iAF987.Gmet_0222	63.5	137	50	0	7	143	10	146	7.61e-61	189
QHM29218.1	iCN900.CD630_21660	59.4	138	56	0	7	144	182	319	6.23e-56	177
QHM29219.1	iYO844.BSU40550	56.0	307	135	0	1	307	1	307	4.46e-115	334
QHM29219.1	iNF517.LLMG_RS10000	55.8	310	133	3	3	308	4	313	1.32e-110	323
QHM29223.1	iYS854.USA300HOU_RS06885	46.0	200	100	3	1	193	1	199	9.71e-45	147
QHM29224.1	iCN900.CD630_34400	36.8	296	166	8	5	290	4	288	1.44e-56	183
QHM29228.1	iSynCJ816.SGL_RS13580	54.4	445	191	3	1	433	1	445	2.10e-158	455
QHM29233.1	iCN718.ABAYE_RS15345	23.8	315	188	12	49	353	43	315	3.74e-09	57.4
QHM29238.1	iYO844.BSU03070	27.6	417	289	6	8	417	13	423	6.70e-46	167
QHM29239.1	iAF987.Gmet_1188	41.8	55	32	0	412	466	12	66	3.52e-04	42.4
QHM29243.1	iYS854.USA300HOU_RS07285	31.6	275	187	1	1	275	1	274	9.71e-45	152
QHM29244.1	iYO844.BSU21810	46.5	159	78	3	1	157	1	154	7.26e-41	134
QHM29245.1	iYS854.USA300HOU_RS07295	61.2	312	120	1	5	316	8	318	6.71e-145	410
QHM29246.1	iYS854.USA300HOU_RS08305	28.9	228	139	6	319	526	10	234	3.21e-20	90.5
QHM29249.1	iNF517.LLMG_RS04795	54.8	261	109	2	2	261	6	258	4.05e-99	290
QHM29250.1	iYL1228.KPN_00856	37.0	270	158	5	1	265	1	263	5.30e-47	157
QHM29250.1	iML1515.b0844	38.5	275	147	9	1	265	1	263	7.48e-47	157
QHM29250.1	iSbBS512_1146.SbBS512_E2526	35.3	278	152	7	1	265	1	263	2.81e-43	147
QHM29250.1	iSSON_1240.SSON_0804	35.3	278	152	7	1	265	1	263	1.56e-42	145
QHM29250.1	iSF_1195.SF0772	35.3	278	152	7	1	265	1	263	3.08e-42	145
QHM29250.1	iML1515.b0822	35.3	278	152	7	1	265	1	263	4.34e-42	144
QHM29253.1	iAF692.Mbar_A1452	28.2	170	112	5	6	172	8	170	8.26e-09	57.4
QHM29253.1	iCN900.CD630_32740	26.2	187	117	5	6	189	4	172	4.37e-08	55.1
QHM29254.1	iHN637.CLJU_RS10465	42.8	341	187	5	25	362	301	636	5.92e-81	261
QHM29255.1	iYO844.BSU22890	53.7	218	101	0	6	223	5	222	5.57e-70	213
QHM29255.1	iNF517.LLMG_RS03780	52.4	208	97	1	6	213	4	209	1.21e-65	202
QHM29257.1	iYS854.USA300HOU_RS07595	34.8	474	289	10	6	476	2	458	7.69e-81	258
QHM29259.1	iYS854.USA300HOU_RS07610	34.1	179	110	4	8	184	6	178	4.46e-24	93.2
QHM29259.1	iHN637.CLJU_RS01315	34.9	195	108	5	1	181	1	190	2.62e-21	86.7
QHM29260.1	iNF517.LLMG_RS06045	52.4	231	110	0	4	234	2	232	6.45e-80	239
QHM29260.1	iYS854.USA300HOU_RS07985	51.1	229	112	0	3	231	6	234	1.28e-78	236
QHM29268.1	iYO844.BSU29180	55.9	587	256	3	1	586	1	585	4.65e-217	615
QHM29268.1	iYS854.USA300HOU_RS09005	51.8	587	280	3	1	586	1	585	4.29e-205	584
QHM29269.1	iYO844.BSU29190	57.2	318	136	0	1	318	1	318	5.11e-129	370
QHM29269.1	iNF517.LLMG_RS05680	62.9	302	111	1	1	301	1	302	2.81e-126	364
QHM29272.1	iCN900.CD630_20200	57.3	862	360	5	1	857	1	859	0.0	917
QHM29277.1	iEK1008.Rv2937	31.4	118	78	1	52	169	82	196	1.25e-07	51.2
QHM29278.1	iEK1008.Rv2936	41.3	320	169	6	2	309	3	315	2.65e-73	228
QHM29280.1	iSynCJ816.SGL_RS15890	43.4	831	395	16	1	780	11	817	3.49e-210	614
QHM29280.1	iAF692.Mbar_A2223	42.3	826	407	16	1	780	1	802	2.08e-193	571
QHM29280.1	iAF692.Mbar_A3094	41.6	834	400	16	1	780	1	801	1.14e-192	568
QHM29280.1	iIT341.HP0121	40.3	817	427	12	9	780	4	804	1.88e-190	563
QHM29280.1	iJN1463.PP_2082	41.4	798	409	13	9	769	5	780	1.56e-189	560
QHM29280.1	iCN718.ABAYE_RS07365	42.0	803	401	14	7	769	3	780	3.20e-189	559
QHM29280.1	STM_v1_0.STM1349	41.8	807	409	12	9	778	10	792	1.27e-188	558
QHM29280.1	iSF_1195.SF1528	41.6	807	410	12	9	778	10	792	1.80e-188	557
QHM29280.1	iSbBS512_1146.SbBS512_E1905	41.8	807	409	12	9	778	10	792	2.54e-188	557
QHM29280.1	iML1515.b1702	41.6	807	410	12	9	778	10	792	5.07e-188	556
QHM29280.1	iAF987.Gmet_0770	42.2	815	407	15	9	780	4	797	6.49e-188	556
QHM29280.1	iSSON_1240.SSON_1457	41.6	807	410	12	9	778	10	792	1.43e-187	555
QHM29280.1	iSDY_1059.SDY_1794	41.6	807	410	12	9	778	10	792	2.02e-187	555
QHM29285.1	iEK1008.Rv3777	24.1	324	203	11	20	317	20	326	4.95e-15	74.3
QHM29285.1	iEK1008.Rv1912c	29.4	238	150	9	1	232	1	226	4.30e-14	71.6
QHM29286.1	iAF987.Gmet_3497	32.7	633	402	7	3	612	34	665	3.17e-90	296
QHM29286.1	iAF692.Mbar_A2778	30.6	630	415	6	5	612	31	660	1.04e-79	268
QHM29287.1	iHN637.CLJU_RS19255	56.5	407	174	3	9	413	10	415	3.67e-155	445
QHM29287.1	iLJ478.TM0877	57.2	407	171	3	9	413	6	411	3.55e-154	442
QHM29287.1	iEK1008.Rv1023	55.9	417	180	4	5	420	3	416	2.18e-153	441
QHM29287.1	iCN900.CD630_31700	54.2	413	184	4	5	413	3	414	1.28e-147	426
QHM29287.1	iAF987.Gmet_2372	54.4	412	184	4	6	414	4	414	1.01e-146	424
QHM29287.1	iYO844.BSU33900	55.4	408	177	4	9	412	7	413	5.95e-146	422
QHM29288.1	iYO844.BSU03070	26.5	283	194	4	50	325	51	326	1.41e-20	94.0
QHM29290.1	iYS854.USA300HOU_RS10880	36.2	409	230	6	1	381	1	406	5.64e-81	253
QHM29291.1	iNF517.LLMG_RS08890	40.5	538	316	3	3	540	2	535	6.52e-129	387
QHM29293.1	iAF987.Gmet_0988	32.0	100	62	3	78	176	33	127	3.64e-05	42.0
QHM29293.1	iCN718.ABAYE_RS13345	29.8	104	61	4	79	178	134	229	1.34e-04	41.2
QHM29293.1	iSynCJ816.SGL_RS05525	28.0	125	79	4	79	198	29	147	2.30e-04	39.7
QHM29298.1	iJN1463.PP_0416	29.7	219	127	8	3	201	14	225	5.95e-17	77.0
QHM29299.1	iCN900.CD630_08720	42.3	196	102	2	2	197	1	185	2.04e-38	130
QHM29300.1	iYS854.USA300HOU_RS01685	24.2	240	162	5	10	237	14	245	3.85e-10	58.2
QHM29305.1	iEK1008.Rv1912c	37.7	239	134	5	1	234	1	229	1.04e-33	125
QHM29307.1	iNF517.LLMG_RS02085	31.3	441	297	5	1	436	1	440	1.09e-80	256
QHM29308.1	iAF987.Gmet_1919	25.6	125	89	2	3	126	4	125	9.69e-04	38.9
QHM29311.1	iEK1008.Rv2936	27.9	323	187	8	1	290	6	315	6.65e-30	115
QHM29311.1	iYO844.BSU03820	33.0	218	135	5	4	210	1	218	1.95e-29	112
QHM29311.1	iYO844.BSU02750	29.9	211	140	4	22	224	23	233	2.38e-29	111
QHM29311.1	iYS854.USA300HOU_RS08305	33.7	208	123	5	1	196	7	211	1.85e-26	104
QHM29317.1	iYO844.BSU02750	29.1	141	95	2	40	175	89	229	1.90e-15	73.2
QHM29317.1	iCHOv1.100761226	27.9	165	113	3	2	160	1959	2123	2.15e-13	69.3
QHM29317.1	iMM1415.11303	27.9	165	113	3	2	160	1934	2098	3.90e-13	68.6
QHM29317.1	iJN1463.PP_1068	26.0	208	137	4	1	198	56	256	9.79e-14	68.6
QHM29317.1	iYL1228.KPN_00678	25.8	182	125	3	1	172	44	225	1.12e-13	68.2
QHM29317.1	iYO844.BSU08830	28.9	180	118	5	1	175	49	223	2.49e-13	67.4
QHM29317.1	iML1515.b0652	26.5	147	102	1	30	170	77	223	2.11e-13	67.4
QHM29317.1	iSSON_1240.SSON_0606	26.5	147	102	1	30	170	77	223	2.11e-13	67.4
QHM29317.1	iSF_1195.SF0629	26.5	147	102	1	30	170	77	223	2.90e-13	67.0
QHM29321.1	iYO844.BSU30450	28.4	289	207	0	3	291	2	290	3.70e-45	154
QHM29325.1	iNF517.LLMG_RS07450	50.0	686	317	7	5	687	4	666	2.60e-218	625
QHM29326.1	iNF517.LLMG_RS07455	74.9	291	73	0	2	292	3	293	1.68e-166	464
QHM29326.1	iCN900.CD630_24330	66.3	288	97	0	5	292	1	288	2.19e-149	420
QHM29328.1	iHN637.CLJU_RS10635	25.3	158	111	4	13	170	5	155	9.75e-07	49.7
QHM29328.1	iPC815.YPO0132	20.8	293	197	9	12	281	6	286	2.49e-06	48.5
QHM29328.1	iML1515.b4173	25.4	169	112	5	12	173	200	361	1.11e-05	46.2
QHM29328.1	iYL1228.KPN_03779	25.1	171	102	7	12	169	6	163	2.42e-05	45.4
QHM29329.1	iNF517.LLMG_RS07495	43.7	119	67	0	14	132	31	149	5.89e-24	90.1
QHM29335.1	iNF517.LLMG_RS08950	27.7	249	163	7	1	238	1	243	8.58e-13	65.5
QHM29337.1	iYO844.BSU35760	30.2	288	181	7	94	374	101	375	5.87e-35	132
QHM29339.1	iYO844.BSU21690	59.8	169	67	1	2	169	6	174	2.14e-72	215
QHM29340.1	iYS854.USA300HOU_RS08675	58.4	587	240	3	2	587	3	586	1.83e-252	705
QHM29340.1	iNF517.LLMG_RS11115	58.3	595	234	6	1	589	1	587	1.10e-239	673
QHM29341.1	iNF517.LLMG_RS11125	52.1	426	201	2	1	426	1	423	2.16e-155	446
QHM29341.1	iYS854.USA300HOU_RS08680	48.5	408	209	1	6	413	5	411	5.35e-141	409
QHM29342.1	iYS854.USA300HOU_RS08685	33.5	281	171	9	9	280	17	290	1.69e-36	131
QHM29344.1	iJN1463.PP_1764	29.3	184	114	7	1	174	3	180	8.68e-08	50.4
QHM29344.1	iPC815.YPO0156	26.2	183	124	3	1	174	7	187	9.27e-08	50.4
QHM29344.1	iYS854.USA300HOU_RS03000	23.5	179	127	5	4	175	6	181	3.28e-06	45.8
QHM29346.1	iYO844.BSU27600	55.3	756	313	6	1	754	1	733	5.81e-304	848
QHM29346.1	iNF517.LLMG_RS00605	52.3	754	341	5	1	752	1	737	3.20e-280	788
QHM29346.1	iYS854.USA300HOU_RS08695	52.4	746	329	5	7	752	7	726	9.39e-272	766
QHM29353.1	iEK1008.Rv0684	23.2	691	293	23	13	485	13	683	1.85e-21	98.6
QHM29353.1	iSynCJ816.SGL_RS17200	25.3	494	231	15	14	386	9	485	4.26e-21	97.4
QHM29353.1	iSynCJ816.SGL_RS10930	24.1	489	236	14	11	381	8	479	4.98e-19	90.9
QHM29354.1	iNF517.LLMG_RS06175	35.0	420	259	4	6	415	4	419	4.20e-83	261
QHM29355.1	iYS854.USA300HOU_RS04630	52.1	71	33	1	8	77	7	77	2.61e-18	71.2
QHM29355.1	iYO844.BSU38520	44.7	76	41	1	3	77	2	77	1.50e-17	69.3
QHM29356.1	iNF517.LLMG_RS06165	50.5	394	189	4	5	396	2	391	1.50e-126	370
QHM29356.1	iYO844.BSU38510	48.6	399	181	8	6	393	3	388	5.42e-116	343
QHM29356.1	iYS854.USA300HOU_RS04625	47.7	409	183	7	6	393	3	401	8.26e-115	340
QHM29357.1	iYO844.BSU38500	44.0	502	277	4	5	505	3	501	1.15e-137	406
QHM29357.1	iNF517.LLMG_RS06160	41.4	505	278	5	5	504	3	494	2.08e-134	398
QHM29359.1	iYS854.USA300HOU_RS05260	26.4	296	189	6	72	354	77	356	6.53e-18	84.3
QHM29361.1	STM_v1_0.STM0659	34.2	489	297	10	7	486	8	480	1.56e-78	259
QHM29361.1	iSSON_1240.SSON_0604	34.4	471	266	11	7	459	8	453	4.46e-75	249
QHM29361.1	iML1515.b0650	34.2	471	267	11	7	459	8	453	6.23e-75	249
QHM29361.1	iSbBS512_1146.SbBS512_E0599	34.2	471	267	11	7	459	8	453	6.23e-75	249
QHM29364.1	iYS854.USA300HOU_RS14095	38.2	233	144	0	3	235	2	234	1.42e-56	179
QHM29364.1	iYS854.USA300HOU_RS11960	38.6	233	143	0	3	235	2	234	5.87e-53	170
QHM29364.1	iNF517.LLMG_RS06465	36.6	235	147	2	2	235	3	236	1.27e-49	162
QHM29365.1	iNF517.LLMG_RS07215	40.3	290	166	3	20	309	16	298	5.75e-70	219
QHM29365.1	iYO844.BSU16670	38.0	313	189	3	1	310	1	311	1.04e-68	217
QHM29365.1	iYS854.USA300HOU_RS06410	38.0	321	187	6	1	315	1	315	5.67e-67	213
QHM29366.1	iNF517.LLMG_RS07220	45.5	257	140	0	2	258	5	261	1.17e-75	234
QHM29366.1	iYS854.USA300HOU_RS06405	41.7	309	170	6	1	304	1	304	1.59e-72	225
QHM29367.1	iAF987.Gmet_0977	37.7	162	99	2	4	164	16	176	5.01e-23	89.7
QHM29367.1	iEK1008.Rv2539c	36.6	161	98	3	2	160	4	162	1.10e-20	83.6
QHM29367.1	iJN1463.PP_5079	36.5	167	103	3	4	168	5	170	1.41e-20	83.2
QHM29367.1	iSynCJ816.SGL_RS03075	43.0	142	71	4	5	141	17	153	4.06e-20	82.4
QHM29368.1	iYO844.BSU22610	42.8	360	204	2	3	360	7	366	8.22e-88	269
QHM29368.1	iYS854.USA300HOU_RS06950	41.5	357	208	1	1	356	1	357	8.31e-80	248
QHM29369.1	iYO844.BSU22600	44.9	421	226	4	13	430	9	426	6.70e-122	360
QHM29369.1	iNF517.LLMG_RS09640	47.6	431	216	8	4	429	2	427	3.38e-117	348
QHM29371.1	iYS854.USA300HOU_RS07500	51.2	385	184	2	2	384	1	383	1.45e-133	387
QHM29371.1	iNF517.LLMG_RS09680	49.7	388	195	0	2	389	1	388	2.19e-130	379
QHM29371.1	iYO844.BSU22710	50.3	390	192	1	2	389	1	390	1.76e-127	372
QHM29371.1	iAF987.Gmet_0976	50.4	397	185	4	1	389	1	393	9.53e-123	360
QHM29372.1	iHN637.CLJU_RS08975	25.2	163	107	5	20	175	30	184	1.73e-07	53.1
QHM29372.1	iNF517.LLMG_RS12465	38.6	83	51	0	389	471	4	86	9.00e-09	52.4
QHM29374.1	iML1515.b3590	30.5	220	124	8	359	563	2	207	1.84e-14	77.0
QHM29374.1	iSynCJ816.SGL_RS10925	30.5	243	143	7	360	576	15	257	6.17e-13	71.2
QHM29380.1	iYS854.USA300HOU_RS06365	57.2	552	234	2	1	552	1	550	7.26e-237	664
QHM29380.1	iNF517.LLMG_RS12095	52.7	617	240	4	1	566	1	616	4.71e-235	661
QHM29382.1	iYO844.BSU16540	45.8	260	136	3	1	256	4	262	1.35e-66	207
QHM29382.1	iYS854.USA300HOU_RS06355	42.6	263	137	6	1	257	1	255	5.45e-61	192
QHM29382.1	iNF517.LLMG_RS12105	45.8	275	127	8	1	261	1	267	5.37e-60	190
QHM29383.1	iYO844.BSU16530	56.7	233	98	1	23	255	31	260	3.32e-95	280
QHM29383.1	iYS854.USA300HOU_RS06350	54.0	252	113	1	6	257	7	255	4.12e-95	279
QHM29385.1	iNF517.LLMG_RS11470	72.6	237	65	0	1	237	1	237	3.12e-121	344
QHM29385.1	iYO844.BSU16510	68.3	240	76	0	1	240	1	240	1.36e-120	342
QHM29385.1	iYS854.USA300HOU_RS06340	66.5	233	78	0	5	237	6	238	1.05e-110	317
QHM29388.1	iYL1228.KPN_04830	34.3	143	85	6	92	230	85	222	3.68e-13	66.2
QHM29388.1	iSF_1195.SF4405	28.1	228	151	7	5	230	6	222	1.32e-12	64.7
QHM29388.1	iML1515.b4374	27.2	228	153	7	5	230	6	222	1.81e-12	64.3
QHM29388.1	iSDY_1059.SDY_4633	27.9	233	145	8	5	230	6	222	1.81e-12	64.3
QHM29388.1	iSSON_1240.SSON_4524	28.1	228	151	7	5	230	6	222	1.81e-12	64.3
QHM29388.1	iSbBS512_1146.SbBS512_E4917	28.1	228	151	7	5	230	6	222	1.21e-11	62.0
QHM29389.1	iCN900.CD630_03940	45.5	332	177	3	1	329	1	331	1.20e-93	281
QHM29392.1	iNF517.LLMG_RS00635	46.8	201	105	2	2	201	11	210	7.83e-58	181
QHM29397.1	iNF517.LLMG_RS04740	50.5	374	171	5	1	368	1	366	1.12e-116	344
QHM29397.1	iYS854.USA300HOU_RS13820	46.5	385	204	2	1	384	1	384	3.20e-109	325
QHM29400.1	iAF987.Gmet_0885	28.7	307	211	4	4	310	6	304	4.63e-45	155
QHM29402.1	iYS854.USA300HOU_RS05255	31.7	230	148	4	38	261	40	266	4.06e-24	102
QHM29403.1	iSynCJ816.SGL_RS05565	42.2	232	128	3	7	238	3	228	6.29e-59	187
QHM29403.1	iYO844.BSU08830	42.7	227	119	4	14	238	10	227	4.65e-53	172
QHM29404.1	iSynCJ816.SGL_RS06590	25.0	184	127	3	379	561	83	256	6.61e-08	53.9
QHM29405.1	iML1515.b0089	25.8	291	180	8	110	389	134	399	8.38e-21	93.2
QHM29405.1	iJN1463.PP_1336	27.1	332	208	9	68	391	75	380	1.72e-18	86.3
QHM29416.1	iML1515.b1655	49.4	79	31	4	1212	1281	156	234	1.13e-09	60.8
